,inputs,outputs,nb_plays-0-units-0-__activation__-elu-__nb_plays__-50-__units__-50-ensemble-1=predictions,nb_plays-0-units-0-__activation__-elu-__nb_plays__-50-__units__-50-ensemble-10=predictions,nb_plays-0-units-0-__activation__-elu-__nb_plays__-50-__units__-50-ensemble-3=predictions,nb_plays-0-units-0-__activation__-elu-__nb_plays__-50-__units__-50-ensemble-10=predictions,nb_plays-0-units-0-__activation__-elu-__nb_plays__-50-__units__-50-ensemble-10=predictions,nb_plays-0-units-0-__activation__-elu-__nb_plays__-50-__units__-50-ensemble-10=predictions,nb_plays-0-units-0-__activation__-elu-__nb_plays__-50-__units__-50-ensemble-10=predictions,nb_plays-0-units-0-__activation__-elu-__nb_plays__-50-__units__-50-ensemble-10=predictions,nb_plays-0-units-0-__activation__-elu-__nb_plays__-50-__units__-50-ensemble-9=predictions,nb_plays-0-units-0-__activation__-elu-__nb_plays__-50-__units__-50-ensemble-10=predictions,nb_plays-0-units-0-__activation__-elu-__nb_plays__-50-__units__-50-ensemble-11=predictions,nb_plays-0-units-0-__activation__-elu-__nb_plays__-50-__units__-50-ensemble-12=predictions,nb_plays-0-units-0-__activation__-elu-__nb_plays__-50-__units__-50-ensemble-13=predictions,nb_plays-0-units-0-__activation__-elu-__nb_plays__-50-__units__-50-ensemble-14=predictions,nb_plays-0-units-0-__activation__-elu-__nb_plays__-50-__units__-50-ensemble-15=predictions,nb_plays-0-units-0-__activation__-elu-__nb_plays__-50-__units__-50-ensemble-16=predictions,nb_plays-0-units-0-__activation__-elu-__nb_plays__-50-__units__-50-ensemble-17=predictions,nb_plays-0-units-0-__activation__-elu-__nb_plays__-50-__units__-50-ensemble-18=predictions,nb_plays-0-units-0-__activation__-elu-__nb_plays__-50-__units__-50-ensemble-19=predictions,nb_plays-0-units-0-__activation__-elu-__nb_plays__-50-__units__-50-ensemble-20=predictions
1300,-0.012,132,47.549,45.258,46.436,48.321,45.358,46.042,47.41,45.65,45.518,47.377,-38.855,47.243,-48.427,47.705,-46.152,-50.05,-46.85,-46.557,-49.532,-41.619
1301,-0.015,142,58.871,57.592,58.841,60.092,56.971,57.311,58.776,55.776,57.083,61.204,-51.687,58.825,-59.898,59.263,-57.634,-60.035,-59.244,-58.514,-61.6,-52.094
1302,-0.003,117,34.547,31.375,34.859,36.835,35.249,33.243,38.18,32.511,30.468,43.395,-41.624,35.875,-35.883,33.627,-34.911,-38.821,-38.199,-33.201,-40.633,-23.521
1303,-0.007,126,37.664,35.239,37.961,39.767,37.211,36.445,39.862,36.316,33.046,42.697,-36.542,38.646,-38.322,36.795,-37.367,-41.285,-40.485,-36.903,-42.137,-26.394
1304,-0.009,129,41.641,40.176,42.458,43.68,40.418,40.324,43.243,40.606,37.835,43.636,-30.347,42.646,-43.235,41.148,-41.406,-44.474,-42.122,-41.799,-45.66,-32.562
1305,0.001,90,10.63,9.694,12.559,11.771,9.683,8.714,11.639,7.021,7.726,13.521,-6.651,10.004,-11.593,9.039,-9.596,-10.781,-11.973,-10.342,-16.932,-4.222
1306,-0.001,96,10.63,9.694,12.559,11.771,9.683,8.714,11.639,7.021,7.726,13.521,-6.651,10.004,-11.593,9.039,-9.596,-10.781,-11.973,-10.342,-16.932,-4.222
1307,0.002,69,3.863,4.091,6.244,4.529,2.69,2.364,3.745,0.375,1.756,5.454,0.915,2.899,-4.602,2.632,-2.978,-3.19,-4.818,-4.093,-10.463,0.764
1308,0.004,63,-10.226,-7.4,-6.913,-10.184,-11.501,-10.354,-11.857,-12.876,-10.211,-10.625,15.28,-11.311,9.615,-10.413,10.21,12.325,10.572,8.94,2.713,10.746
1309,-0.002,89,3.647,6.218,6.966,5.723,4.585,4.174,5.475,2.058,3.46,2.802,-2.068,4.753,-5.072,4.942,-4.107,-4.045,-4.425,-6.755,-3.66,-1.339
1310,-0.005,105,21.975,21.752,23.004,23.693,23.522,21.525,24.196,18.905,20.033,21.03,-19.898,22.697,-22.278,22.187,-20.62,-23.146,-23.871,-23.591,-17.12,-14.805
1311,-0.01,122,41.854,41.749,41.624,42.746,42.182,41.867,42.446,39.399,40.298,40.091,-30.765,41.76,-42.038,42.214,-40.22,-43.946,-41.391,-42.813,-43.332,-34.411
1312,-0.011,123,45.194,44.877,44.594,46.028,45.15,44.983,45.505,42.702,43.701,43.434,-34.779,45.189,-45.333,45.593,-43.682,-47.162,-44.182,-45.812,-47.031,-38.043
1313,-0.004,111,36.739,35.248,35.927,38.444,38.999,36.907,39.837,34.749,34.236,44.061,-47.61,37.217,-36.974,36.812,-35.765,-42.093,-41.082,-36.226,-40.347,-26.388
1314,0.002,73,3.261,3.693,4.511,3.651,2.69,2.256,3.233,0.232,1.756,5.135,0.853,2.899,-3.435,2.389,-2.978,-3.19,-3.074,-3.46,-9.67,0.821
1315,-0.002,89,7.273,8.073,8.86,8.385,7.54,6.875,8.467,5.04,5.894,7.06,-4.579,8.056,-7.407,7.581,-7.38,-7.688,-7.687,-8.344,-11.534,-2.865
1316,0.005,49,-17.078,-13.255,-13.438,-16.588,-18.294,-16.484,-18.503,-19.393,-16.083,-18.093,22,-18.239,16.616,-16.697,16.491,19.793,17.783,15.302,9.347,15.686
1317,0.003,53,-17.078,-13.255,-13.438,-16.588,-18.294,-16.484,-18.503,-19.393,-16.083,-18.093,22,-18.239,16.616,-16.697,16.491,19.793,17.783,15.302,9.347,15.686
1318,0.014,20,-58.124,-54.171,-56.012,-55.741,-58.401,-58.196,-57.424,-58.364,-56.363,-56.243,52.411,-56.765,57.848,-54.783,55.895,52.59,57.445,53.82,56.422,50.483
1319,0.017,9,-67.399,-65.127,-66.741,-66.432,-69.225,-67.937,-67.328,-67.287,-65.179,-67.092,61.229,-67.37,67.131,-64.042,65.744,63.866,68.052,64.844,67.55,61.889
1320,0.009,20,-63.902,-55.389,-58.528,-59.861,-64.123,-63.723,-61.411,-59.626,-59.465,-64.195,65.148,-61.679,62.841,-59.284,59.432,59.335,62.062,56.849,60.488,49.39
1321,0.02,-1,-77.024,-76.237,-77.212,-77.315,-79.375,-77.726,-77.911,-76.828,-74.36,-77.649,70.944,-78.151,76.809,-73.783,75.63,76.024,78.652,74.834,78.319,74.054
1322,0.023,-10,-86.433,-85.883,-86.442,-87.612,-89.006,-87.266,-87.465,-86.027,-83.056,-86.658,80.935,-88.005,85.798,-83.058,84.812,86.517,88.561,83.952,88.47,84.173
1323,0.027,-14,-97.669,-96.384,-97.298,-98.633,-100.784,-96.952,-99.307,-95.633,-93.759,-96.415,94.085,-98.98,94.353,-94.337,95.274,97.471,99.132,94.938,99.86,92.411
1324,0.05,-49,-144.907,-137.712,-140.128,-144.854,-148.679,-136.219,-143.253,-135.816,-137.676,-139.384,139.122,-143.904,135.432,-140.482,139.947,140.913,142.706,136.968,144.369,133.21
1325,0.051,-56,-146.545,-139.147,-141.543,-146.485,-150.246,-137.521,-144.69,-137.168,-139.175,-140.902,140.594,-145.391,136.657,-142.051,141.435,141.495,144.141,138.37,145.903,134.782
1326,0.056,-70,-154.652,-146.33,-148.758,-154.621,-157.921,-144,-152.152,-144.083,-146.521,-148.688,147.809,-152.876,143.042,-149.648,148.789,144.784,151.373,147.115,153.682,142.485
1327,0.074,-82,-176.859,-168.436,-170.626,-176.882,-177.359,-167.713,-174.184,-169.2,-167.048,-173.113,165.762,-174.813,166.282,-172.154,182.841,165.585,176.492,176.359,178.749,178.291
1328,0.08,-101,-183.571,-175.329,-177.218,-183.327,-183.451,-175.918,-181.657,-177.283,-173.84,-181.073,171.238,-181.063,173.962,-178.682,191.983,175.935,184.047,187.505,184.351,183.28
1329,0.048,-86,-177.595,-164.167,-164.155,-181.7,-180.467,-169.639,-176.735,-165.979,-164.357,-182.471,169.933,-176.803,167.757,-169.266,187.664,198.115,181.206,175.157,171.917,165.625
1330,0.071,-91,-179.682,-169.016,-170.696,-181.329,-179.434,-169.474,-177.443,-172.797,-169.896,-178.643,167.321,-177.524,170.344,-173.712,189.904,179.17,180.345,183.362,179.345,178.813
1331,0.08,-101,-183.571,-175.329,-177.218,-183.327,-183.451,-175.918,-181.657,-177.283,-173.84,-181.073,171.238,-181.063,173.962,-178.682,191.983,175.935,184.047,187.505,184.351,183.28
1332,0.05,-94,-179.25,-165.884,-165.828,-183.558,-182.103,-171.846,-178.21,-167.381,-165.627,-184.485,171.95,-178.618,169.572,-170.982,189.364,198.641,183.078,176.382,173.077,164.444
1333,0.092,-110,-196.878,-192.321,-190.391,-197.396,-198.527,-194.129,-196.998,-195.171,-189.607,-198.702,187.455,-197.764,192.104,-191.981,211.337,199.451,200.435,212.967,194.942,200.074
1334,0.1,-130,-205.412,-203.531,-199.068,-206.506,-208.245,-206.174,-206.988,-206.851,-200.029,-209.177,198.16,-208.49,204.024,-200.687,224.122,214.323,211.175,228.602,201.7,211.672
1335,0.026,-106,-152.788,-146.947,-139.627,-158.697,-159.428,-152.908,-158.409,-153.037,-145.275,-167.918,152.586,-162.836,156.391,-143.711,177.848,202.369,167.833,180.668,149.543,187.702
1336,0.036,-110,-153.899,-150.73,-142.931,-158.911,-159.793,-153.135,-160.199,-156.662,-148.402,-161.63,145.8,-164.485,156.603,-145.91,179.998,198.725,167.997,185.345,151.741,191.431
1337,0.04,-114,-156.812,-152.96,-144.652,-160.766,-163.074,-155.858,-162.86,-159.69,-151.915,-165.259,150.745,-167.549,159.48,-148.735,183.462,201.381,170.271,187.581,154.231,195.204
1338,0.043,-118,-159.096,-154.315,-146.61,-163.449,-165.038,-157.769,-165.324,-162.539,-154.333,-168.813,154.56,-170.407,162.771,-150.812,186.415,203.964,172.274,189.214,156.759,198.138
1339,0.056,-141,-172.575,-167.203,-161.409,-178.185,-178.619,-169.623,-177.792,-173.962,-165.56,-181.895,168.438,-183.143,176.666,-162.719,198.824,202.855,185.9,201.26,169.457,209.669
1340,0.033,-120,-164.319,-158.146,-151.348,-170.919,-172.709,-164.15,-170.925,-162.705,-156.156,-178.784,163.762,-174.897,167.959,-154.287,189.451,210.658,179.888,190.308,159.567,195.354
1341,0.008,-56,-97.542,-90.028,-82.984,-98.454,-99.741,-99.796,-100.631,-101.253,-92.234,-106.558,94.073,-105.279,105.665,-89.025,123.073,141.185,109.003,128.361,92.268,131.98
1342,0.018,-69,-104.827,-104.55,-95.441,-109.508,-109.521,-108.671,-110.735,-112.995,-102.634,-114.16,95.149,-115.506,114.154,-97.686,133.119,150.943,119.618,140.479,102.487,150.462
1343,0.01,-59,-101.364,-94.899,-87.299,-103.143,-104.953,-104.505,-104.83,-105.509,-97.014,-111.297,99.628,-109.864,109.882,-92.959,126.929,146.392,113.672,132.117,95.586,138.069
1344,0.002,-36,-60.81,-58.239,-49.847,-66.543,-65.962,-62.465,-67.83,-68.949,-56.109,-75.355,61.615,-72.187,70.847,-53.66,89.383,110.42,76.836,96.419,62.019,102.892
1345,0.008,-52,-71.501,-69.887,-61.301,-77.108,-75.319,-74.873,-78.441,-80.88,-68.511,-82.197,65.698,-83.837,81.852,-66.244,100.513,115.608,86.811,108.264,67.873,113.704
1346,0.019,-82,-100.29,-99.722,-89.952,-104.797,-104.629,-106.082,-107.051,-110.71,-99.007,-112.667,95.01,-112.375,111.298,-93.532,130.116,146.826,114.797,134.759,97.871,148.787
1347,0.022,-93,-108.051,-107.28,-98.475,-113.424,-111.326,-113.528,-114.712,-118.46,-105.323,-121.463,103.876,-120.463,120.083,-100.437,137.358,155.326,124.526,141.504,106.018,157.984
1348,0.027,-111,-119.003,-118.382,-111.051,-124.881,-123.857,-123.604,-126.804,-128.627,-115.692,-131.028,117.72,-131.211,130.178,-111.429,147.612,164.174,136.725,152.626,117.971,163.962
1349,0.028,-115,-121.108,-120.71,-113.439,-126.998,-126.416,-125.793,-129.302,-130.513,-117.819,-132.967,120.187,-133.511,132.072,-113.59,149.547,165.975,139.048,154.688,120.122,165.108
1350,0.037,-138,-139.184,-137.513,-131.106,-145.161,-145.724,-143.381,-147.302,-145.384,-133.853,-149.658,137.82,-152.528,148.548,-131.219,167.028,182.183,156.689,172.766,137.484,178.847
1351,0.043,-150,-149.56,-147.719,-140.607,-155.891,-156.581,-152.147,-157.743,-154.658,-143.92,-159.343,147.785,-163.252,158.662,-141.395,177.502,193.55,166.702,182.801,147.877,189.136
1352,0.017,-108,-123.887,-122.464,-113.747,-130.109,-130.895,-128.874,-130.41,-127.581,-117.604,-137.553,123.259,-136.373,133.25,-115.506,151.22,173.721,139.469,158.197,122.519,164.267
1353,0.037,-136,-142.456,-139.837,-132.025,-148.159,-147.707,-146.129,-150.442,-147.955,-136.914,-152.69,140.106,-155.957,149.613,-134.709,170.291,187.971,158.16,175.99,140.541,183.091
1354,0.038,-139,-143.764,-141.054,-133.352,-149.527,-149.109,-146.838,-151.534,-149.165,-137.799,-154,141.502,-157.075,151.232,-135.66,171.419,188.851,159.757,177.073,141.648,184.137
1355,0.019,-115,-128.777,-126.893,-118.997,-136.105,-135.306,-133.773,-135.272,-132.609,-121.625,-143.9,128.963,-141.177,139.125,-119.739,155.848,179.407,145.847,162.779,127.199,170.359
1356,0.04,-144,-146.229,-143.653,-136.188,-152.156,-152.109,-148.425,-153.656,-151.471,-139.945,-156.388,144.182,-159.365,154.354,-138.008,173.782,190.642,162.774,179.628,144.2,186.189
1357,0.024,-130,-139.049,-135.756,-129.166,-146.709,-145.579,-142.354,-145.7,-141.536,-130.423,-154.8,141.808,-151.174,148.337,-129.79,164.859,188.248,157.286,170.806,136.997,176.432
1358,0.023,-126,-137.348,-134.472,-127.664,-144.843,-143.87,-140.776,-143.717,-139.873,-128.901,-152.674,139.495,-149.312,146.639,-128.061,163.18,186.555,155.472,169.747,135.403,175.292
1359,0.035,-136,-141.784,-140.76,-133.019,-148.033,-147.937,-144.693,-149.033,-146.446,-135.514,-150.374,137.118,-153.888,148.908,-134.002,168.176,186.432,158.775,176.587,140.149,181.06
1360,0.027,-134,-142.263,-137.756,-130.461,-149.312,-149.203,-146.641,-148.768,-144.139,-134.595,-158.165,146.008,-153.765,150.368,-133.339,167.18,191.982,160.125,173.354,138.111,179.041
1361,0.051,-158,-162.535,-159.515,-151.437,-169.077,-169.054,-162.972,-169.636,-165.89,-155.797,-170.894,160.003,-175.626,169.385,-153.885,190.042,202.573,177.027,193.994,160.182,201.966
1362,0.031,-143,-156.298,-152.356,-143.553,-164.452,-165.193,-158.72,-163.982,-156.437,-147.445,-169.862,157.398,-168.713,162.571,-147.209,182.15,206.24,172.833,185.074,152.407,189.856
1363,0.019,-108,-132.046,-129.211,-119.718,-138.932,-137.934,-135.619,-138.53,-136.469,-125.467,-145.921,131.486,-144.06,140.61,-123.549,159.347,185.553,147.042,164.673,130.249,174.558
1364,0.037,-130,-145.732,-142.558,-132.746,-151.254,-150.898,-147.975,-153.7,-151.928,-140.756,-154.674,142.627,-158.84,151.171,-138.556,173.79,194.117,159.355,177.94,143.688,187.291
1365,0.02,-113,-134.195,-130.914,-121.861,-141.239,-139.793,-137.544,-140.772,-138.394,-127.34,-148.559,134.328,-146.198,142.48,-125.514,161.296,187.575,149.543,166.389,132.362,176.049
1366,0.037,-130,-145.732,-142.558,-132.746,-151.254,-150.898,-147.975,-153.7,-151.928,-140.756,-154.674,142.627,-158.84,151.171,-138.556,173.79,194.117,159.355,177.94,143.688,187.291
1367,0.02,-113,-134.195,-130.914,-121.861,-141.239,-139.793,-137.544,-140.772,-138.394,-127.34,-148.559,134.328,-146.198,142.48,-125.514,161.296,187.575,149.543,166.389,132.362,176.049
1368,0.007,-51,-93.431,-85.94,-78.069,-94.463,-95.231,-94.069,-96.637,-97.212,-87.634,-101.73,90.121,-101.447,100.645,-85.06,118.976,137.151,104.496,124.543,87.897,127.872
1369,6.94E-18,-23,-45.397,-44.852,-35.705,-51.183,-49.519,-48.359,-52.158,-54.698,-42.268,-59.132,44.928,-56.511,56.159,-38.952,75.011,92.768,61.226,81.672,47.344,91.346
1370,-0.001,-6,-37.51,-38.072,-28.543,-42.96,-41.141,-41.185,-43.618,-47.486,-35.299,-50.578,36.167,-48.515,48.654,-31.429,67.628,83.868,53.154,74.133,39.798,85.462
1371,0.001,-12,-37.51,-38.072,-28.543,-42.96,-41.141,-41.185,-43.618,-47.486,-35.299,-50.578,36.167,-48.515,48.654,-31.429,67.628,83.868,53.154,74.133,39.798,85.462
1372,6.94E-18,-11,-37.51,-38.072,-28.543,-42.96,-41.141,-41.185,-43.618,-47.486,-35.299,-50.578,36.167,-48.515,48.654,-31.429,67.628,83.868,53.154,74.133,39.798,85.462
1373,0.005,-33,-51.027,-51.605,-42.291,-57.719,-56.929,-55.438,-59.743,-62.273,-48.859,-63.347,51.768,-64.312,63.101,-46.491,81.606,100.028,67.636,89.456,46.177,97.497
1374,0.007,-40,-61.858,-61.103,-51.985,-67.118,-67.361,-65.844,-69.495,-72.175,-59.196,-71.921,58.21,-75.688,73.048,-56.682,90.98,105.833,78.367,99.529,54.959,105.785
1375,-0.001,-6,-37.51,-38.072,-28.543,-42.96,-41.141,-41.185,-43.618,-47.486,-35.299,-50.578,36.167,-48.515,48.654,-31.429,67.628,83.868,53.154,74.133,39.798,85.462
1376,0.005,-33,-51.027,-51.605,-42.291,-57.719,-56.929,-55.438,-59.743,-62.273,-48.859,-63.347,51.768,-64.312,63.101,-46.491,81.606,100.028,67.636,89.456,46.177,97.497
1377,-0.001,-6,-37.51,-38.072,-28.543,-42.96,-41.141,-41.185,-43.618,-47.486,-35.299,-50.578,36.167,-48.515,48.654,-31.429,67.628,83.868,53.154,74.133,39.798,85.462
1378,-0.004,16,-13.992,-17.75,-7.109,-18.977,-16.709,-19.66,-17.907,-25.814,-14.518,-25.159,10.844,-24.986,26.584,-9.024,45.546,58.048,29.087,51.966,17.226,67.82
1379,6.94E-18,3,-17.975,-22.099,-11.404,-23.505,-21.346,-24.23,-22.966,-30.601,-18.597,-26.895,15.696,-29.978,30.407,-14.102,49.871,62.339,33.578,56.711,19.061,71.484
1380,-0.007,34,6.37,1.647,12.308,1.45,3.03,-0.249,0.545,-5.696,3.828,-3.466,-0.668,-5.783,7.13,10.667,26.258,35.407,8.128,31.939,-4.035,51.431
1381,-0.015,70,42.137,37.652,48.748,37.188,37.033,33.008,34.869,27.462,39.567,31.141,-31.301,29.889,-28.063,47.55,-9.63,-3.682,-26.705,-6.985,-48.13,15.09
1382,-0.011,68,40.553,35.901,47.268,36.05,36.766,31.369,34.927,25.818,37.721,32.426,-42.854,28.295,-26.563,46.144,-8.084,-3.618,-27.158,-4.79,-46.936,17.421
1383,-0.016,84,46.556,42.061,53.186,41.655,41.286,37.23,39.233,31.588,43.97,36.479,-36.101,34.504,-32.528,52.164,-14.936,-8.845,-31.68,-11.98,-52.848,10.772
1384,-0.017,89,50.955,46.447,57.597,46.114,45.476,41.429,43.578,35.755,48.346,41.843,-40.919,39.104,-37.02,56.735,-20.216,-14.002,-36.65,-16.946,-57.521,6.499
1385,-0.008,74,37.741,32.246,44.461,33.637,34.508,28.635,33.16,23.739,33.149,31.482,-47.719,26.228,-23.527,42.725,-7.422,-4.129,-25.03,-2.233,-48.979,23.532
1386,-0.004,64,25.101,19.247,32.502,21.732,22.548,15.898,21.625,12.096,19.256,20.709,-30.203,14.119,-11.528,29.381,4.905,7.952,-15.165,9.663,-35.838,37.671
1387,-0.019,103,58.709,54.869,65.976,54.716,53.332,49.214,51.757,43.629,55.934,50.62,-49.225,47.44,-45.751,64.696,-30.108,-23.998,-45.413,-26.549,-66.581,-0.571
1388,-0.025,119,78.024,73.858,84.125,73.547,73.632,66.979,71.277,63.25,73.909,68.034,-69.831,67.463,-63.28,82.945,-54.729,-48.712,-66.632,-48.438,-89.703,-18.218
1389,-0.014,107,67.219,61.96,74.392,64.259,63.219,56.49,62.75,52.251,61.723,65.514,-78.307,57.515,-53.614,73.487,-44.206,-39.585,-57.737,-36.528,-80.543,-6.65
1390,-0.02,111,70.356,66.863,78.582,67.637,64.992,59.958,64.288,56.148,65.534,65.127,-59.222,60.819,-57.564,76.349,-47.985,-41.397,-58.678,-41.612,-83.959,-11.557
1391,-0.028,133,86.082,81.636,92.646,82.947,82.913,75.516,80.366,72.212,82.602,76.614,-79.318,76.236,-72.089,91.423,-65.947,-60.925,-76.706,-59.066,-98.212,-29.922
1392,-0.013,111,68.147,63.571,76.6,66.536,64.655,57.31,63.765,53.129,61.85,64.806,-75.977,58.544,-55.18,74.081,-46.585,-42.759,-60.669,-39.87,-82.63,-10.585
1393,-0.028,133,86.082,81.636,92.646,82.947,82.913,75.516,80.366,72.212,82.602,76.614,-79.318,76.236,-72.089,91.423,-65.947,-60.925,-76.706,-59.066,-98.212,-29.922
1394,-0.034,158,101.532,96.436,108.332,100.29,98.287,92.376,96.963,88.387,97.638,94.09,-95.192,92.76,-88.864,107.722,-85.196,-85.099,-94.645,-78.768,-113.402,-51.094
1395,-0.038,179,111.395,105.939,117.316,110.703,107.014,102.157,107.136,98.121,105.355,105.393,-105.145,102.898,-98.603,117.887,-97.431,-97.745,-105.087,-88.643,-122.9,-63.221
1396,-0.022,164,99.097,94.657,105.685,99.48,98.258,87.882,96.566,85.277,91.394,99.539,-109.441,90.944,-87.116,106.246,-86.896,-84.18,-95.427,-77.803,-115.076,-48.702
1397,-0.033,172,105.375,101.416,112.266,105.17,103.022,95.782,100.789,91.718,100.635,96.824,-95.925,96.857,-92.442,111.428,-91.486,-91.38,-100.735,-86.144,-118.456,-57.467
1398,-0.015,141,83.875,80.724,90.979,83.948,82.089,74.75,80.602,69.695,77.565,82.775,-88.701,77.088,-70.593,91.525,-71.18,-68.517,-77.623,-62.707,-99.531,-36.789
1399,-0.027,153,94.768,92.425,100.65,93.217,93.393,85.712,89.445,81.129,90.684,84.366,-81.766,86.729,-79.942,101.213,-82.22,-78.419,-87.265,-74.838,-108.765,-48.566
1400,-0.038,179,111.395,105.939,117.316,110.703,107.014,102.157,107.136,98.121,105.355,105.393,-105.145,102.898,-98.603,117.887,-97.431,-97.745,-105.087,-88.643,-122.9,-63.221
1401,-0.043,207,123.975,117.475,128.102,123.052,117.617,113.937,119.349,109.248,114.879,118.919,-117.404,114.776,-110.145,130.07,-111.83,-112.828,-117.771,-100.933,-134.513,-78.063
1402,-0.047,217,132.899,125.999,136.225,131.719,125.531,122.518,127.687,117.339,122.055,128.512,-125.942,123.518,-118.382,138.539,-122.912,-124.435,-126.572,-110.661,-143.394,-89.732
1403,-0.059,266,153.27,145.906,153.686,151.855,147.663,141.527,148.684,139.096,139.915,151.184,-145.207,145.095,-138.48,156.229,-150.278,-142.941,-149.857,-128.516,-164.179,-122.637
1404,-0.06,273,154.789,147.71,154.895,153.551,149.549,143.174,150.377,140.882,141.522,153.133,-147.068,147.084,-140.389,157.582,-152.544,-144.494,-151.518,-129.974,-165.542,-125.3
1405,-0.036,255,144.292,135.139,141.883,146.156,143.166,129.498,143.447,129.073,130.222,149.577,-145.929,136.887,-131.056,148.601,-142.487,-144.676,-140.327,-134.167,-154.97,-106.086
1406,-0.016,204,102.574,93.487,102.396,102.19,96.571,90.317,97.567,90.823,91.268,104.941,-102.988,94.09,-91.538,106.328,-102.168,-106.418,-100.19,-93.628,-114.166,-73.908
1407,-0.033,226,119.293,108.922,117.629,117.617,113.152,108.494,113.449,109.22,111.667,114.476,-106.819,110.258,-107.327,122.07,-119.132,-126.002,-116.051,-111.364,-127.875,-92.259
1408,-0.038,237,127.36,115.636,125.607,125.636,118.417,115.132,121.111,116.397,116.387,124.08,-116.106,117.019,-115.948,129.527,-125.326,-132.892,-124.69,-116.218,-134.448,-98.14
1409,-0.042,252,133.289,122.497,132.551,131.956,124.555,121.698,128.211,121.51,121.924,130.667,-123.161,122.988,-122.297,136.005,-130.632,-137.547,-131.257,-120.85,-140.384,-102.551
1410,-0.048,259,141.948,132.782,142.613,140.849,133.788,131.513,137.227,127.835,129.656,140.538,-132.958,132.291,-130.028,144.633,-138.907,-144.944,-139.835,-130.106,-149.976,-109.704
1411,-0.053,263,147.58,139.101,148.416,146.365,140.667,136.589,143.237,133.113,134.715,146.021,-139.374,139.346,-134.247,150.218,-144.83,-145.952,-145.737,-131.691,-157.317,-116.428
1412,-0.027,230,128.132,119.118,126.545,128.244,126.713,115.73,124.674,113.69,115.966,131.364,-131.604,119.815,-114.833,131.046,-127.166,-133.553,-125.471,-122.391,-139.194,-93.381
1413,-0.045,246,141.167,131.23,139.269,139.933,132.748,129.827,135.97,126.387,128.778,139.005,-128.063,131.893,-127.186,143.64,-138.364,-144.241,-135.332,-129.183,-148.69,-108.28
1414,-0.027,230,128.132,119.118,126.545,128.244,126.713,115.73,124.674,113.69,115.966,131.364,-131.604,119.815,-114.833,131.046,-127.166,-133.553,-125.471,-122.391,-139.194,-93.381
1415,-0.033,233,129.488,121.942,128.157,128.688,124.895,117,123.478,114.718,118.246,126.119,-109.981,120.647,-114.564,130.891,-128.895,-133.646,-125.064,-124.557,-142.158,-95.928
1416,-0.022,224,118.106,108.765,116.027,117.39,114.339,105.235,113.966,105.172,106.067,120.155,-120.428,109.375,-104.926,121.454,-118.494,-122.692,-115.557,-110.214,-130.343,-85.768
1417,-0.033,232,124.384,115.524,122.608,123.08,119.103,113.134,118.189,111.613,115.308,117.439,-106.912,115.288,-110.252,126.637,-123.085,-129.892,-120.865,-118.555,-133.723,-94.533
1418,-0.039,246,131.633,120.959,129.006,129.979,123.846,120.655,126.01,119.275,120.926,127.928,-118.042,122.558,-118.003,134.313,-130.197,-137.334,-126.321,-121.594,-139.365,-101.403
1419,-0.053,263,147.58,139.101,148.416,146.365,140.667,136.589,143.237,133.113,134.715,146.021,-139.374,139.346,-134.247,150.218,-144.83,-145.952,-145.737,-131.691,-157.317,-116.428
1420,-0.054,271,148.716,140.417,149.464,147.451,142.03,137.575,144.372,134.281,135.72,147.089,-140.591,140.548,-135.145,151.332,-145.973,-145.776,-146.881,-131.454,-158.704,-117.74
1421,-0.063,287,159.229,152.886,158.336,158.538,154.65,148.004,155.263,146.185,146.197,158.791,-152.614,152.717,-146.002,161.451,-159.162,-149.136,-156.348,-134.336,-169.479,-133.915
1422,-0.069,309,167.488,161.719,164.447,167.769,163.727,157.184,164.452,156.263,155.159,169.601,-163.332,162.895,-156.763,168.707,-171.548,-158.369,-165.684,-143.019,-176.641,-153.301
1423,-0.072,332,171.336,165.865,167.275,172.112,168.074,161.629,168.839,161.188,159.49,174.745,-168.273,167.717,-162.002,172.204,-177.129,-162.97,-170.121,-147.344,-179.854,-161.828
1424,-0.074,336,173.803,168.571,169.115,174.929,170.913,164.56,171.659,164.444,162.299,177.958,-171.464,170.894,-165.404,174.47,-180.812,-166.034,-172.9,-150.221,-181.887,-166.37
1425,-0.077,354,177.384,172.563,171.823,179.06,175.067,168.919,175.721,169.295,166.399,182.616,-176.087,175.497,-170.377,177.683,-186.285,-170.624,-177.001,-154.531,-184.716,-173.142
1426,-0.042,339,165.778,156.642,154.617,169.789,167.614,150.722,170.43,153.51,151.224,177.2,-168.209,163.597,-159.66,167.79,-173.505,-180.542,-166.503,-166.198,-170.294,-147.892
1427,-0.078,357,178.553,173.88,172.714,180.418,176.43,170.364,177.036,170.905,167.752,184.149,-177.578,176.976,-172.014,178.721,-188.068,-172.154,-178.359,-155.966,-185.622,-175.399
1428,-0.04,336,164.032,155.456,153.036,168.184,165.524,149.478,168.241,152.271,149.52,176.272,-167.236,162.335,-158.019,165.553,-172.756,-181.482,-165.864,-168.325,-168.555,-148.503
1429,-0.034,318,154.05,146.093,145.214,157.38,155.114,141.235,156.481,144.327,140.452,166.199,-159.266,152.388,-148.175,154.552,-163.427,-174.85,-157.169,-162.869,-159.453,-141.259
1430,-0.063,347,168.629,164.317,163.254,170.075,166.923,159.842,168.529,160.231,156.761,174.806,-166.178,167.548,-162.512,168.212,-177.837,-175.971,-173.004,-159.999,-174.928,-165.491
1431,-0.072,359,174.672,170.035,169.139,176.449,172.748,166.169,173.638,166.108,163.373,180.941,-173.497,173.48,-168.18,174.375,-184.276,-173.661,-176.762,-157.609,-181.919,-174.355
1432,-0.031,310,148.53,140.759,140.217,151.318,149.558,136.728,150.17,139.493,135.642,160.12,-154.906,146.703,-142.873,148.498,-158.315,-171.152,-152.407,-159.079,-154.193,-137.076
1433,-0.016,282,111.711,105.997,107.759,114.894,109.235,103.907,111.968,105.567,102.18,123.275,-117.162,111.394,-109.48,112.509,-123.931,-137.992,-119.635,-123.906,-120.401,-110.18
1434,-0.013,261,100.462,94.656,96.65,102.913,97.956,93.387,100.232,94.982,91.747,109.293,-105.195,99.889,-97.755,100.482,-112.388,-125.787,-108.849,-111.803,-109.248,-100.589
1435,-0.017,264,102.026,96.39,98.11,104.052,98.111,95.001,100.144,96.614,93.569,108.003,-93.609,101.469,-99.285,101.847,-113.913,-125.846,-108.395,-113.964,-110.42,-102.874
1436,-0.038,307,134.533,126.903,130.329,136.871,129.905,127.632,134.157,129.797,126.422,140.37,-129.005,132.887,-133.18,133.885,-145.702,-161.578,-143.042,-144.87,-139.301,-133.113
1437,-0.022,292,122.235,115.621,118.699,125.647,121.149,113.358,123.588,116.953,112.461,134.516,-133.301,120.933,-121.692,122.243,-135.167,-148.013,-133.382,-134.03,-131.477,-118.594
1438,-0.048,338,150.294,144.85,147.68,153.215,145.915,144.874,151.245,141.922,140.036,158.314,-146.7,149.574,-147.306,150.264,-160.286,-176.427,-158.885,-160.225,-155.966,-145.976
1439,-0.031,330,140.436,134.911,137.407,145.201,142.116,133.292,143.392,132.354,129.232,154.339,-153.329,140.324,-138.826,140.758,-151.238,-168.163,-152.027,-154.738,-148.19,-132.952
1440,-0.048,338,150.294,144.85,147.68,153.215,145.915,144.874,151.245,141.922,140.036,158.314,-146.7,149.574,-147.306,150.264,-160.286,-176.427,-158.885,-160.225,-155.966,-145.976
1441,-0.054,347,157.502,152.928,154.531,160.068,154.347,151.14,158.773,149.027,146.34,165.079,-154.395,157.868,-152.91,157.344,-167.711,-177.259,-165.931,-161.574,-164.863,-154.012
1442,-0.086,386,187.633,184.283,179.697,190.918,187.072,181.837,187.234,183.677,178.418,196.152,-188.533,188.396,-184.851,186.747,-201.973,-184.377,-189.095,-167.425,-192.555,-193.443
1443,-0.09,411,192.046,189.398,183.114,196.028,192.27,187.474,192.215,189.926,183.676,202.006,-193.609,193.982,-191.008,190.664,-208.798,-190.482,-194.384,-173.142,-195.716,-202.461
1444,-0.046,407,176.715,169.071,161.621,182.662,182.618,164.102,185.667,168.59,163.533,194.273,-182.787,179.448,-176.417,176.827,-191.896,-203.375,-183.569,-187.484,-178.073,-175.905
1445,-0.072,415,183.031,179.764,172.698,186.017,182.988,175.917,185.144,178.353,171.902,193.832,-184.008,185.902,-181.301,180.73,-199.763,-195.369,-190.246,-178.279,-186.374,-196.387
1446,-0.031,377,154.567,149.099,143.416,159.775,157.909,145.777,159.767,149.255,142.829,172.493,-164.272,158.236,-154.718,152.646,-172.78,-192.171,-165.38,-179.252,-158.36,-162.132
1447,-0.027,372,146.061,141.423,135.714,150.973,149.603,139.079,150.846,141.722,135.896,163.388,-157.019,149.808,-146.676,144.028,-165.256,-186.817,-158.273,-173.291,-150.909,-155.974
1448,-0.022,366,134.247,130.336,124.976,138.99,136.17,128.208,138.644,131.024,124.776,150.614,-144.848,138.263,-135.649,132.429,-155.161,-175.466,-147.493,-160.704,-140.814,-147.095
1449,-0.036,379,143.981,139.863,134.468,147.637,143.397,140.157,146.553,141.209,136.931,152.593,-136.727,147.665,-144.273,141.563,-163.251,-186.875,-155.168,-170.622,-146.535,-159.349
1450,-0.022,366,134.247,130.336,124.976,138.99,136.17,128.208,138.644,131.024,124.776,150.614,-144.848,138.263,-135.649,132.429,-155.161,-175.466,-147.493,-160.704,-140.814,-147.095
1451,-0.013,334,106.248,102.996,99.473,111.255,106.096,102.371,109.829,104.745,98.552,120.309,-114.561,111.422,-109.569,104.202,-126.853,-146.805,-120.318,-131.696,-112.978,-125.645
1452,-0.03,362,127.071,123.132,118.886,131.431,127.272,123.78,130.12,127.368,122.776,136.325,-123.007,132.282,-130.388,124.499,-149.334,-169.187,-139.922,-153.938,-131.507,-148.067
1453,-0.039,391,141.869,137.182,134.996,146.832,139.65,138.37,145.675,140.902,134.643,153.116,-140.123,146.065,-146.61,139.257,-161.589,-183.779,-156.164,-165.923,-144.53,-159.285
1454,-0.054,420,163.288,161.268,157.354,168.41,162.487,160.124,168.369,158.789,153.145,176.095,-163.761,169.401,-164.724,161.064,-182.175,-198.277,-177.4,-181.467,-168.592,-179.067
1455,-0.102,469,204.882,204.153,193.096,211.16,207.446,204.189,206.932,207.088,199.268,219.336,-207.945,210.297,-208.611,202.223,-218.38,-208.66,-210.087,-190.252,-204.629,-225.616
1456,-0.108,506,211.354,211.452,198.334,218.734,214.92,212.514,214.423,215.269,206.994,227.979,-215.018,218.363,-217.348,208.1,-222.536,-217.599,-217.881,-198.786,-209.021,-232.573
1457,-0.011,452,106.364,107.064,95.465,115.314,110.03,108.162,116.154,109.109,100.573,126.667,-118.65,120.118,-119.162,101.1,-123.261,-169.385,-127.719,-153.118,-110.152,-145.152
1458,-0.007,437,89.071,89.862,78.234,98.099,93.359,92.554,99.776,93.931,84.021,108.546,-99.649,103.497,-102.91,83.357,-106.548,-152.175,-110.416,-136.106,-92.479,-129.468
1459,-0.015,446,99.669,101.417,88.877,107.888,101.844,102.654,107.629,103.656,96.02,114.413,-88.83,113.644,-113.659,94.554,-116.737,-159.172,-118.349,-148.101,-99.563,-143.538
1460,-0.01,443,96.571,97.696,85.61,105.082,100.553,99.383,106.749,100.634,92.22,113.708,-106.266,110.467,-110.328,91.409,-113.47,-157.723,-117.55,-143.785,-97.008,-138.478
1461,-0.017,450,105.206,106.994,94.089,113.415,107.097,108.329,112.824,108.545,102.604,121.697,-96.605,119.195,-119.34,100.415,-121.971,-164.94,-124.535,-153.619,-103.46,-149.822
1462,-0.012,444,102.154,103.319,90.871,110.611,105.956,105.11,111.984,105.548,98.857,120.999,-114.093,116.037,-115.974,97.333,-118.741,-163.498,-123.729,-149.365,-100.963,-144.844
1463,-0.001,400,56.786,56.657,45.229,64.413,60.328,61.246,68.15,61.807,53.611,75.782,-58.087,71.435,-71.428,49.379,-74.675,-116.362,-76.184,-103.16,-57.117,-101.87
1464,0.001,390,41.364,43.106,30.851,48.773,44.342,46.936,50.828,47.419,40.024,59.016,-39.454,56.054,-56.818,34.587,-60.08,-98.905,-60.15,-87.469,-42.738,-90.282
1465,0.002,368,33.539,36.292,23.603,40.697,36.125,39.738,42.142,40.19,33.071,50.417,-31.525,48.158,-49.296,27.083,-52.696,-89.962,-51.996,-79.456,-35.424,-84.392
1466,-0.002,384,37.551,40.672,27.952,45.432,40.975,44.357,47.376,44.998,37.209,52.341,-36.957,53.315,-53.268,32.274,-57.098,-94.46,-56.609,-84.34,-37.288,-88.079
1467,0.005,344,10.036,15.622,1.791,17.024,11.334,17.816,16.913,18.29,12.024,25.22,-9.114,23.735,-26.238,4.37,-30.91,-61.957,-27.248,-55.19,-12.322,-66.762
1468,0.002,352,10.504,16.085,2.168,17.239,12.131,18.555,17.186,19.008,12.432,24.697,-9.33,24.31,-26.472,5.347,-31.317,-62.171,-28.066,-55.806,-12.633,-67.168
1469,-0.001,371,23.552,29.155,15.539,31.783,27.122,32.069,33.038,33.077,25.584,37.989,-24.715,39.532,-40.686,19.432,-44.888,-78.118,-41.731,-70.513,-18.702,-78.797
1470,0.002,361,22.992,28.676,15.143,31.462,26.258,31.231,32.69,32.319,25.139,38.396,-24.23,38.917,-40.419,18.369,-44.41,-77.726,-40.742,-69.766,-18.392,-78.378
1471,0.003,357,19.561,24.773,11.189,27.012,22.245,27.463,27.818,28.278,21.442,36.077,-19.516,34.399,-36.694,14.246,-40.492,-73.544,-37.113,-65.606,-16.836,-75.108
1472,0.008,336,-10.889,-3.147,-17.692,-2.776,-7.328,-2.745,-2.598,-0.744,-7.962,5.745,4.565,2.996,-6.304,-15.93,-11.928,-43.875,-6.527,-34.068,10.272,-50.393
1473,0.014,307,-37.991,-29.793,-44.664,-27.837,-33.494,-30.458,-28.553,-26.676,-34.588,-20.358,25.763,-22.897,20.726,-41.385,13.895,-12.412,20.362,-5.719,42.419,-23.838
1474,0.017,291,-48.609,-41.947,-56.388,-40.4,-45.569,-41.594,-40.082,-37.743,-44.794,-32.759,35.338,-35.169,32.144,-52.189,24.506,2.749,32.997,7.739,54.95,-11.169
1475,0.021,265,-62.706,-57.826,-71.39,-56.599,-60.374,-56.314,-55.056,-52.298,-57.991,-48.746,49.128,-51.253,47.3,-66.36,38.196,22.491,49.747,24.124,70.803,6.294
1476,0.023,254,-69.281,-64.344,-78.083,-64.038,-67.201,-63.379,-61.885,-59.263,-64.165,-55.425,55.953,-58.409,54.191,-72.959,44.947,30.937,57.455,31.716,78.17,13.317
1477,0.026,241,-78.302,-73.116,-87.191,-73.496,-76.715,-71.83,-71.725,-67.972,-72.783,-64.159,66.019,-67.944,62.12,-82.198,55.766,41.855,67.329,42.413,87.95,21.712
1478,0.02,244,-79.32,-69.999,-84.762,-74.102,-78.299,-73.734,-71.225,-66.149,-72.184,-68.887,75.064,-67.998,64.476,-81.993,55.096,45.57,68.346,40.065,84.37,20.935
1479,0.014,255,-69.053,-58.851,-74.623,-62.47,-67.266,-61.223,-60.157,-55.952,-60.509,-57.433,61.716,-57.338,53.689,-71.626,45.379,32.643,55.755,30.124,76.538,5.682
1480,0.029,223,-87.13,-81.296,-95.351,-82.599,-86.043,-80.238,-80.972,-76.552,-81.158,-73.169,75.746,-77.226,69.995,-91.225,66.341,52.774,76.806,52.383,96.955,31.769
1481,0.032,212,-95.74,-88.598,-102.676,-91.055,-94.317,-87.975,-89.23,-84.899,-88.778,-81.549,83.736,-85.991,77.757,-99.646,76.66,63.189,85.119,61.41,104.962,42.027
1482,0.035,199,-103.578,-94.829,-109.293,-98.642,-101.533,-94.969,-96.257,-92.146,-95.383,-88.472,90.453,-93.732,85.422,-106.857,86.362,72.03,93.04,69.749,112.143,51.912
1483,0.018,219,-90.051,-81.161,-96.401,-86.072,-88.407,-82.078,-81.014,-76.623,-79.938,-79.248,79.322,-78.974,75.312,-91.782,72.08,62.443,80.874,56.099,98.619,38.334
1484,0.035,199,-103.578,-94.829,-109.293,-98.642,-101.533,-94.969,-96.257,-92.146,-95.383,-88.472,90.453,-93.732,85.422,-106.857,86.362,72.03,93.04,69.749,112.143,51.912
1485,0.015,228,-82.594,-73.858,-87.785,-77.299,-82.191,-74.591,-73.046,-68.883,-73.49,-69.55,70.707,-71.206,66.423,-85.083,64.568,53.511,71.086,49.457,91.04,28.963
1486,0.025,221,-88.208,-84.33,-96.943,-84.809,-87.604,-81.163,-80.736,-77.424,-81.809,-71.871,69.829,-78.248,71.644,-91.851,71.425,58.566,79.016,58.405,98.715,40.985
1487,0.008,255,-63.566,-49.796,-63.678,-54.148,-58.031,-54.243,-51.464,-48.452,-54.806,-47.003,48.809,-49.264,44.745,-66.005,44.274,31.547,47.941,28.872,68.885,6.48
1488,0.003,287,-35.705,-25.136,-38.094,-30.222,-33.065,-24.043,-26.878,-25.173,-27.506,-24.129,24.636,-24.812,17.64,-39.466,18.747,10.96,23.692,3.869,46.967,-14.94
1489,0.008,275,-41.483,-32.352,-45.008,-36.669,-36.908,-31.776,-32.701,-32.229,-35.13,-26.767,24.841,-31.1,23.922,-47.219,25.432,12.131,29.326,10.857,50.391,-8.232
1490,0.001,298,-21.412,-12.412,-24.709,-16.847,-17.717,-10.457,-13.29,-11.924,-14.337,-9.787,9.311,-9.525,4.295,-25.796,5.475,-4.542,9.427,-10.086,33.164,-26.174
1491,0.002,297,-21.412,-12.412,-24.709,-16.847,-17.717,-10.457,-13.29,-11.924,-14.337,-9.787,9.311,-9.525,4.295,-25.796,5.475,-4.542,9.427,-10.086,33.164,-26.174
1492,-0.001,320,-6.159,0.834,-10.751,-0.616,-1.252,3.68,3.622,2.06,-0.818,6.708,-7.221,6.322,-10.455,-11.181,-9.005,-22.283,-6.356,-25.086,18.435,-37.89
1493,0.008,283,-35.313,-26.344,-38.345,-29.496,-30.76,-26.077,-26.345,-26.721,-30.106,-18.262,18.816,-24.08,18.354,-41.217,18.58,3.331,23.085,4.312,37.652,-13.546
1494,0.004,290,-32.986,-22.973,-35.259,-26.73,-31.122,-22.66,-23.957,-23.619,-26.589,-19.15,19.836,-22.446,16.064,-37.34,15.604,4.235,20.833,1.63,36.111,-16.574
1495,0.001,305,-18.707,-9.729,-21.702,-13.734,-14.992,-8.293,-10.172,-9.313,-12.446,-5.994,7.62,-6.547,1.787,-23.088,2.244,-7.857,6.923,-13.011,27.573,-28.683
1496,0.009,282,-40.044,-29.977,-41.961,-32.396,-33.933,-31.157,-30.096,-30.435,-35.352,-21.627,22.329,-27.046,22.843,-45.975,22.527,6.883,26.259,7.701,42.08,-9.758
1497,0.017,254,-61.382,-52.222,-64.096,-54.267,-56.482,-53.818,-51.915,-54.025,-57.06,-47.372,44.484,-49.513,45.149,-65.51,45.876,31.255,47.607,27.516,68.245,16.541
1498,0.02,241,-69.445,-61.046,-73.553,-63.361,-63.967,-61.339,-60.257,-62.174,-63.762,-56.873,53.189,-58.007,54.288,-72.844,53.672,40.34,57.435,35.264,76.811,25.997
1499,0.028,213,-88.297,-81.354,-95.136,-83.625,-85.71,-80.688,-81.145,-79.547,-81.948,-74.451,75.624,-77.799,72.276,-91.513,71.469,56.913,78.504,54.948,97.274,39.178
1500,0.034,202,-101.614,-93.137,-107.461,-96.637,-99.518,-93.123,-94.281,-90.526,-93.662,-86.806,88.649,-91.698,83.43,-104.94,84.343,70.081,91.086,67.841,110.234,50.079
1501,0.017,217,-87.083,-78.327,-93.37,-82.546,-85.393,-78.883,-77.772,-73.726,-77.116,-75.738,76.162,-75.767,72.124,-88.893,68.991,58.539,77.377,53.047,95.53,34.486
1502,0.014,227,-79.408,-70.243,-84.28,-73.719,-78.81,-71.366,-69.483,-65.829,-70.469,-65.939,67.411,-67.618,63.16,-81.885,61.222,49.363,67.563,46.202,87.526,25.079
1503,0.019,223,-78.288,-73.522,-86.798,-74.58,-76.669,-70.485,-69.918,-68.001,-71.028,-64.713,59.597,-68.002,62.37,-81.673,62.603,48.985,67.819,48.326,90.146,29.445
1504,0.016,224,-78.456,-73.263,-86.623,-74.471,-78.216,-72.357,-70.255,-67.764,-71.621,-65.431,60.605,-68.564,63.794,-82.739,62.791,50.278,67.963,48.123,89.97,29.235
1505,0.025,214,-87.112,-83.215,-95.645,-83.479,-86.523,-80.396,-79.336,-76.481,-81.034,-71.023,69.163,-76.901,70.574,-90.694,69.993,57.212,77.767,57.067,97.413,40.021
1506,0.014,227,-79.408,-70.243,-84.28,-73.719,-78.81,-71.366,-69.483,-65.829,-70.469,-65.939,67.411,-67.618,63.16,-81.885,61.222,49.363,67.563,46.202,87.526,25.079
1507,0.034,202,-101.614,-93.137,-107.461,-96.637,-99.518,-93.123,-94.281,-90.526,-93.662,-86.806,88.649,-91.698,83.43,-104.94,84.343,70.081,91.086,67.841,110.234,50.079
1508,0.035,199,-103.578,-94.829,-109.293,-98.642,-101.533,-94.969,-96.257,-92.146,-95.383,-88.472,90.453,-93.732,85.422,-106.857,86.362,72.03,93.04,69.749,112.143,51.912
1509,0.018,219,-90.051,-81.161,-96.401,-86.072,-88.407,-82.078,-81.014,-76.623,-79.938,-79.248,79.322,-78.974,75.312,-91.782,72.08,62.443,80.874,56.099,98.619,38.334
1510,0.029,209,-95.904,-90.131,-104.112,-91.835,-94.452,-87.615,-88.451,-83.993,-88.313,-79.811,80.004,-85.211,78.078,-98.92,77.583,65.002,87.135,64.669,105.672,45.35
1511,0.038,184,-110.829,-101.03,-115.499,-105.713,-108.316,-101.087,-102.719,-98.843,-101.662,-95.246,96.834,-100.834,92.738,-113.227,95.386,80.543,100.623,77.709,118.795,61.539
1512,0.018,215,-93.415,-84.815,-98.586,-89.39,-92.597,-85.605,-84.088,-79.884,-83.514,-81.972,81.434,-82.596,77.767,-95.237,77.565,68.291,83.587,61.154,102.108,44.778
1513,0.015,227,-85.793,-76.145,-89.529,-80.026,-84.397,-77.936,-76.078,-71.826,-76.648,-72.596,72.896,-74.658,68.613,-87.87,69.816,59.317,73.799,53.639,93.815,35.408
1514,0.026,217,-92.952,-87.893,-99.889,-88.803,-91.546,-86.084,-85.314,-81.596,-86.676,-76.492,74.483,-83.023,74.851,-96.148,77.761,65.736,83.099,63.955,102.932,48.356
1515,0.016,225,-87.841,-78.611,-91.697,-82.269,-86.626,-80.389,-78.227,-73.893,-78.879,-75.349,75.446,-76.814,70.798,-89.862,71.708,62.088,76.067,55.424,95.977,38.316
1516,0.027,214,-94.48,-89.141,-101.057,-90.042,-93.264,-87.66,-86.918,-82.957,-88.339,-78.132,76.945,-84.327,75.862,-97.889,79.286,67.099,84.465,65.345,104.38,49.441
1517,0.013,234,-80.415,-69.408,-82.699,-73.684,-78.019,-71.806,-69.593,-66.218,-71.102,-66.354,66.965,-68.322,62.437,-82.391,63.996,52.851,67.237,47.812,87.638,29.102
1518,0.012,239,-77.71,-65.776,-79.15,-70.372,-74.447,-68.709,-66.314,-63.342,-68.304,-63.184,63.926,-65.011,59.342,-79.635,61.04,49.618,63.945,44.687,84.512,25.928
1519,0.009,250,-68.988,-54.747,-68.378,-59.725,-63.125,-58.912,-56.469,-54.489,-59.763,-52.931,53.911,-54.842,50.042,-71.202,51.92,39.96,53.921,34.72,74.671,16.247
1520,0.006,266,-56.456,-42.53,-56.017,-48.661,-50.938,-44.094,-44.785,-43.551,-47.261,-41.281,42.383,-43.521,36.941,-59.164,39.573,28.732,42.442,23.186,63.039,4.38
1521,0.003,284,-37.729,-26.334,-39.125,-31.773,-34.242,-25.432,-28.094,-27.388,-28.758,-25.952,25.777,-26.196,19.785,-40.703,22.462,13.728,25.667,6.303,48.375,-10.655
1522,-0.003,339,7.8,13.632,2.196,14.313,14.004,16.839,20.012,14.937,11.807,21.934,-23.677,20.847,-23.531,2.747,-20.297,-36.784,-20.256,-37.486,4.605,-45.381
1523,-0.012,384,57.565,62.077,49.773,64.4,62.148,63.412,67.428,62.512,58.505,69.523,-58.666,69.198,-70.924,51.733,-68.393,-88.934,-67.455,-85.911,-52.81,-90.801
1524,-0.006,378,52.234,55.85,44.182,59.638,58.822,58.13,64.427,57.298,52.121,70.094,-76.105,63.921,-65.28,46.131,-63.171,-85.945,-66.232,-79.214,-48.845,-82.565
1525,-0.001,351,31.932,34.374,23.789,38.458,37.267,36.546,44.723,35.908,30.939,50.125,-44.121,43.679,-44.581,24.17,-43.677,-63.57,-43.233,-58.587,-29.967,-63.164
1526,-0.009,373,48.723,53.133,41.374,55.908,53.734,54.366,59.596,54.76,48.289,61.37,-47.912,60.728,-62.298,42.602,-60.408,-80.269,-59.491,-77.408,-43.258,-80.601
1527,-0.015,402,70.395,74.936,62.555,77.391,74.589,75.063,79.696,74.06,71.333,84.444,-72.798,81.804,-83.124,64.911,-81.252,-101.727,-80.536,-98.617,-66.072,-103.978
1528,-0.021,418,92.753,97.753,85.03,100.383,96.953,95.161,101.674,94.943,93.082,108.397,-97.398,103.78,-104.261,86.869,-103.946,-125.02,-102.964,-120.75,-90.779,-124.976
1529,-0.024,429,101.88,106.335,93.152,108.861,106.55,102.712,110.468,103.223,101.564,115.34,-107.571,112.37,-111.652,95.333,-112.988,-134.564,-111.708,-129.457,-101.217,-132.615
1530,-0.011,411,83.834,87.191,76.49,92.451,89.406,85.052,94.801,85.385,81.439,101.837,-106.364,95.022,-94.512,77.692,-94.6,-118.5,-95.802,-110.635,-85.344,-112.796
1531,-0.007,394,70.722,74.861,63.984,79.309,77.57,72.839,82.023,72.52,68.033,85.973,-88.695,81.395,-81.126,64.269,-80.809,-105.643,-83.177,-98.61,-71.761,-98.927
1532,-0.001,354,42.817,46.153,33.801,49.503,49.838,46.137,54.981,43.433,42.039,56.5,-49.656,53.811,-51.451,35.394,-53.14,-76.596,-51.647,-70.824,-40.716,-74.17
1533,0.002,324,21.721,26.801,13.117,27.481,26.786,25.37,30.058,23.231,22.73,33.334,-24.576,31.874,-30.279,15.076,-32.684,-53.917,-28.812,-50.485,-20.633,-59.246
1534,0.005,300,0.075,6.998,-7.721,5.173,2.989,4.383,6.471,3.155,3.334,9.52,-3.376,9.282,-8.797,-5.3,-12.327,-30.604,-6.119,-28.928,0.26,-44.325
1535,-0.001,327,13.592,20.531,6.027,19.932,18.777,18.636,22.596,17.943,16.894,22.289,-18.977,25.078,-23.245,9.762,-26.304,-46.765,-20.602,-44.252,-6.12,-56.36
1536,0.003,313,9.601,16.148,1.677,15.161,13.9,14.029,17.376,13.144,12.753,20.377,-13.779,19.945,-19.253,4.577,-21.909,-42.191,-15.984,-39.344,-4.254,-52.671
1537,6.94E-18,322,10.158,16.628,2.073,15.482,14.762,14.866,17.719,13.901,13.198,19.963,-14.23,20.548,-19.52,5.635,-22.385,-42.582,-16.971,-40.091,-4.564,-53.09
1538,-0.006,352,44.119,46.68,32.667,50.024,50.13,47.983,53.152,46.337,44.859,54.696,-49.106,54.695,-52.288,38.711,-53.83,-79.32,-52.705,-72.331,-30.548,-79.004
1539,-0.01,365,58.671,61.608,46.429,64.048,63.465,62.68,67.164,61.928,59.716,67.703,-56.209,69.28,-66.91,53.471,-69.038,-94.343,-64.507,-86.54,-52.101,-94.409
1540,-0.003,350,48.843,50.084,36.212,54.748,55.742,53.203,59.765,51.514,49.545,66.155,-65.004,60.116,-57.089,43.163,-60.112,-87.005,-58.238,-75.414,-43.55,-82.251
1541,-0.001,339,39.042,39.937,26.08,43.855,44.315,41.905,49.738,40.646,38.926,54.484,-49.091,49.411,-46.454,32.079,-49.706,-74.765,-45.815,-64.917,-35.161,-73.535
1542,-0.006,356,46.559,48.359,34.183,52.264,52.115,50.603,55.686,49.517,46.781,60.814,-52.372,57.886,-54.343,41.198,-57.967,-83.328,-54.214,-73.701,-38.735,-80.853
1543,-0.004,353,46.559,48.359,34.183,52.264,52.115,50.603,55.686,49.517,46.781,60.814,-52.372,57.886,-54.343,41.198,-57.967,-83.328,-54.214,-73.701,-38.735,-80.853
1544,-0.015,392,76.024,77.845,64.558,81.853,78.254,78.178,83.749,78.325,76.501,88.817,-77.063,86.345,-85.311,70.66,-86.452,-110.433,-83.146,-102.745,-70.687,-112.104
1545,-0.006,381,62.596,63.395,51.179,69.337,67.085,65.143,73.323,66.166,61.077,80.886,-84.254,73.388,-71.827,56.514,-73.688,-100.557,-72.767,-87.962,-61.758,-94.681
1546,-0.001,349,41.113,40.979,30.037,47.261,44.513,42.185,52.015,42.824,38.926,56.838,-49.949,51.329,-50.171,33.038,-51.486,-75.939,-49.636,-66.597,-38.395,-74.158
1547,0.001,334,27.783,29.947,18.276,33.532,30.966,29.58,36.613,29.569,27.144,41.134,-32.027,37.524,-37.006,20.436,-38.413,-61.179,-35.874,-54.573,-26.019,-64.233
1548,-0.002,344,28.343,30.426,18.672,33.852,31.83,30.419,36.961,30.327,27.588,40.725,-32.531,38.139,-37.271,21.5,-38.891,-61.57,-36.864,-55.321,-26.328,-64.651
1549,0.004,312,6.927,12.853,-1.196,11.577,9.782,10.513,13.117,9.673,9.207,16.988,-10.096,16.209,-15.798,0.985,-18.608,-38.073,-13.329,-35.29,-6.374,-49.265
1550,0.008,287,-19.517,-10.839,-26.222,-13.324,-14.711,-14.813,-11.309,-14.032,-15.114,-8.672,9.494,-9.755,9.255,-23.983,5.956,-16.535,12.63,-10.24,21.483,-28.843
1551,0.001,309,-2.912,5.777,-9.578,2.438,1.056,2.971,4.865,3.376,2.547,3.596,-1.701,7.779,-7.311,-5.854,-10.38,-27.723,-3.531,-27.563,11.405,-43.98
1552,-0.003,338,22.682,27.229,12.575,28.79,28.636,27.523,33.027,26.774,26.115,31.264,-32.805,33.722,-32.147,18.294,-33.32,-56.719,-30.181,-51.689,-9.177,-62.693
1553,-0.008,358,49.687,51.977,36.951,55.36,54.537,54.026,59.112,54.897,51.037,60.471,-50.593,60.468,-58.913,44.447,-60.27,-86.153,-56.429,-76.87,-38.645,-85.084
1554,-0.012,381,64.001,65.433,52.12,69.751,66.44,66.751,72.384,68.199,64.75,74.205,-63.804,74.259,-73.839,58.412,-74.244,-99.022,-70.197,-90.079,-57.736,-99.815
1555,-0.024,429,101.88,106.335,93.152,108.861,106.55,102.712,110.468,103.223,101.564,115.34,-107.571,112.37,-111.652,95.333,-112.988,-134.564,-111.708,-129.457,-101.217,-132.615
1556,-0.011,411,83.834,87.191,76.49,92.451,89.406,85.052,94.801,85.385,81.439,101.837,-106.364,95.022,-94.512,77.692,-94.6,-118.5,-95.802,-110.635,-85.344,-112.796
1557,-0.015,413,85.418,88.941,77.97,93.589,89.673,86.69,94.743,87.028,83.285,100.552,-94.81,96.617,-96.012,79.097,-96.146,-118.564,-95.348,-112.83,-86.538,-115.127
1558,-0.008,400,74.053,78.025,67.496,82.822,80.538,75.936,85.355,75.804,71.419,89.391,-92.907,84.815,-84.763,67.637,-84.23,-108.858,-86.125,-101.691,-75.457,-102.478
1559,-0.004,379,59.434,63.984,51.998,68.144,68.38,62.922,71.719,62.178,57.525,76.576,-74.462,70.789,-69.655,53.335,-70.147,-95.605,-72.814,-88.223,-59.571,-87.775
1560,-0.009,386,63.048,68.497,55.829,71.321,69.979,66.71,72.935,65.726,61.723,73.553,-58.839,74.304,-73.242,56.917,-73.586,-97.449,-72.17,-92.886,-62.537,-93.318
1561,-0.01,390,65.188,70.925,58.09,73.286,71.987,68.636,75.05,67.837,64.222,74.612,-58.989,76.389,-75.542,59.351,-75.673,-98.985,-73.426,-95.269,-64.283,-96.372
1562,-0.019,413,90.624,96.816,82.257,98.322,96.465,93.796,99.289,91.624,92.008,104.605,-92.629,101.671,-101.155,86.087,-101.497,-123.662,-99.55,-120.314,-87.198,-124.154
1563,-0.014,410,88.536,93.351,79.386,95.783,95.853,91.158,98.982,89.139,89.333,105.753,-110.729,99.372,-98.013,84.166,-98.882,-122.528,-99.504,-116.362,-84.76,-120.536
1564,-0.016,411,88.536,93.351,79.386,95.783,95.853,91.158,98.982,89.139,89.333,105.753,-110.729,99.372,-98.013,84.166,-98.882,-122.528,-99.504,-116.362,-84.76,-120.536
1565,-0.03,439,117.369,120.627,108.96,125.453,123.845,117.467,126.846,117.924,118.198,130.421,-126.221,127.444,-126.323,111.134,-128.68,-153.56,-128.623,-146.292,-116.337,-147.427
1566,-0.042,461,145.013,146.202,134.733,152.853,148.851,143.273,154.342,141.05,140.86,159.489,-154.117,153.017,-150.396,139.553,-152.376,-183.532,-154.785,-169.64,-141.427,-167.726
1567,-0.096,495,200.999,202.158,189.24,207.886,206.231,200.22,206.084,202.463,195.885,216.989,-207.597,208.696,-205.793,198.037,-216.119,-209.826,-207.649,-192.496,-200.318,-224.049
1568,-0.108,506,211.354,211.452,198.334,218.734,214.92,212.514,214.423,215.269,206.994,227.979,-215.018,218.363,-217.348,208.1,-222.536,-217.599,-217.881,-198.786,-209.021,-232.573
1569,-0.109,513,212.596,212.672,199.522,220.047,216.227,213.899,215.842,216.618,208.278,229.509,-216.217,219.712,-218.805,209.219,-223.227,-219.067,-219.175,-200.206,-209.784,-233.748
1570,-0.032,512,165.98,164.093,150.547,175.175,172.853,161.527,177.487,163.426,155.297,192.374,-180.534,178.06,-175.192,160.937,-179.44,-226.464,-185.634,-212.069,-166.271,-191.689
1571,-0.049,517,175.257,173.622,160.432,182.324,176.303,172.699,184.63,172.435,165.677,195.473,-173.6,186.877,-182.858,169.712,-188.104,-233.761,-192.107,-217.37,-173.765,-204.587
1572,-0.014,474,119.681,120.256,108.53,128.736,123.011,120.254,129.401,120.904,113.244,142.959,-133.614,133.402,-132.163,114.665,-135.892,-183.916,-141.532,-167.342,-122.701,-157.434
1573,-0.037,513,148.692,147.11,136.671,157.394,149.762,149.274,157.683,151.077,142.807,168.007,-151.801,161.18,-162.22,142.718,-164.109,-215.227,-170.53,-195.638,-147.823,-185.619
1574,-0.043,539,158.15,158.129,147.4,167.483,159.451,160.164,168.889,158.756,151.261,178.621,-162.638,170.807,-171.754,152.56,-172.299,-222.306,-180.435,-203.62,-156.88,-192.244
1575,-0.017,494,128.598,130.079,117.96,138.661,132.892,129.589,139.406,129.483,121.704,153.939,-143.85,143.082,-142.365,123.734,-145.193,-192.36,-150.548,-177.539,-132.138,-164.291
1576,-0.011,450,107.022,107.764,96.068,116.073,110.781,108.9,117.156,109.717,101.136,127.708,-119.422,121.055,-120.142,101.552,-123.457,-171.056,-128.625,-154.774,-110.498,-146.162
1577,-0.002,416,64.172,63.989,52.749,72.546,68.657,68.963,76.182,69.451,60.67,84.91,-67.302,79.653,-79.299,57.031,-81.968,-126.252,-84.969,-111.734,-64.508,-108.284
1578,-0.004,420,64.172,63.989,52.749,72.546,68.657,68.963,76.182,69.451,60.67,84.91,-67.302,79.653,-79.299,57.031,-81.968,-126.252,-84.969,-111.734,-64.508,-108.284
1579,6.94E-18,408,49.773,50.572,38.603,57.431,53.168,54.85,60.484,55.233,47.449,68.471,-48.836,64.753,-65.103,42.478,-67.619,-109.108,-69.113,-96.454,-50.302,-97.173
1580,0.004,358,18.271,23.016,9.433,24.802,20.11,25.488,25.315,25.983,19.447,34.226,-17.057,32.399,-34.465,12.07,-38.162,-72.207,-35.826,-63.986,-20.18,-73.615
1581,0.01,334,-22.756,-12.698,-27.811,-10.91,-15.988,-15.074,-12.546,-10.457,-19.858,-2.733,12.08,-5.848,5.018,-26.51,-1.188,-33.12,2.832,-23.998,23.759,-41.798
1582,0.016,303,-44.523,-37.462,-52.043,-35.865,-41.182,-37.529,-35.498,-33.742,-40.954,-27.889,31.432,-30.534,27.822,-48.3,20.829,-3.164,28.336,2.38,50.751,-16.285
1583,0.019,284,-55.123,-49.516,-63.673,-48.086,-52.405,-48.606,-47.037,-44.756,-51.055,-40.362,41.405,-42.731,39.261,-59.076,31.308,11.967,40.929,15.293,62.89,-3.262
1584,0.021,274,-62.157,-57.374,-70.936,-56.16,-59.775,-55.949,-54.323,-51.985,-57.532,-48.081,48.378,-50.703,46.797,-66.068,38.035,21.636,49.29,23.224,70.727,5.51
1585,0.01,289,-52.888,-40.746,-56.938,-43.338,-48.841,-44.761,-42.482,-38.773,-45.381,-38.52,45.507,-38.522,36.256,-55.626,26.724,9.232,36.547,9.489,58.791,-15.567
1586,0.016,283,-52.907,-45.981,-61.118,-45.964,-49.46,-45.194,-44.567,-42.772,-47.407,-38.634,37.626,-40.409,36.957,-56.803,29.643,10.17,38.015,13.787,63.319,-8.528
1587,0.022,263,-65.565,-60.728,-74.349,-60.063,-63.32,-59.585,-57.773,-55.542,-60.669,-51.795,51.818,-54.464,50.5,-69.446,41.38,26.312,53.4,27.09,74.523,9.776
1588,0.018,264,-66.71,-59.043,-73.413,-60.178,-65.703,-61.494,-58.305,-54.412,-61.199,-54.286,56.388,-55.078,52.335,-70.486,41.232,28.169,53.737,26.264,73.43,7.956
1589,0.025,247,-74.778,-69.889,-83.903,-69.973,-72.973,-68.658,-67.767,-64.791,-69.515,-60.493,61.945,-64.251,58.975,-78.859,51.96,37.359,63.588,37.99,84.712,17.981
1590,0.028,237,-83.653,-78.122,-92.289,-79.149,-82.347,-77.076,-77.182,-73.384,-78.076,-69.504,72.12,-73.615,66.876,-87.939,62.673,48.279,73.383,48.369,93.963,27.515
1591,0.017,245,-77.428,-68.656,-83.819,-72.387,-76.061,-70.677,-69.281,-65.269,-69.177,-67.853,70.986,-66.763,62.984,-80.525,56.464,44.533,65.928,39.044,86.318,18.531
1592,0.014,255,-71.202,-61.363,-77.466,-65.666,-69.478,-63.321,-61.985,-58.283,-62.53,-59.244,62.458,-59.341,56.434,-73.9,48.948,35.89,59.082,33.421,79.735,9.282
1593,0.018,253,-70.117,-63.063,-78.768,-65.697,-67.139,-61.457,-61.833,-59.486,-62.238,-57.223,57.902,-58.958,54.723,-73.026,49.42,34.48,58.816,34.357,80.896,11.312
1594,0.011,266,-64.135,-53.657,-69.63,-56.869,-61.523,-55.874,-53.827,-50.007,-55.69,-49.198,53.028,-50.667,48.167,-66.944,40.85,26.522,51.133,26.184,71.587,-0.231
1595,0.019,258,-67.572,-63.237,-77.712,-63.026,-65.561,-59.995,-59.709,-57.333,-61.239,-51.972,48.235,-56.242,52.417,-71.642,46.925,31.028,57.044,34.234,78.359,12.095
1596,0.014,262,-68.691,-59.958,-75.194,-62.165,-67.702,-60.876,-59.274,-55.161,-60.68,-53.198,56.048,-55.858,53.207,-71.854,45.545,31.405,56.787,32.11,75.739,7.729
1597,0.027,240,-81.897,-76.821,-90.583,-77.3,-80.644,-75.498,-75.131,-71.611,-76.468,-67.383,69.523,-71.731,65.174,-86.214,60.994,46.589,71.61,46.952,92.121,26.369
1598,0.016,253,-75.257,-66.307,-81.223,-69.527,-74.007,-68.227,-66.608,-62.686,-67.007,-64.667,68.109,-64.218,60.11,-78.442,53.944,41.577,63.212,37.086,83.802,15.406
1599,0.008,280,-56.101,-44.982,-59.912,-47.401,-52.97,-48.193,-45.334,-41.289,-48.586,-39.176,42.951,-41.942,39.122,-59.53,32.546,17.531,41.143,18.668,62.614,-10.042
1600,0.004,301,-36.219,-27.698,-41.4,-30.705,-36.428,-26.666,-28.088,-23.888,-28.709,-23.816,25.686,-26.525,18.171,-40.216,14.372,2.847,23.829,2.4,47.955,-25.414
1601,0.012,283,-48.725,-41.503,-54.66,-40.832,-44.599,-41.529,-39.637,-37.339,-44.116,-29.338,28.514,-35.636,31.031,-53.507,27.469,9.209,33.935,14.283,56.503,-10.327
1602,0.004,301,-36.219,-27.698,-41.4,-30.705,-36.428,-26.666,-28.088,-23.888,-28.709,-23.816,25.686,-26.525,18.171,-40.216,14.372,2.847,23.829,2.4,47.955,-25.414
1603,0.001,324,-16.395,-9.164,-21.862,-12.014,-14.188,-6.845,-8.726,-5.219,-9.952,-4.417,5.544,-4.812,-1.327,-21.41,-4.023,-15.007,3.895,-16.702,29.192,-39.602
1604,0.004,315,-16.93,-9.643,-22.256,-12.333,-15.04,-7.663,-9.051,-5.973,-10.393,-3.972,5.886,-5.402,-1.07,-22.447,-3.55,-14.63,4.878,-15.965,29.503,-39.185
1605,-0.001,344,-1.515,4.066,-7.904,3.859,2.11,7.292,7.585,8.223,3.054,11.656,-10.725,10.505,-15.854,-7.607,-17.801,-30.917,-11.477,-31.666,15.125,-49.554
1606,-0.007,388,40.563,42.835,31.908,46.875,44.907,47.736,50.318,47.901,40.342,57.487,-46.342,52.63,-55.917,32.639,-57.973,-77.39,-55.641,-73.35,-27.722,-82.698
1607,0.004,337,-1.68,3.629,-7.359,2.956,0.31,5.221,5.263,5.461,0.411,14.413,-6.027,9.497,-13.929,-9.636,-18.081,-30.57,-10.759,-30.849,2.479,-48.805
1608,0.005,330,-7.956,-1.832,-12.922,-2.606,-6.483,-0.856,-0.897,-0.618,-5.461,7.423,0.52,3.168,-7.82,-15.78,-11.993,-23.425,-4.548,-25.044,8.639,-43.93
1609,0.002,338,-7.487,-1.369,-12.545,-2.391,-5.686,-0.117,-0.624,0.1,-5.053,6.9,0.304,3.743,-8.053,-14.803,-12.4,-23.639,-5.367,-25.661,8.328,-44.337
1610,0.001,343,-4.316,2.474,-8.691,0.959,-1.98,3.5,3.183,4.054,-1.436,8.878,-3.027,8.031,-11.543,-10.888,-16.086,-27.64,-8.725,-29.536,6.769,-47.567
1611,6.94E-18,350,0.008,6.892,-4.147,6.384,3.137,8.31,8.61,8.761,3.061,14.287,-7.862,13.177,-16.632,-6.169,-20.788,-33.552,-13.498,-34.764,4.701,-51.641
1612,-0.002,361,11.78,16.806,6.175,18.392,15.968,18.988,22.106,19.803,13.446,26.361,-22.731,25.092,-28.1,5.102,-31.519,-45.679,-25.669,-46.12,-2.231,-60.357
1613,-0.007,388,40.563,42.835,31.908,46.875,44.907,47.736,50.318,47.901,40.342,57.487,-46.342,52.63,-55.917,32.639,-57.973,-77.39,-55.641,-73.35,-27.722,-82.698
1614,6.94E-18,363,23.596,25.108,14.806,28.982,27.557,29.756,33.676,28.886,23.932,42.122,-34.417,35.104,-38.598,14.439,-41.042,-59.227,-37.462,-54.75,-17.801,-67.532
1615,-0.01,397,53.591,56.342,45.08,60.028,57.238,59.865,62.805,60.119,53.39,67.281,-53.134,65.52,-68.79,45.802,-70.897,-90.44,-66.452,-86.457,-47.315,-96.829
1616,-0.004,386,47.838,49.4,38.988,54.886,53.631,54.15,59.474,54.461,46.694,69.245,-68.607,59.921,-62.903,39.786,-65.371,-87.06,-65.84,-79.412,-42.603,-88.231
1617,0.002,347,14.758,18.286,7.916,20.55,17.746,20.254,23.592,20.622,14.848,31.937,-21.516,26.537,-29.836,5.978,-33.596,-49.482,-27.922,-47.05,-13.496,-61.561
1618,0.006,329,-11.182,-3.496,-14.78,-4.587,-9.674,-4.319,-3.797,-4.707,-8.715,2.689,3.776,-1.249,-4.527,-18.743,-8.298,-22.393,-2.011,-23.303,11.703,-41.964
1619,0.01,304,-33.339,-21.006,-34.767,-22.845,-24.613,-25.753,-22.88,-24.078,-29.859,-15.968,19.4,-18.652,17.263,-38.171,11.672,-6.668,16.895,-5.739,35.445,-25.286
1620,0.001,330,-7.784,2.411,-11.217,-1.945,-2.814,1.659,0.303,0.041,-2.378,0.828,1.957,4.396,-7.647,-12.619,-12.049,-24.313,-5.314,-29.499,18.276,-47.477
1621,-0.001,348,5.225,13.279,-0.033,11.581,11.324,14.149,14.36,11.991,9.591,15.555,-13.307,17.555,-20.39,-0.385,-23.665,-39.352,-18.593,-41.714,6.896,-56.964
1622,-0.004,369,25.085,29.878,16.983,31.218,32.097,33.129,36.816,31.013,27.421,38.292,-37.09,38.015,-39.088,18.708,-43.16,-61.395,-38.551,-59.911,-11.68,-71.739
1623,-0.007,386,42.331,45.607,33.063,48.914,48.151,49.998,52.56,49.373,42.811,58.455,-47.284,54.86,-56.714,35.067,-60.107,-80.464,-56.412,-75.957,-30.047,-85.407
1624,-0.012,404,62.028,65.033,53.489,68.667,65.331,67.737,70.94,67.883,61.878,75.397,-61.841,73.96,-76.815,54.575,-79.232,-98.922,-74.497,-94.925,-56.61,-105.862
1625,-0.016,435,78.888,82.139,70.034,85.885,81.526,83.203,87.294,83.261,78.636,95.32,-80.457,90.755,-92.816,72.053,-96.152,-115.887,-91.866,-111.776,-74.198,-123.357
1626,-0.037,484,137.815,138.803,126.879,146.016,141.161,137.585,146.847,137.614,134.699,152.478,-145.624,147.85,-146.583,130.462,-153.651,-182.81,-149.95,-169.612,-134.463,-175.043
1627,-0.04,493,144.538,145.061,132.847,152.547,147.108,143.546,153.512,143.03,139.84,159.676,-152.402,153.89,-152.162,137.327,-159.417,-189.168,-156.055,-174.726,-140.523,-179.717
1628,-0.026,483,135.576,136.125,124.492,145.23,143.251,133.396,147.006,134.293,130.004,158.434,-163.024,145.88,-144.949,128.996,-152.062,-181.83,-150.303,-168.977,-135.223,-168.811
1629,-0.035,486,139.436,140.899,128.512,148.152,143.499,137.831,148.318,137.88,135.334,152.428,-144.423,149.47,-147.295,131.572,-155.218,-184.951,-152.602,-172.956,-137.502,-174.443
1630,-0.061,504,175.56,176.899,163.23,181.951,180.538,170.744,183.108,170.423,167.18,191.254,-184.946,184.144,-177.473,168.435,-188.395,-204.697,-185.079,-188.432,-173.466,-208.495
1631,-0.035,484,163.477,161.994,148.096,172.439,171.833,155.093,173.864,156.885,153.723,185.812,-181.161,171.835,-165.948,157.399,-176.481,-204.082,-171.647,-191.894,-160.822,-187.255
1632,-0.032,477,159.167,157.162,143.45,167.122,166.875,150.84,168.5,153.183,149.484,180.291,-177.19,166.99,-161.266,152.58,-172.539,-200.675,-167.07,-188.267,-156.396,-183.923
1633,-0.053,492,171.28,169.485,156.491,176.528,172.413,164.806,178.129,165.106,161.381,186.446,-176.036,178.501,-171.903,163.34,-183.348,-207.104,-178.539,-191.222,-167.031,-200.799
1634,-0.036,482,164.267,161.605,148.237,172.909,170.439,155.571,174.337,157.811,153.051,187.174,-184.364,171.684,-167.431,157.717,-176.634,-204.913,-173.676,-191.474,-161.033,-188.331
1635,-0.02,447,133.98,133.029,119.211,140.235,138.908,127.365,141.236,130.358,126.333,152.71,-152.39,140.756,-137.471,127.051,-148.733,-178.46,-143.872,-163.05,-132.974,-164.007
1636,-0.017,439,125.517,124.599,112.444,132.541,129.757,119.766,132.668,122.402,118.667,145.265,-143.287,133.194,-130.863,119.159,-140.07,-170.117,-136.198,-155.12,-124.464,-158.039
1637,-0.014,417,115.383,114.334,103.014,121.845,119.296,110.228,121.763,112.484,109.617,133.438,-132.251,122.745,-120.128,108.574,-129.541,-158.901,-126.613,-144.495,-113.897,-149.935
1638,-0.011,393,102.928,101.841,90.846,109.243,107.147,98.917,109.533,101.296,97.685,118.532,-118.059,110.398,-108.151,95.672,-117.106,-146.152,-114.305,-132.086,-101.851,-138.664
1639,-0.008,387,90.14,88.983,78.077,96.381,94.723,87.287,97.254,89.949,85.436,104.658,-103.603,97.952,-95.966,82.585,-104.546,-133.358,-101.484,-119.445,-88.867,-126.971
1640,-0.022,412,113.97,114.057,100.735,118.703,116.814,110.745,118.37,113.079,111.881,126.78,-112.159,121.414,-119.243,106.818,-128.881,-154.784,-123.241,-143.671,-109.807,-153.862
1641,-0.005,378,77.063,75.829,65.004,83.379,82.204,75.372,84.999,78.339,72.842,93.447,-89.938,85.326,-83.765,69.351,-91.94,-120.56,-90.306,-106.685,-75.264,-114.774
1642,-0.013,388,87.891,87.648,75.912,93.235,90.764,85.718,92.846,88.248,85.09,96.779,-78.933,95.586,-94.526,80.667,-102.134,-127.551,-96.863,-118.68,-82.707,-129.237
1643,-0.001,355,53.718,51.5,41.035,58.422,57.652,52.122,61.692,53.993,51.016,68.801,-57.496,61.715,-60.516,44.563,-68.519,-93.79,-64.416,-82.772,-49.291,-95.381
1644,0.002,324,30.554,31.226,19.795,34.746,33.496,30.642,35.817,32.388,30.527,43.553,-30.935,38.438,-38.621,22.355,-46.54,-68.295,-40.566,-60.797,-27.674,-77.904
1645,-0.006,362,55.702,54.801,43.619,60.796,60.147,55.867,62.372,57.988,54.212,67.667,-56.68,64.541,-63.509,48.437,-71.004,-95.009,-67.549,-86.382,-42.466,-98.401
1646,-0.009,368,66.252,66.119,53.995,71.311,70.01,67.101,72.202,68.976,65.63,76.082,-58.977,74.57,-74.633,58.78,-80.532,-106.362,-76.663,-97.27,-56.391,-109.526
1647,-0.004,361,62.639,61.605,50.164,68.134,68.412,63.312,70.985,65.429,61.432,79.105,-74.599,71.055,-71.046,55.198,-77.093,-104.518,-77.307,-92.606,-53.426,-103.983
1648,0.002,324,30.554,31.226,19.795,34.745,33.496,30.642,35.817,32.388,30.527,43.553,-30.935,38.438,-38.621,22.355,-46.54,-68.295,-40.566,-60.797,-27.674,-77.904
1649,0.004,306,14.932,17.67,5.581,18.388,16.874,16.339,18.721,17.983,16.591,26.485,-15.762,22.641,-23.658,7.413,-31.81,-50.685,-24.408,-45.785,-12.856,-66.116
1650,6.94E-18,321,18.844,22.049,9.918,23.156,21.729,20.894,23.84,22.761,20.727,28.309,-19.892,27.677,-27.622,12.548,-36.173,-55.262,-28.975,-50.668,-14.724,-69.802
1651,0.004,306,14.932,17.67,5.581,18.388,16.874,16.339,18.721,17.983,16.591,26.485,-15.762,22.641,-23.658,7.413,-31.81,-50.685,-24.408,-45.785,-12.856,-66.116
1652,0.016,269,-46.156,-40.465,-53.95,-40.027,-43.055,-42.126,-38.77,-39.119,-42.538,-32.454,32.392,-35.529,33.672,-50.634,26.822,7.649,33.841,11.481,54.347,-9.136
1653,0.01,275,-46.136,-35.231,-49.77,-37.401,-42.436,-41.692,-36.685,-35.12,-40.512,-32.34,40.273,-33.641,32.971,-49.457,23.904,6.711,32.373,7.183,49.818,-16.175
1654,0.002,305,-13.719,-6.644,-21.666,-10.188,-11.399,-5.896,-7.677,-5.477,-6.444,-4.978,7.542,-3.909,1.454,-17.695,-5.952,-19.471,3.801,-19.957,26.831,-45.549
1655,0.012,281,-37.44,-30.059,-44.722,-30.307,-31.894,-32.149,-29.248,-29.163,-33.155,-20.869,21.783,-25.297,24.843,-41.558,16.79,-3.869,24.559,2.363,43.723,-21.684
1656,0.004,299,-24.933,-16.254,-31.463,-20.181,-23.724,-17.286,-17.698,-15.712,-17.748,-15.347,18.955,-16.186,11.983,-28.267,3.693,-10.231,14.453,-9.52,35.175,-36.771
1657,0.003,302,-19.539,-11.621,-26.741,-15.289,-17.726,-11.698,-12.913,-10.847,-12.168,-10.71,13.724,-10.132,6.929,-23.182,-0.909,-13.966,9.29,-14.625,31.587,-41.044
1658,0.001,313,-7.139,-1.241,-16.08,-4.118,-4.549,0.24,-1.395,1.011,-0.548,2.407,-0.637,3.068,-4.983,-11.533,-12.229,-27.091,-2.686,-25.917,20.789,-50.438
1659,0.007,293,-19.062,-13.897,-28.719,-15.469,-17.168,-13.009,-13.692,-12.417,-13.454,-6.871,7.024,-11.692,7.485,-25.054,0.045,-18.274,9.334,-12.299,26.943,-39.011
1660,0.002,306,-12.401,-5.917,-20.901,-8.782,-10.392,-4.656,-6.775,-4.268,-5.496,-2.827,5.193,-2.457,0.351,-16.718,-7.364,-21.273,2.434,-20.624,23.235,-46.182
1661,-0.001,333,6.525,9.879,-3.685,10.713,9.791,12.85,13.941,14.229,11.421,18.301,-16.633,17.429,-19.034,1.277,-25.374,-42.78,-16.834,-38.573,7.498,-60.39
1662,-0.002,344,13.593,15.587,2.831,18.06,16.886,19.255,21.793,20.873,17.404,26.427,-25.156,24.634,-26.087,7.815,-31.995,-50.479,-24.561,-44.942,0.806,-65.377
1663,-0.004,356,27.822,27.269,16.077,32.454,30.563,31.992,37.395,34.162,29.251,42.223,-40.537,38.613,-40.144,20.754,-45.12,-65.35,-39.755,-58.027,-12.501,-75.323
1664,-0.007,375,46.094,45.102,34.258,51.202,48.601,49.199,53.517,52.86,45.06,62.064,-50.482,55.628,-58.787,38.164,-62.305,-84.46,-59.536,-75.899,-31.9,-89.003
1665,-0.023,444,103.747,106.451,95.03,110.508,107.138,104.636,111.142,105.923,102.62,120.001,-107.456,114.297,-115.149,95.825,-120.928,-141.392,-117.822,-135.581,-102.389,-145.155
1666,-0.013,436,93.439,94.863,85.147,101.139,97.786,94.557,102.907,95.356,90.928,116.305,-117.564,104.435,-105.179,86.31,-110.664,-133.031,-109.549,-124.217,-94.173,-133.376
1667,-0.009,418,81.207,82.828,73.96,89.706,86.034,82.57,91.184,83.866,77.675,99.594,-100.241,92.185,-93.478,73.215,-97.795,-121.042,-97.33,-112.636,-82.402,-120.122
1668,-0.025,450,109.389,112.077,100.121,116.035,113.144,109.588,116.897,111.196,107.997,124.663,-114.103,119.942,-119.932,101.285,-126.685,-147.715,-123.478,-141.57,-108.565,-150.178
1669,-0.009,422,82.974,85.292,76.093,91.533,88.197,84.24,93.015,84.998,79.387,100.357,-100.735,93.795,-94.657,75.241,-99.214,-123.087,-99.207,-115.036,-84.292,-121.939
1670,-0.014,427,86.095,89.036,79.381,94.339,89.495,87.537,93.9,88.038,83.21,100.944,-83.295,96.975,-97.995,78.393,-102.476,-124.535,-99.96,-119.369,-86.885,-127.038
1671,-0.002,386,54.117,55.741,44.985,61.264,60.899,57.505,65.578,55.848,52.308,71.474,-61.216,65.879,-64.169,45.746,-71.039,-94.741,-68.286,-86.823,-52.125,-94.978
1672,-0.001,375,48.1,49.58,38.372,54.441,53.734,50.777,58.904,49.278,46.128,64.09,-53.25,59.077,-57.52,39.202,-64.441,-87.5,-60.858,-80.451,-45.614,-90.134
1673,0.001,355,34.105,36.536,24.545,39.929,38.477,36.955,42.272,35.824,33.308,48.78,-35.614,44.551,-43.53,25.727,-50.857,-72.521,-45.726,-66.997,-32.307,-80.197
1674,0.004,329,12.21,16.646,3.575,16.57,14.48,15.701,17.436,15.61,13.815,24.367,-13.651,21.781,-21.866,5.088,-30.163,-49.086,-22.541,-45.148,-11.58,-65.229
1675,0.007,314,-8.552,-2.254,-16.138,-2.593,-6.428,-4.276,-2.139,-3.084,-5.115,3.655,1.506,-0.322,-2.326,-14.514,-10.734,-31.533,-1.81,-24.791,10.164,-49.104
1676,6.94E-18,341,9.508,15.484,1.822,15.064,12.927,14.489,16.813,15.923,13.138,18.815,-12.843,20.493,-20.629,4.772,-28.475,-46.605,-20.329,-44.179,-0.417,-64.917
1677,0.013,286,-36.38,-28.997,-43.166,-28.48,-31.493,-32.151,-28.115,-28.87,-32.984,-21.294,23.126,-24.46,23.845,-40.614,16.472,-4.727,23.152,0.457,42.705,-21.493
1678,0.005,297,-26.846,-16.869,-31.886,-20.845,-24.438,-20.156,-18.652,-17.444,-20.561,-17.11,22.926,-17.269,13.455,-30.21,5.698,-10.193,15.213,-9.135,34.744,-35.582
1679,-0.001,334,9.217,13.52,-0.871,13.337,13.036,15.348,16.519,15.989,13.988,19.456,-17.552,19.832,-20.583,4.312,-27.506,-45.85,-19.531,-42.143,4.81,-63.111
1680,0.002,324,8.658,13.04,-1.268,13.016,12.172,14.51,16.171,15.232,13.543,19.863,-17.068,19.217,-20.317,3.249,-27.028,-45.459,-18.542,-41.395,5.12,-62.693
1681,0.005,307,-4.299,-0.013,-14.619,-1.422,-2.752,1.095,0.394,1.202,0.428,6.687,-1.951,4.036,-6.136,-10.75,-13.528,-29.69,-5.049,-26.82,11.19,-51.076
1682,0.013,286,-36.38,-28.997,-43.166,-28.48,-31.493,-32.151,-28.115,-28.87,-32.984,-21.294,23.126,-24.46,23.845,-40.614,16.472,-4.727,23.152,0.457,42.705,-21.493
1683,0.022,247,-66.342,-62.23,-75.333,-62.145,-64.261,-61.878,-59.409,-58.488,-61.605,-54.082,52.586,-56.988,53.429,-70.613,46.756,31.718,56.154,31.64,76.32,14.973
1684,0.009,266,-52.952,-41.108,-57.24,-44.784,-48.336,-45.778,-43.051,-40.629,-45.055,-39.244,43.626,-40.082,38.597,-55.733,30.608,14.031,38.894,14.226,59.717,-12.194
1685,0.008,271,-50.637,-38.438,-54.87,-42.327,-45.474,-43.265,-40.482,-37.79,-42.636,-36.18,40.202,-37.166,36.383,-53.381,27.813,11.245,36.507,12.139,57.118,-15.472
1686,0.004,291,-31.959,-23.856,-38.799,-26.952,-31.721,-22.624,-24.011,-20.839,-23.697,-20.29,22.592,-22.224,16.64,-35.452,10.132,-3.286,21.122,-1.679,43.8,-30.832
1687,0.015,265,-50.436,-45.072,-58.639,-44.175,-47.875,-44.671,-41.797,-40.746,-46.185,-33.295,32.594,-38.169,35.919,-54.736,29.09,11.354,38.176,16.677,58.253,-6.741
1688,0.007,277,-46.333,-34.923,-49.933,-37.33,-41.932,-38.06,-35.483,-32.168,-39.362,-29.93,35.236,-32.269,30.081,-49.676,22.062,7.399,31.876,8.952,50.763,-19.588
1689,0.025,239,-75.127,-70.64,-84.395,-71.014,-73.444,-69.804,-68.585,-66.283,-70.12,-61.641,62.601,-65.513,60.44,-79.443,55.102,40.062,64.964,40.265,85.611,21.356
1690,0.014,252,-67.423,-57.668,-73.03,-61.255,-65.731,-60.774,-58.732,-55.631,-59.555,-56.556,60.849,-56.23,53.027,-70.634,46.332,32.214,54.761,29.4,75.724,6.415
1691,0.009,265,-56.168,-44.804,-61.208,-48.184,-52.085,-48.326,-45.9,-42.532,-48.029,-41.061,44.95,-42.475,41.044,-59,32.977,17.173,42.593,18.122,63.098,-9.428
1692,0.007,277,-50.665,-39.06,-54.742,-41.966,-46.182,-40.919,-39.859,-36.093,-42.336,-33.923,38.091,-36.5,33.695,-53.96,26.86,11.531,36.246,13.315,56.835,-16.145
1693,0.004,294,-34.054,-26.282,-40.35,-28.992,-34.906,-25.011,-26.269,-22.466,-26.671,-21.824,24.097,-24.616,17.443,-38.258,12.5,-0.144,22.479,0.732,46.29,-28.123
1694,0.007,289,-34.409,-26.7,-40.65,-29.192,-34.091,-25.618,-26.45,-23.058,-27.037,-21.251,23.457,-25.059,17.602,-39.121,12.826,-1.425,23.175,1.275,46.555,-27.762
1695,0.008,287,-36.381,-29.653,-43.436,-31.758,-34.544,-28.427,-28.658,-25.569,-30.188,-20.936,23.077,-26.25,19.732,-42.135,15.476,-1.048,24.731,3.414,47.831,-25.095
1696,0.017,265,-56.755,-52.617,-64.724,-50.897,-56.122,-52.008,-48.96,-47.147,-53.744,-40.629,39.241,-45.6,41.121,-62.179,36.608,20.183,44.112,23.83,65.763,2.226
1697,0.024,244,-72.965,-68.568,-82.032,-68.8,-71.119,-68.173,-66.324,-64.373,-68.357,-59.642,59.771,-63.558,58.529,-77.471,53.247,38.372,62.584,38.251,83.428,20.198
1698,0.01,260,-58.202,-46.787,-63.03,-50.754,-54.374,-50.78,-48.398,-45.299,-50.391,-44.409,48.445,-45.381,43.321,-61.165,35.743,20.261,44.542,19.615,65.664,-6.171
1699,0.008,267,-53.422,-41.494,-57.877,-44.828,-48.66,-45.759,-43.076,-39.437,-45.611,-37.714,41.589,-39.559,37.938,-56.469,30.181,14.388,39.242,15.476,59.927,-12.751