,inputs,outputs,nb_plays-0-units-64-ensemble-1-predictions,nb_plays-0-units-64-ensemble-2-predictions,nb_plays-0-units-64-ensemble-3-predictions,nb_plays-0-units-0-__activation__-elu-__nb_plays__-50-__units__-50-ensemble-10=predictions,nb_plays-0-units-64-ensemble-5-predictions,nb_plays-0-units-64-ensemble-6-predictions,nb_plays-0-units-64-ensemble-7-predictions,nb_plays-0-units-64-ensemble-8-predictions,nb_plays-0-units-64-ensemble-9-predictions,nb_plays-0-units-64-ensemble-10-predictions,nb_plays-0-units-64-ensemble-11-predictions,nb_plays-0-units-64-ensemble-11-predictions,nb_plays-0-units-64-ensemble-13-predictions,nb_plays-0-units-64-ensemble-14-predictions,nb_plays-0-units-64-ensemble-15-predictions,nb_plays-0-units-64-ensemble-16-predictions,nb_plays-0-units-64-ensemble-17-predictions,nb_plays-0-units-64-ensemble-18-predictions,nb_plays-0-units-64-ensemble-19-predictions,nb_plays-0-units-64-ensemble-20-predictions
1300,-0.012,132,-213.012,72.51,-63.566,110.415,-142.987,-90.175,-366.472,135.854,-33.718,106.761,-85.392,39.888,-309.773,-51.558,8.767,521.078,-404.55,-140.028,90.82,-25.727
1301,-0.015,142,-206.486,79.469,-67.524,122.174,-146.006,-84.113,-370.808,141.325,-41.47,140.29,-80.264,44.552,-312.044,-47.434,11.299,516.578,-401.875,-132.543,96.583,-19.081
1302,-0.003,117,-224.401,59.009,-106.433,101.551,-136.019,-98.111,-382.995,132.723,-89.509,150.394,-90.148,32.18,-336.713,-52.714,-6.956,524.917,-409.954,-151.077,79.31,-32.196
1303,-0.007,126,-220.274,61.845,-115.461,100.973,-140.144,-98.484,-381.607,134.679,-115.509,155.325,-90.295,33.021,-343.123,-50.515,-10.21,524.257,-407.963,-147.377,75.698,-34.622
1304,-0.009,129,-220.229,67.17,-129.341,102.462,-140.566,-97.312,-380.39,137.052,-136.986,156.41,-88.871,35.651,-345.298,-51.3,-12.821,522.39,-406.419,-149.142,74.322,-25.639
1305,0.001,90,-235.14,50.768,-173.975,77.857,-131.488,-111.167,-387.026,128.297,-170.903,136.774,-98.548,25.931,-357.591,-58.019,-30.418,529.957,-412.771,-152.112,52.929,-46.821
1306,-0.001,96,-235.138,49.243,-192.957,75.635,-133.352,-115.173,-386.218,128.366,-181.077,118.385,-101.023,25.25,-358.075,-60.886,-36.575,531.055,-412.157,-157.508,41.073,-46.7
1307,0.002,69,-242.319,46.058,-214.177,67.639,-129.073,-123.213,-388.062,124.89,-193.429,88.876,-105.691,22.386,-359.871,-65.877,-47.78,533.44,-413.954,-153.629,23.885,-49.091
1308,0.004,63,-246.662,41.143,-224.62,54.615,-126.826,-131.53,-389.235,121.725,-206.276,58.963,-109.98,19.352,-361.005,-72.304,-57.651,535.306,-415.379,-161.772,5.943,-54.988
1309,-0.002,89,-239.004,50.31,-221.158,77.871,-132.068,-130.385,-385.958,126.874,-212.57,68.702,-106.129,24.268,-358.769,-82.785,-56.833,531.251,-411.893,-151.02,1.179,-42.54
1310,-0.005,105,-232.686,58.469,-213.826,90.886,-134.622,-129.325,-383.861,131.103,-214.667,94.801,-101.622,28.61,-357.538,-97.354,-56.365,527.783,-409.514,-151.833,-2.328,-33.772
1311,-0.01,122,-221.251,67.4,-203.036,95.086,-140.271,-125.064,-379.997,137.63,-205.839,128.32,-94.423,34.706,-355.172,-125.541,-53.839,523.078,-405.884,-139.845,-6.212,-25.625
1312,-0.011,123,-216.064,70.913,-189.067,93.048,-142.055,-124.139,-378.713,140.854,-197.802,155.268,-89.992,37.358,-354.599,-145.676,-54.666,521.034,-404.764,-138.604,-5.963,-16.057
1313,-0.004,111,-225.005,59.421,-194.896,69.725,-136.722,-133.783,-383.689,134.747,-196.27,159.861,-94.615,30.935,-357.876,-141.327,-63.931,526.292,-409.329,-136.295,-9.15,-31.609
1314,0.002,73,-236.701,45.858,-198.256,53.461,-131.485,-145.895,-387.721,126.793,-196.481,142.734,-102.51,23.412,-360.462,-128.806,-73.918,532.886,-413.542,-148.155,-13.531,-44.84
1315,-0.002,89,-233.091,51.662,-196.19,54.112,-134.346,-147.693,-385.732,128.358,-194.766,135.322,-102.805,25.709,-359.021,-124.071,-73.487,531.784,-411.594,-139.768,-13.97,-39.516
1316,0.005,49,-244.716,40.612,-203.058,39.982,-126.697,-157.376,-389.676,120.598,-196.153,115.599,-110.328,19.539,-361.916,-101.907,-79.814,536.324,-415.67,-151.174,-19.417,-51.885
1317,0.003,53,-242.054,41.3,-203.81,31.744,-128.607,-159.715,-388.781,120.452,-195.727,86.271,-112.142,19.63,-361.248,-89.457,-78.94,536.109,-414.984,-144.449,-21.358,-49.037
1318,0.014,20,-260.303,22.487,-219.737,21.231,-116.833,-172.164,-394.056,107.513,-198.083,47.565,-124.677,9.17,-365.361,-68.693,-86.348,543.838,-421.325,-161.228,-28.833,-73.857
1319,0.017,9,-263.185,14.411,-230.001,14.096,-111.773,-179.902,-395.088,99.704,-199.025,14.573,-134.122,3.736,-366.541,-61.435,-88.941,547.762,-423.933,-161.166,-34.848,-74.888
1320,0.009,20,-252.74,26.908,-227.585,13.382,-118.185,-176.258,-392.117,104.765,-197.694,32.332,-131.316,8.705,-364.049,-60.771,-84.479,543.363,-419.9,-167.495,-35.883,-75.542
1321,0.02,-1,-268.074,11.45,-240.661,8.934,-106.576,-185.25,-396.129,92.333,-199.51,34.556,-140.542,0.997,-367.736,-68.374,-89.596,549.481,-425.38,-170.658,-42.931,-84.106
1322,0.023,-10,-269.607,0.651,-250.473,6.817,-101.612,-190.314,-396.823,84.62,-200.29,16.371,-147.829,-4.491,-368.821,-71.705,-91.645,553.097,-427.882,-187.439,-48.044,-100.445
1323,0.027,-14,-273.467,-6.249,-259.642,4.996,-95.026,-194.72,-397.887,75.641,-201.058,-22.125,-153.7,-8.997,-370.25,-72.625,-94.308,556.875,-430.403,-189.311,-53.115,-102.669
1324,0.05,-49,-297.129,-47.162,-281.841,-1.784,-65.007,-210.591,-403.169,47.274,-204.51,-107.398,-172.003,-27.074,-377.146,-84.376,-105.048,573.015,-440.93,-212.826,-65.14,-143.494
1325,0.051,-56,-291.453,-56.537,-288.419,-2.758,-47.744,-214.201,-403.112,34.928,-205.363,-138.22,-177.415,-33.258,-377.807,-85.18,-107.806,578.739,-441.123,-216.621,-70.239,-146.936
1326,0.056,-70,-294.824,-63.124,-293.146,-4.432,-22.777,-218.34,-404.109,15.349,-206.225,-140.717,-181.761,-38.798,-379.466,-86.263,-110.453,584.035,-443.254,-220.454,-75.229,-161.597
1327,0.074,-82,-308.774,-94.884,-303.85,-9.363,29.478,-226.768,-407.478,-18.521,-209.138,-168.398,-189.057,-50.359,-384.52,-91.511,-118.401,597.632,-451.647,-227.952,-83.507,-186.565
1328,0.08,-101,-307.635,-111.551,-310.934,-10.962,105.484,-231.099,-408.435,-35.097,-211.398,-171.741,-192.461,-58.055,-385.893,-92.911,-120.991,605.799,-454.075,-232.126,-87.598,-193.196
1329,0.048,-86,-280.594,-54.791,-301.058,-2.844,129.332,-217.947,-402.285,-18.916,-207.868,-92.825,-183.888,-47.456,-378.322,-80.911,-109.393,587.171,-439.999,-222.47,-78.954,-165.155
1330,0.071,-91,-309.05,-84.721,-312.834,-8.788,175.331,-226.63,-406.998,-42.412,-211.699,-119.215,-191.016,-54.092,-383.97,-88.501,-117.034,596.254,-450.527,-229.935,-85.957,-185.902
1331,0.08,-101,-311.12,-109.855,-324.067,-10.922,226.691,-231.165,-408.455,-52.949,-217.694,-147.764,-194.187,-59.898,-385.944,-90.004,-120.456,604.452,-454.124,-234.345,-88.87,-205.302
1332,0.05,-94,-282.61,-59.075,-318.457,-3.252,233.601,-219.051,-402.698,-35.599,-215.275,-98.211,-185.859,-50.902,-378.983,-79.551,-109.851,587.243,-440.803,-225.43,-80.275,-165.128
1333,0.092,-110,-324.844,-121.422,-340.173,-14.33,328.754,-234.683,-410.756,-63.471,-234.182,-171.251,-198.529,-63.549,-387.439,-91.933,-122.954,609.939,-460.321,-238.397,-93.418,-218.938
1334,0.1,-130,-319.402,-148.863,-353.372,-16.376,390.9,-236.965,-411.458,-66.198,-269.785,-224.944,-201.261,-72.001,-388.598,-93.585,-125.951,621.996,-463.335,-242.781,-96.003,-214.997
1335,0.026,-106,-258.212,-22.165,-330.082,2.636,345.139,-207.14,-397.066,-22.543,-266.024,-78.62,-180.004,-48.806,-373.061,-66.973,-100.055,577.073,-430.73,-217.841,-73.923,-141.659
1336,0.036,-110,-284.17,-10.164,-338.488,0.749,338.479,-208.685,-400.105,-26.388,-276.256,-65.459,-179.681,-40.715,-374.58,-70.078,-99.235,569.113,-435.019,-221.537,-74.421,-146.143
1337,0.04,-114,-288.134,-32.339,-341.715,0.478,325.052,-209.594,-400.899,-30.197,-288.415,-70.061,-178.893,-36.354,-375.498,-69.139,-100.528,568.053,-436.678,-222.182,-72.737,-154.136
1338,0.043,-118,-288.511,-39.92,-346.436,-0.344,321.369,-211.16,-401.52,-33.38,-300.79,-83.727,-179.077,-35.963,-376.342,-70.13,-101.826,569.683,-437.886,-222.973,-72.921,-153.588
1339,0.056,-141,-299.872,-59.712,-353.285,-4.04,329.341,-217.938,-404.185,-44.859,-317.232,-96.99,-184.107,-39.986,-379.826,-74.997,-107.655,579.108,-443.362,-227.295,-77.34,-166.896
1340,0.033,-120,-273.455,-26.546,-345.138,1.927,316.485,-207.778,-399.081,-26.587,-315.766,-68.563,-174.53,-31.533,-374.045,-64.229,-99.096,566.707,-433.657,-217.294,-70.211,-137.352
1341,0.008,-56,-248.261,27.033,-329.642,8.741,287.911,-189.236,-391.678,-2.198,-300.291,-18.596,-155.037,-10.923,-366.475,-53.427,-84.341,546.88,-421.049,-199.543,-59.752,-111.614
1342,0.018,-69,-267.37,15.433,-335.926,7.127,284.041,-190.354,-395.533,-5.951,-304.436,-15.101,-153.672,-8.92,-368.878,-57.901,-86.761,546.596,-424.748,-205.692,-59.395,-104.071
1343,0.01,-59,-252.839,22.345,-328.425,9.189,276.711,-183.283,-392.565,1.117,-297.54,5.433,-143.736,-0.969,-366.412,-57.175,-81.807,541.151,-420.736,-193.422,-54.317,-93.31
1344,0.002,-36,-244.082,41.331,-318.152,11.746,263.138,-173.658,-388.622,9.932,-288.481,32.281,-130.236,6.251,-363.584,-63.987,-76.213,533.859,-415.523,-188.222,-49.095,-76.039
1345,0.008,-52,-252.234,34.02,-320.082,10.572,261.433,-175.006,-391.43,6.518,-290.953,37.076,-127.996,5.968,-365.367,-73.993,-78.39,536.222,-418.169,-185.47,-48.464,-70.652
1346,0.019,-82,-265.465,10.059,-326.679,7.435,268.865,-184.014,-395.816,-3.633,-298.835,16.017,-137.71,-5.564,-368.75,-87.062,-84.674,545.271,-424.486,-196.659,-51.419,-89.875
1347,0.022,-93,-266.089,3.866,-329.265,6.276,273.247,-188.914,-396.552,-7.863,-302.983,-4.59,-145.531,-8.463,-369.792,-114.158,-87.439,549.879,-427.087,-195.252,-53.588,-96.032
1348,0.027,-111,-270.562,-6.336,-332.252,4.809,277.168,-194.226,-397.902,-13.463,-308.924,-37.096,-152.965,-14.839,-371.326,-126.493,-90.903,554.654,-430.233,-201.108,-56.87,-109.131
1349,0.028,-115,-268.91,-9.224,-335.314,4.257,278.548,-196.537,-398.097,-15.699,-312.76,-58.434,-156.951,-14.935,-371.711,-105.961,-92.065,556.863,-431.191,-199.846,-58.857,-109.739
1350,0.037,-138,-278.841,-25.529,-340.809,1.625,285.354,-203.364,-400.311,-25.134,-320.984,-82.345,-164.745,-23.329,-374.244,-81.037,-96.369,563.483,-435.166,-205.015,-63.51,-127.634
1351,0.043,-150,-282.558,-38.448,-347.44,-0.311,293.355,-209.019,-401.553,-32.063,-326.991,-91.677,-171.49,-27.213,-376.03,-69.611,-100.053,569.494,-437.857,-207.868,-67.662,-136.048
1352,0.017,-108,-248.982,5.666,-335.903,6.513,275.709,-195.183,-394.76,-10.463,-314.877,-40.118,-157.094,-14.66,-368.994,-85.866,-88.668,554.638,-426.235,-192.048,-59.825,-108.91
1353,0.037,-136,-281.203,-20.642,-348.207,1.816,282.867,-204.495,-400.491,-26.197,-326.11,-55.083,-166.507,-20.037,-374.181,-49.325,-96.052,562.722,-434.913,-203.363,-65.685,-126.811
1354,0.038,-139,-277.748,-31.068,-349.348,1.234,287.927,-206.579,-400.431,-29.366,-327.731,-71.364,-169.368,-25.315,-374.617,-37.942,-97.745,565.714,-435.768,-203.768,-66.798,-129.82
1355,0.019,-115,-253.445,3.623,-339.062,6.202,272.1,-195.923,-395.426,-12.877,-317.96,-34.071,-158.15,-12.322,-369.418,-50.126,-89.17,554.506,-427.082,-192.671,-60.662,-108.974
1356,0.04,-144,-284.229,-25.549,-349.23,0.966,281.704,-206.367,-401.145,-30.09,-328.693,-55.002,-168.673,-23.365,-374.98,-59.908,-97.471,564.507,-436.255,-203.599,-66.996,-131.601
1357,0.024,-130,-259.947,-8.805,-340.258,5.031,273.168,-198.432,-396.868,-17.875,-321.732,-41.871,-160.959,-14.997,-370.778,-62.681,-91.565,557.145,-429.665,-194.057,-62.054,-112.801
1358,0.023,-126,-262.483,1.105,-340.472,5.504,265.61,-196.417,-396.766,-15.028,-320.524,-30.071,-158.249,-13.245,-370.257,-69.544,-89.895,554.236,-428.719,-194.399,-60.947,-113.219
1359,0.035,-136,-277.839,-18.917,-347.079,2.399,274.371,-202.807,-399.912,-26.029,-327.12,-43.722,-164.875,-18.259,-373.536,-74.551,-95.027,561.04,-434.121,-199.692,-64.516,-121.621
1360,0.027,-134,-265.16,-12.151,-343.724,4.305,269.828,-199.291,-397.736,-20.237,-323.703,-41.989,-161.584,-17.744,-371.471,-71.636,-92.53,558,-430.89,-195.413,-62.358,-117.743
1361,0.051,-158,-293.263,-48.848,-356.995,-2.286,289.659,-212.788,-403.375,-40.904,-332.6,-76.108,-175.979,-29.553,-377.994,-82.612,-102.813,572.726,-441.26,-207.218,-71.104,-145.146
1362,0.031,-143,-265.67,-22.591,-348.198,2.731,280.938,-204.647,-398.624,-25.965,-326.863,-59.287,-168.162,-24.737,-372.957,-72.329,-96.324,564.611,-432.781,-198.612,-66.124,-125.954
1363,0.019,-108,-254.695,6.777,-341.279,6.144,264.222,-196.049,-395.495,-13.525,-319.327,-24.792,-158.789,-11.929,-369.282,-64.327,-88.774,554.149,-426.882,-191.181,-61.404,-111.105
1364,0.037,-130,-280.854,-20.427,-350.215,1.872,277.742,-204.518,-400.454,-28.296,-328.619,-44.63,-167.144,-21.84,-374.076,-70.385,-95.896,562.257,-434.871,-201.409,-66.136,-125.997
1365,0.02,-113,-255.421,-1.251,-340.134,6.173,265.609,-195.505,-395.737,-14.629,-319.634,-19.509,-157.868,-11.787,-369.47,-59.392,-88.923,553.664,-427.616,-193.592,-60.334,-107.243
1366,0.037,-130,-281.429,-22.671,-349.189,1.839,276.468,-204.176,-400.436,-28.431,-328.635,-28.456,-166.39,-21.752,-374.051,-66.53,-95.831,562.184,-434.943,-211.818,-65.547,-129.444
1367,0.02,-113,-255.279,1.166,-338.173,6.102,265.162,-195.294,-395.737,-14.704,-319.645,2.037,-157.354,-11.323,-369.438,-55.747,-88.912,553.718,-427.631,-208.816,-60.048,-104.646
1368,0.007,-51,-241.249,28.942,-327.342,9.643,243.526,-183.363,-391.192,-0.388,-307.558,33.202,-142.998,-1.161,-365.073,-48.12,-80.683,542.436,-419.754,-201.275,-53.781,-88.557
1369,6.94E-18,-23,-233.245,47.806,-318.653,12.359,227.07,-172.665,-387.442,8.406,-297.83,72.933,-128.278,11.908,-362.129,-42.925,-74.081,533.67,-414.281,-191.264,-48.017,-61.917
1370,-0.001,-6,-233.235,47.542,-309.521,13.608,214.468,-166.73,-386.548,11.515,-293.65,91.599,-117.834,12.205,-361.312,-45.529,-71.305,530.134,-412.828,-187.773,-44.562,-57.061
1371,0.001,-12,-237.46,46.455,-309.098,13.344,206.716,-165.096,-387.56,10.94,-293.822,89.199,-114.397,14.449,-361.753,-54.42,-71.729,531.099,-413.734,-185.862,-42.842,-52.771
1372,6.94E-18,-11,-235.393,47.318,-300.865,13.534,196.897,-162.401,-387.01,12.453,-291.323,96.681,-111.569,11.872,-361.164,-66.18,-71.04,531.102,-413.206,-185.463,-41.117,-51.925
1373,0.005,-33,-242.943,38.73,-305.955,12.203,196.941,-165.236,-389.739,8.89,-296.093,95.761,-115.212,11.49,-362.838,-78.536,-74.217,535.001,-416.05,-188.997,-41.552,-56.817
1374,0.007,-40,-243.696,34.026,-303.217,11.088,197.133,-167.493,-390.856,7.162,-298.01,81.91,-119.127,5.84,-363.488,-107.186,-76.211,537.758,-417.537,-194.933,-41.903,-63.6
1375,-0.001,-6,-229.448,47.216,-299.282,13.231,185.109,-160.629,-386.701,14.528,-289.444,93.046,-113.09,15.737,-360.472,-148.531,-71.422,532.778,-413.145,-186.039,-39.419,-50.628
1376,0.005,-33,-240.541,39.443,-297.918,12.322,187.938,-163.557,-389.808,11.459,-294.955,101.762,-116.137,9.587,-362.543,-135.804,-74.292,535.652,-416.091,-192.569,-40.388,-57.246
1377,-0.001,-6,-228.749,47.768,-295.093,13.531,178.861,-158.279,-386.575,17.668,-287.762,113.34,-111.456,17.182,-360.179,-138.38,-70.719,532.334,-412.929,-182.215,-38.214,-48.105
1378,-0.004,16,-225.255,54.841,-284.085,15.317,170.104,-153.131,-384.575,23.55,-282.389,131.465,-105.996,18.32,-358.775,-140.163,-67.851,529.176,-410.729,-180.1,-36.223,-41.256
1379,6.94E-18,3,-231.234,49.994,-287.899,14.504,172.235,-154.503,-386.84,24.299,-285.069,140.834,-107.245,19.269,-360.25,-125.225,-69.773,531.447,-412.875,-174.26,-36.229,-43.994
1380,-0.007,34,-218.108,59.392,-272.641,16.644,160.074,-147.058,-382.435,36.152,-274.502,149.543,-100.649,22.014,-357.218,-117.34,-65.007,527.133,-408.817,-169.686,-33.028,-35.673
1381,-0.015,70,-204.083,76.925,-261.448,21.601,140.592,-135.266,-375.666,55.012,-257.33,159.404,-89.553,35.309,-353.08,-108.563,-56.687,519.693,-403.152,-146.438,-27.819,-20.126
1382,-0.011,68,-207.729,72.835,-250.115,21.884,130.395,-134.254,-378.136,62.432,-253.969,155.881,-88.198,31.45,-354.86,-88.56,-57.083,520.569,-405.433,-145.283,-25.864,-17.761
1383,-0.016,84,-194.938,79.152,-238.069,24.494,110.348,-127.039,-373.64,76.011,-238.817,153.42,-81.994,39.607,-352.042,-70.992,-52.774,517.117,-402.12,-129.806,-20.555,-14.081
1384,-0.017,89,-192.628,83.826,-221.192,26.785,89.948,-122.565,-371.955,82.38,-225.987,153,-78.074,39.854,-351.323,-55.523,-50.089,515.268,-401.236,-123.347,-15.828,-4.691
1385,-0.008,74,-207.145,68.623,-222.115,22.835,102.594,-130.164,-379.72,74.722,-222.924,143.424,-85.318,34.588,-355.946,-47.235,-57.455,522.29,-407.304,-123.125,-15.936,-21.801
1386,-0.004,64,-216.711,57.502,-219.1,19.262,101.554,-137.066,-383.475,70.572,-216.697,133.521,-92.723,26.018,-357.752,-54.065,-63.945,528.16,-410.057,-133.028,-16.493,-32.365
1387,-0.019,103,-190.297,83.366,-191.895,26.175,81.613,-123.424,-371.672,90.846,-198.38,149.622,-81.534,42.999,-350.288,-43.903,-53.046,518.049,-400.415,-115.562,-8.192,-14.294
1388,-0.025,119,-177.629,99.271,-160.133,34.697,30.233,-111.916,-362.388,104.626,-186.122,176.865,-70.686,51.159,-345.842,-39.262,-42.842,509.293,-394.803,-105.067,0.336,10.629
1389,-0.014,107,-192.139,81.932,-153.119,31.294,30.154,-119.441,-372.285,95.032,-188.691,176.985,-76.462,43.842,-352.706,-47.247,-48.504,515.662,-403.242,-105.79,2.004,-6.576
1390,-0.02,111,-178.668,87.814,-123.871,33.979,-13.87,-114.486,-367.346,105.241,-184.718,174.347,-72.72,45.339,-348.839,-42.788,-45.261,513.047,-399.141,-103.49,7.696,-1.276
1391,-0.028,133,-161.22,105.203,-98.513,44.211,-43.352,-102.443,-355.789,125.867,-177.307,179.568,-63.091,57.944,-342.193,-37.395,-36.442,505.522,-391.799,-90.295,12.488,7.928
1392,-0.013,111,-188.782,81.942,-105.131,36.555,-47.108,-115.754,-371.235,113.137,-184.797,161.242,-73.811,41.439,-352.839,-44.791,-46.956,516.141,-403.661,-106.855,9.444,-3.844
1393,-0.028,133,-157.479,101.056,-89.418,45.471,-114.437,-101.013,-355.742,127.896,-176.655,164.023,-63.174,56.033,-342.13,-39.905,-37.035,506.802,-392.378,-90.641,14.643,6.709
1394,-0.034,158,-141.876,118.585,-74.8,59.606,-163.835,-83.979,-338.931,140.95,-165.481,177.954,-51.702,64.793,-332.475,-44.634,-26.577,498.316,-384.655,-76.901,15.176,33.97
1395,-0.038,179,-122.867,128.395,-69.804,72.3,-173.398,-64.525,-313.024,152.203,-147.347,193.264,-41.057,73.246,-320.904,-58.734,-17.444,491.658,-378.613,-61.57,15.712,38.245
1396,-0.022,164,-151.642,100.989,-88.034,47.997,-144.117,-76.487,-325.06,144.217,-145.235,181.232,-52.447,53.824,-334.241,-77.603,-30.011,503.542,-394.495,-77.95,12.553,18.094
1397,-0.033,172,-126.394,115.411,-79.096,55.164,-161.063,-59.835,-298.744,154.474,-120.897,179.704,-44.163,64.032,-322.635,-118.834,-24.572,497.544,-385.284,-61.853,16.55,22.919
1398,-0.015,141,-165.25,87.269,-97.549,35.099,-142.532,-78.585,-320.054,142.684,-119.619,160.048,-60.955,44.717,-341.297,-141.382,-40.103,511.727,-401.363,-86.184,11.627,4.592
1399,-0.027,153,-144.265,101.825,-89.858,44.781,-156.435,-66.012,-301.133,150.993,-97.474,159.147,-54.459,55.256,-333.917,-172.736,-34.149,505.887,-392.632,-73.67,16.323,10.681
1400,-0.038,179,-123.549,124.802,-66.194,69.32,-169.021,-42.726,-265.127,160.726,-74.422,178.569,-39.445,69.372,-317.19,-183.823,-20.581,493.769,-380.214,-55.475,18.618,40.715
1401,-0.043,207,-101.931,139.566,-50.445,81.045,-172.08,-21.087,-238.596,168.73,-53.253,200.188,-25.91,80.106,-298.96,-188.367,-8.315,484.961,-371.833,-37.571,21,52.92
1402,-0.047,217,-83.792,146.78,-34.466,82.669,-178.524,-4.617,-227.927,174.98,-32.067,213.284,-12.72,84.773,-275.726,-190.668,2.068,478.27,-364.957,-29.454,24.957,60.168
1403,-0.059,266,-44.462,170.328,-2.785,113.58,-188.608,13.946,-215.244,183.683,4.161,225.866,5.619,101.136,-237.809,-193.158,22.933,465.081,-348.569,-22.246,33.626,85.916
1404,-0.06,273,-23.403,177.595,12.429,118.143,-188.617,20.804,-217.597,188.333,39.13,230.308,14.786,104.348,-209.467,-181.155,40.637,460.034,-343.919,-27.203,38.769,82.429
1405,-0.036,255,-51.616,138.814,2.016,90.697,-167.039,-13.243,-236.8,177.569,44.731,204.366,-1.381,77.186,-225.41,-142.005,27.051,478.151,-372.912,-45.145,37.625,56.634
1406,-0.016,204,-103.972,95.455,-31.821,84.472,-150.361,-69.035,-263.194,157.282,36.23,165.292,-26.186,49.545,-262.951,-104.347,-0.41,502.302,-399.003,-71.677,33.092,-8.54
1407,-0.033,226,-87.716,114.936,-16.243,102.594,-169.322,-64.934,-244.418,161.198,69.651,154.821,-18.715,65.294,-248.279,-87.664,12.053,495.06,-383.417,-66.909,44.441,16.433
1408,-0.038,237,-82.309,129.537,5.67,111.909,-169.712,-54.521,-236.073,163.532,93.688,158.97,-14.793,76.24,-232.572,-54.323,24.434,488.454,-375.654,-64.932,50.096,30.398
1409,-0.042,252,-72.925,137.58,25.581,120.596,-174.271,-42.096,-226.422,168.918,96.943,177.848,-9.012,83.966,-218.314,-28.931,39.536,481.995,-369.054,-62.833,63.901,43.575
1410,-0.048,259,-59.59,148.954,36.602,127.3,-180.161,-23.628,-217.426,173.788,99.891,204.182,0.056,91.917,-197.016,-14.131,59.477,474.183,-360.196,-58.872,74.935,42.055
1411,-0.053,263,-45.324,161.538,50.189,140.167,-183.766,1.887,-209.43,177.887,102.453,220.919,9.216,100.565,-168.729,-9.88,81.571,467.124,-351.944,-55.491,81.398,65.044
1412,-0.027,230,-90.282,118.648,29.34,123.585,-158.61,-24.399,-230.791,166.851,88.57,195.816,-12.321,70.485,-186.195,-30.663,61.736,486.851,-387.452,-77.622,75.814,10.367
1413,-0.045,246,-60.948,139.212,50.084,144.109,-181.38,4.271,-206.753,169.026,96.288,191.917,1.103,87.241,-171.024,-22.56,82.987,477.011,-368.743,-63.805,95.707,37.018
1414,-0.027,230,-96.522,114.262,35.286,130.376,-158.148,9.192,-229.601,161.714,85.329,170.833,-16.313,70.9,-184.105,-35.299,69.563,490.543,-388.584,-79.336,95.498,5.201
1415,-0.033,233,-88.332,118.681,40.152,139.549,-167.544,23.807,-217.811,160.246,86.575,163.366,-15.322,74.934,-182.44,-28.987,75.47,488.958,-383.427,-72.863,105.554,10.956
1416,-0.022,224,-120.061,99.851,27.392,124.266,-154.697,26.207,-232.37,154.027,75.891,149.68,-30.371,62.809,-197.059,-34.325,64.066,498.929,-394.482,-87.671,103.956,-15.75
1417,-0.033,232,-100.595,117.051,38.665,138.26,-166.655,36.588,-217.508,157.618,82.94,157.502,-24.364,73.136,-189.091,-32.342,74.859,491.48,-384.438,-75.303,114.288,4.44
1418,-0.039,246,-92.968,128.979,47.923,143.582,-171.908,42.874,-212.138,162.047,88.576,181.628,-15.499,82.573,-177.504,-37.879,85.509,483.73,-375.722,-68.227,121.787,13.738
1419,-0.053,263,-57.584,157.251,65.246,163.109,-184.108,49.174,-190.278,171.651,98.168,214.912,3.566,101.521,-159.202,-58.954,105.216,468.236,-355.034,-54.511,132.146,56.036
1420,-0.054,271,-45.477,163.701,71.383,163.146,-183.931,50.182,-187.628,177.388,101.392,227.969,12.796,106.254,-151.248,-94.768,108.482,462.406,-349.923,-55.202,135.205,46.204
1421,-0.063,287,-19.359,181.084,85.564,180.185,-191.915,46.976,-161.654,184.942,105.819,233.868,27.562,118.375,-141.62,-165.613,116.64,451.846,-336.337,-48.662,140.319,85.563
1422,-0.069,309,8.479,195.682,98.624,184.088,-196.172,44.44,-146.411,191.009,109.328,239.586,37.843,127.818,-136.252,-219.893,121.8,442.107,-326.183,-46.559,142.046,72.216
1423,-0.072,332,36.164,204.536,109.638,192.058,-196.984,43.038,-120.238,195.87,111.807,242.831,44.087,134.423,-132.582,-232.889,124.062,433.415,-318.888,-44.652,141.88,100.772
1424,-0.074,336,58.761,210.815,117.949,191.309,-198.841,42.648,-91.022,199.261,113.638,243.498,48.76,138.426,-128.743,-232.266,124.502,424.427,-311.13,-44.226,140.827,92.275
1425,-0.077,354,81.515,217.53,126.745,197.1,-200.416,42.583,-52.608,201.588,115.34,245.483,53.357,144.407,-124.158,-233.26,120.987,413.505,-302.377,-41.884,140.587,99.06
1426,-0.042,339,58.521,161.216,99.298,162.047,-171.92,42.842,-106.485,185.461,106.422,216.581,33.405,102.617,-147.146,-198.735,92.897,432.568,-345.886,-65.668,130.842,44.034
1427,-0.078,357,87.827,204.797,130.338,192.058,-209.054,41.9,-24.979,195.119,113.83,231.048,53.916,139.936,-127.845,-227.801,107.193,403.162,-305.779,-39.148,150.565,78.102
1428,-0.04,336,50.894,151.402,95.757,156.851,-168.614,42.482,-90.652,181.278,103.826,202.745,30.639,102.482,-148.871,-181.004,90.122,424.214,-350.619,-64.508,143.384,30.083
1429,-0.034,318,18.922,130.648,86.772,156.58,-168.873,40.759,-118.952,171.648,95.681,179.613,18.14,90.221,-164.707,-159.327,91.989,430.906,-370.937,-72.481,144.504,4.729
1430,-0.063,347,50.732,173.634,113.583,171.788,-199.146,40.938,-74.311,181.258,106.115,191.788,37.766,120.073,-142.52,-166.882,106.272,407.352,-332.797,-49.324,155.862,44.285
1431,-0.072,359,74.38,202.18,121.333,189.766,-196.166,41.742,-49.04,189.593,110.561,221.882,47.061,139.75,-131.83,-151.534,107.728,394.159,-314.503,-39.411,159.946,84.201
1432,-0.031,310,29.988,135.348,80.906,151.87,-165.104,41.492,-128.463,175.941,95.263,199.037,20.105,88.755,-158.782,-96.641,87.392,417.696,-369.039,-70.884,143.47,21.978
1433,-0.016,282,-24.061,96.084,58.872,133.4,-158.435,38.695,-163.381,155.944,74.473,165.641,-7.103,64.486,-191.11,-65.589,71.532,440.381,-399.811,-90.552,127.632,-28.958
1434,-0.013,261,-71.32,82.681,48.742,117.019,-157.523,37.253,-172.92,145.555,59.936,133.845,-25.296,54.17,-216.205,-54.582,63.359,449.38,-404.628,-104.529,110.193,-37.814
1435,-0.017,264,-119.064,86.748,41.39,123.273,-158.575,36.744,-172.404,143.577,56.904,110.995,-32.84,56.607,-224.723,-36.386,61.944,451.656,-402.279,-107.869,94.382,-28.693
1436,-0.038,307,-94.651,121.971,63.032,146.857,-173.808,37.912,-151.278,157.228,80.459,157.805,-14.832,79.408,-196.283,-23.758,73.377,436.913,-380.936,-81.888,112.011,13.526
1437,-0.022,292,-119.38,102.892,45.059,137.46,-155.615,37.423,-170.311,152.216,69.854,183.647,-27.337,66.815,-206.942,-35.515,68.787,449.965,-394.32,-95.337,88.336,3.458
1438,-0.048,338,-57.006,139.67,72.107,166.676,-178.328,37.957,-138.945,164.231,91.031,223.437,-2.094,91.299,-176.388,-22.936,80.987,426.838,-366.067,-63.976,121.144,35.761
1439,-0.031,330,-66.669,120.775,58.175,148.752,-162.966,39.248,-160.05,160.71,83.971,222.432,-11.399,78.478,-182.977,-35.013,75.78,438.04,-383.405,-76.037,103.707,28.205
1440,-0.048,338,-22.728,145.061,75.108,169.142,-175.893,38.959,-134.286,166.234,94.431,225.8,5.129,94.302,-166.025,-25.606,81.625,421.672,-363.694,-58.551,129.085,48.671
1441,-0.054,347,15.75,160.685,85.458,168.78,-178.14,40.231,-124.911,172.438,100.144,227.716,17.272,106.291,-153.669,-17.362,83.264,412.85,-352.061,-55.254,141.468,59.195
1442,-0.086,386,84.007,218.604,121.861,204.053,-193.969,39.789,-54.786,188.913,110.589,259.979,44.117,144.764,-127.206,4.256,91.18,380.681,-308.092,-30.19,162.944,121.657
1443,-0.09,411,117.493,237.853,131.158,205.555,-195.617,41.481,-1.041,196.911,115.167,270.803,52.885,158.072,-118.677,11.849,93.144,363.626,-293.375,-29.364,166.676,113.084
1444,-0.046,407,77.402,174.24,95.01,175.1,-175.334,42.552,-33.581,185.564,107.582,239.106,35.279,105.589,-142.96,0.094,83.626,390.846,-341.486,-58.276,152.214,59.302
1445,-0.072,415,79.761,200.261,115.999,188.047,-192.527,42.33,7.712,193.344,112.686,240.622,50.399,132.69,-130.457,-7.868,83.983,380.181,-313.412,-40.476,160.853,72.831
1446,-0.031,377,30.306,135.098,74.669,147.625,-165.834,41.757,-50.581,175.413,97.681,207.295,21.907,89.486,-158.555,-31.335,72.55,406.694,-366.942,-70.855,142.943,27.827
1447,-0.027,372,-9.059,114.161,62.005,145.427,-163.726,40.226,-99.758,164.06,87.338,177.047,6.703,78.608,-177.029,-57.064,65.263,421.813,-384.897,-79.225,136.59,-11.632
1448,-0.022,366,-35.232,99.593,50.836,129.598,-158.645,39.122,-146.184,154.761,76.587,147.784,-8.503,68.674,-194.258,-106.927,57.774,429.566,-394.413,-86.639,125.64,-20.607
1449,-0.036,379,-25.413,124.758,61.641,148.626,-167.301,39.148,-133.517,159.528,84.827,143.781,-1.502,83.141,-183.554,-170.985,55.54,420.029,-380.555,-72.228,131.859,7
1450,-0.022,366,-51.052,100.394,42.465,133.068,-155.72,38.247,-164.272,153.397,72.954,133.609,-16.362,68.652,-198.604,-168.443,47.473,433.336,-394.694,-89.787,115.345,-3.401
1451,-0.013,334,-90.189,82.646,23.519,124.422,-148.95,36.36,-170.641,143.653,56.776,127.606,-34.172,53.947,-222.596,-157.988,38.891,444.754,-404.245,-104.882,89.591,-32.859
1452,-0.03,362,-81.573,106.606,43.998,138.721,-162.678,37.598,-157.302,153.131,73.402,167.483,-24.404,68.158,-207.037,-174.589,38.488,433.625,-390.022,-89.55,94.554,-8.204
1453,-0.039,391,-57.781,130.055,58.82,154.119,-166.288,38.274,-149.135,159.897,85.029,213.318,-11.561,83.573,-186.712,-183.963,35.161,427.401,-377.167,-71.634,104.594,31.761
1454,-0.054,420,-10.49,157.649,78.759,172.714,-176.543,38.879,-128.9,172.126,97.264,242.813,8.801,103.344,-161.791,-198.188,29.444,411.657,-354.213,-52.176,128.73,58.804
1455,-0.102,469,77.725,241.002,130.867,213.671,-199.264,38.838,-28.102,198.349,112.23,284.734,48.927,160.78,-120.564,-233.413,13.669,364.613,-293.496,-18.857,166.391,128.096
1456,-0.108,506,127.649,272.045,144.294,224.356,-200.116,41.161,28.243,209.487,118.669,292.869,61.913,179.62,-106.907,-234.462,-13.543,342.314,-273.082,-14.592,168.71,159.188
1457,-0.011,452,33.524,124.591,58.365,141.273,-150.374,33.971,-98.809,171.697,83.523,231.226,6.775,61.082,-170.64,-131.104,9.107,408.66,-386.324,-83.095,131.975,7.924
1458,-0.007,437,-50.071,81.505,32.582,116.964,-149.297,32.844,-151.397,150.044,60.258,201.951,-21.012,47.777,-214.956,-109.545,42.321,439.768,-410.422,-103.53,109.874,-50.844
1459,-0.015,446,-84.651,86.111,32.917,111.345,-151.846,35.274,-172.057,144.691,58.169,158.018,-30.205,52.916,-228.634,-86.391,42.923,439.243,-403.93,-106.948,90.895,-24.755
1460,-0.01,443,-136.695,76.879,9.881,112.689,-143.543,33.098,-179.324,136.893,42.938,127.917,-46.133,49.937,-245.721,-60.638,29.33,449.069,-407.137,-122.622,62.618,-31.241
1461,-0.017,450,-137.595,80.574,9.425,120.662,-150.112,35.761,-176.69,142.67,46.403,88.275,-47.238,53.106,-245.963,-44.582,-24.998,448.142,-401.833,-118.139,53.106,-33.476
1462,-0.012,444,-160.234,78.154,-7.121,116.862,-144.74,34.267,-185.823,139.737,36.367,79.606,-55.715,49.094,-259.01,-45.045,-27.398,456.696,-404.897,-128.83,32.476,-33.778
1463,-0.001,400,-192.613,55.229,-49.455,93.528,-135.39,27.961,-203.33,129.199,-1.243,75.626,-74.63,32.597,-291.679,-54.285,4.202,471.143,-412.394,-145.943,6.192,-48.372
1464,0.001,390,-217.347,47.381,-87.532,75.835,-132.407,20.908,-215.681,124.739,-46.146,83.38,-86.271,26.736,-318.285,-57.49,14.005,478.752,-414.186,-164.215,-9.064,-51.233
1465,0.002,368,-233.124,46.596,-120.718,63.027,-129.525,13.266,-228.1,122.197,-100.821,98.251,-94.084,22.524,-342.583,-59.97,29.609,486.463,-414.941,-170.435,-22.258,-54.363
1466,-0.002,384,-235.472,51.912,-137.964,69.652,-132.384,7.209,-231.091,125.735,-138.412,112.927,-94.544,26.295,-356.377,-58.197,28.235,488.878,-412.484,-172.619,-29.968,-43.31
1467,0.005,344,-248.589,40.617,-156.278,52.886,-125.189,-13.062,-252.247,119.754,-172.228,109.391,-103.541,18.446,-371.259,-60.616,53.264,499.064,-416.451,-176.475,-48.309,-53.495
1468,0.002,352,-245.597,43.835,-171.729,59.923,-128.057,-28.35,-261.543,121.589,-184.73,107.33,-105.12,20.094,-374.007,-57.216,25.716,499.585,-415.114,-178.364,-50.603,-49.227
1469,-0.001,371,-242.352,49.489,-176.59,77.248,-130.08,-36.905,-266.549,124.728,-195.251,110.791,-103.777,22.228,-371.907,-54.715,0.12,500.154,-413.085,-173.459,-47.809,-44.977
1470,0.002,361,-244.858,46.278,-188.214,70.332,-127.354,-46.587,-278.944,122.187,-202.818,105.034,-106.877,20.952,-369.926,-56.078,-3.998,505.584,-414.651,-175.949,-44.995,-46.518
1471,0.003,357,-245.446,42.06,-194.578,60.485,-126.757,-59.934,-291.299,120.856,-201.457,97.557,-109.602,18.391,-366.663,-57.259,-11.765,509.066,-415.434,-174.892,-40.812,-51.839
1472,0.008,336,-252.603,33.581,-205.866,48.092,-121.437,-83.731,-315.098,114.918,-200.784,85.104,-116.529,14.197,-366.288,-61.033,0.508,515.837,-418.518,-181.197,-39.9,-59.207
1473,0.014,307,-261.537,21.588,-213.346,34.955,-114.445,-99.783,-352.348,106.68,-201.245,66.947,-126.383,6.63,-367.168,-64.759,10.911,524.485,-422.41,-184.788,-40.398,-73.816
1474,0.017,291,-265.729,13.857,-224.486,21.527,-109.232,-114.258,-376.904,100.672,-201.571,49.183,-134.577,2.978,-367.585,-66.643,16.803,530.236,-424.717,-195.009,-41.768,-79.132
1475,0.021,265,-269.692,6.631,-242.199,12.596,-102.782,-134.352,-389.883,93.367,-202.196,31.408,-143.071,-2.314,-368.653,-68.744,26.935,536.267,-427.32,-198.217,-44.527,-91.785
1476,0.023,254,-269.295,1.743,-258.802,9.162,-98.237,-149.433,-394.015,87.916,-202.568,16.388,-150.124,-4.751,-369.193,-69.916,31.241,540.875,-428.871,-211.173,-46.872,-92.918
1477,0.026,241,-270.399,-4.476,-268.538,6.137,-92.728,-162.566,-396.265,81.972,-203.067,3.866,-155.98,-8.881,-370.125,-71.354,37.921,545.58,-430.761,-211.877,-49.692,-104.165
1478,0.02,244,-260.428,5.732,-266.177,6.841,-97.308,-165.142,-395.153,84.658,-202.212,3.068,-153.134,-4.912,-368.288,-70.65,24.117,543.858,-427.921,-218,-48.212,-92.971
1479,0.014,255,-253.205,18.021,-258.902,8.208,-103.767,-163.199,-393.629,89.185,-200.971,6.031,-146.311,0.14,-366.267,-71.998,13.238,540.381,-424.138,-210.004,-45.642,-87.371
1480,0.029,223,-273.648,-7.157,-270.709,4.609,-88.448,-179.455,-398.408,72.262,-203.197,-18.437,-157.006,-9.221,-370.882,-77.527,47.131,550.271,-431.483,-221.634,-51.678,-100.708
1481,0.032,212,-273.203,-17.506,-272.078,3.308,-82.267,-188.72,-399.018,63.916,-204.079,-42.95,-163.585,-15.385,-371.939,-81.701,45.458,555.134,-433.771,-221.749,-54.058,-114.271
1482,0.035,199,-275.399,-22.702,-276.595,2.083,-74.536,-196.12,-399.754,54.021,-204.758,-63.066,-168.359,-18.475,-373.025,-83.516,54.063,560.105,-435.077,-224.273,-57.281,-117.297
1483,0.018,219,-252.497,7.269,-264.168,6.463,-91.272,-187.157,-395.128,60.607,-202.226,-40.819,-155.933,-8.808,-368.139,-85,14.847,551.444,-427.215,-213.557,-51.352,-99.353
1484,0.035,199,-278.934,-18.898,-275.804,2.467,-73.2,-198.461,-399.991,39.033,-204.446,-59.986,-165.583,-16.61,-372.984,-84.343,56.598,560.617,-434.708,-222.602,-58.521,-115.473
1485,0.015,228,-248.821,9.906,-260.462,7.36,-94.414,-187.509,-394.173,49.655,-201.605,-38.981,-151.588,-6.225,-367.202,-93.418,4.322,549.931,-425.621,-208.582,-50.839,-94.042
1486,0.025,221,-268.219,-0.528,-267.855,5.38,-85.254,-192.96,-397.473,38.729,-202.736,-45.609,-154.959,-9.04,-369.994,-77.002,37.183,553.766,-429.738,-216.707,-54.897,-101.657
1487,0.008,255,-240.993,26.47,-252.035,9.474,-105.624,-181.101,-391.67,55.867,-199.726,-25.877,-140.558,2.177,-364.666,-93.535,-9.035,543.284,-421.18,-199.756,-47.87,-82.364
1488,0.003,287,-238.576,39.299,-242.294,11.514,-113.818,-173.303,-389.136,67.359,-197.737,-8.212,-128.604,10.219,-362.5,-124.003,-7.858,536.625,-416.819,-197.934,-44.605,-66.863
1489,0.008,275,-245.939,34.694,-244.733,10.513,-112.572,-174.421,-391.435,68.078,-198.413,-6.568,-126.999,8.867,-363.984,-127.237,1.871,538.055,-418.966,-193.891,-44.509,-69.911
1490,0.001,298,-234.784,41.876,-233.067,12.413,-122.813,-167.82,-387.88,78.053,-196.522,3.299,-119.201,13.49,-361.335,-129.205,-14.327,533.639,-415.16,-190.987,-41.55,-59.034
1491,0.002,297,-238.034,44.993,-232.716,12.809,-123.397,-166.095,-388.277,79.887,-196.298,6.867,-116.313,15.432,-361.501,-114.251,-5.462,533.313,-415.211,-182.045,-40.884,-57.017
1492,-0.001,320,-231.627,48.741,-223.245,13.761,-128.06,-161.869,-386.507,84.936,-195.197,8.401,-111.772,18.031,-360.182,-104.297,-14.812,531.286,-413.405,-180.986,-39.091,-49.756
1493,0.008,283,-246.144,33.752,-231.534,11.467,-120.424,-168.146,-391.24,77.448,-197.267,-2.717,-118.528,11.847,-363.465,-82.272,9.132,537.524,-418.387,-180.449,-41.097,-62.067
1494,0.004,290,-237.221,38.489,-225.897,11.78,-124.636,-166.113,-389.413,81.941,-196.551,-10.665,-117.927,13.246,-362.047,-71.53,-5.82,536.534,-416.734,-182.869,-40.146,-57.998
1495,0.001,305,-233.309,44.88,-221.153,12.989,-126.919,-162.614,-387.792,87.357,-195.576,-3.699,-114.685,17.457,-360.875,-61.391,-8.775,534.026,-414.793,-170.169,-39.091,-53.829
1496,0.009,282,-245.614,32.162,-227.416,10.927,-119.491,-168.532,-391.795,80.909,-197.304,-17.954,-121.059,11.058,-363.778,-61.303,10.786,539.212,-419.131,-180.06,-41.103,-61.29
1497,0.017,254,-256.35,14.695,-237.449,8.11,-111.088,-177.9,-395.155,72.188,-199.167,-26.191,-132.263,2.749,-366.583,-67.705,23.154,546.502,-424.107,-181.073,-45.06,-80.098
1498,0.02,241,-258.537,7.547,-246.597,6.903,-105.089,-184.049,-395.989,66.683,-200.049,-44.367,-140.918,-2.245,-367.769,-71.156,27.671,550.154,-426.563,-193.517,-48.507,-86.277
1499,0.028,213,-267.886,-6.851,-258.436,4.696,-93.753,-192.264,-398.2,55.322,-201.468,-47.724,-152.125,-9.512,-370.45,-73.699,44.394,556.551,-431.261,-195.237,-53.964,-105.624
1500,0.034,202,-272.457,-20.242,-269.028,2.658,-82.871,-199.365,-399.597,41.851,-202.691,-71.426,-160.441,-16.753,-372.464,-77.14,53.934,562.331,-434.602,-204.639,-59.094,-114.434
1501,0.017,217,-248.727,8.113,-258.607,6.783,-97.674,-190.954,-394.838,48.917,-200.38,-33.863,-151.584,-6.608,-367.599,-66.123,15.919,552.889,-426.607,-191.36,-55.141,-101.426
1502,0.014,227,-249.045,19.969,-253.723,7.879,-101.562,-186.507,-394.049,52.001,-199.383,-32.548,-145.92,-0.776,-366.402,-61.93,16.052,547.869,-424.045,-191.498,-53.338,-89.105
1503,0.019,223,-257.201,10.052,-257.238,6.968,-97.994,-188.655,-395.73,47.565,-200.012,-18.189,-147.158,-2.765,-367.85,-62.117,22.919,549.43,-426.162,-190.736,-54.122,-95.311
1504,0.016,224,-252.503,13.02,-254.327,7.632,-102.07,-186.714,-394.691,50.253,-199.586,-23.704,-144.472,-1.825,-366.924,-59.698,15.125,547.768,-424.871,-190.254,-52.857,-87.915
1505,0.025,214,-266.331,-0.308,-262.69,5.564,-92.693,-193.186,-397.456,40.564,-200.973,-25.262,-150.915,-7.683,-369.723,-64.035,36.474,553.361,-429.451,-194.656,-56.075,-104.071
1506,0.014,227,-248.413,15.181,-253.908,7.933,-103.745,-186.691,-393.943,49.674,-199.433,-25.292,-144.18,-1.869,-366.43,-58.505,7.355,547.608,-424.396,-186.366,-52.77,-86.996
1507,0.034,202,-278.13,-16.547,-271.191,3.145,-82.506,-199.036,-399.834,28.587,-202.326,-46.466,-158.182,-14.323,-372.471,-67.985,56.945,559.29,-433.702,-199.286,-59.831,-117.977
1508,0.035,199,-273.407,-23.791,-274.348,2.237,-76.622,-202.303,-399.761,20.483,-203.013,-69.926,-163.271,-19.336,-372.992,-67.254,48.801,563.225,-435.143,-199.861,-62.383,-118.661
1509,0.018,219,-251.175,6.014,-264.586,6.493,-92.35,-193.295,-395.144,36.142,-200.628,-41.201,-154.07,-9.147,-368.189,-60.897,17.284,553.496,-427.171,-189.946,-57.691,-106.435
1510,0.029,209,-270.254,-5.808,-270.905,4.094,-81.02,-198.429,-398.498,25.364,-201.806,-44.994,-159.2,-13.114,-371.252,-65.203,43.386,557.62,-432.067,-196.116,-60.916,-112.199
1511,0.038,184,-278.45,-29.111,-278.405,1.456,-68.862,-204.726,-400.529,13.474,-203.376,-42.341,-166.448,-21.177,-373.932,-67.215,54.464,564.462,-436.429,-200.562,-64.71,-128.071
1512,0.018,215,-250.952,4.69,-266.079,6.495,-89.034,-194.172,-395.116,33.641,-200.7,-20.09,-155.679,-10.393,-368.353,-59.664,13.667,553.596,-427.309,-188.601,-58.707,-103.438
1513,0.015,227,-252.187,18.806,-262.388,7.553,-94.066,-189.197,-394.374,39.949,-199.649,11.481,-149.38,-3.577,-367.077,-60.252,12.97,548.164,-424.782,-186.361,-56.193,-97.915
1514,0.026,217,-267.992,-2.868,-269.301,5.288,-85.4,-195.364,-397.751,28.808,-201.159,12.831,-154.852,-9.947,-370.267,-63.89,32.972,553.564,-430.01,-191.715,-58.685,-103.702
1515,0.016,225,-252.094,10.627,-261.359,7.448,-96.895,-189.357,-394.599,39.506,-199.837,31.295,-148.445,-4.888,-367.331,-62.957,10.569,548.479,-425.6,-185.04,-55.152,-97.552
1516,0.027,214,-269.888,-3.414,-268.541,4.9,-86.112,-195.838,-398.004,28.56,-201.336,11.984,-154.831,-10.848,-370.568,-67.958,38.74,554.43,-430.659,-192.828,-58.531,-104.81
1517,0.013,234,-247.28,15.964,-257.37,8.078,-101.725,-187.172,-393.575,43.417,-199.332,24.261,-145.712,-2.793,-366.389,-76.026,2.631,546.802,-424.112,-181.113,-53.786,-91.821
1518,0.012,239,-249.37,22.825,-252.788,8.616,-104.725,-184.101,-393.407,47.787,-198.727,24.952,-140.65,0.983,-365.808,-83.334,9.957,543.937,-422.376,-182.738,-52.123,-82.665
1519,0.009,250,-244.555,29.035,-249.18,9.607,-110.561,-180.21,-392.107,54.125,-197.909,39.688,-134.302,4.716,-364.634,-113.109,0.306,540.88,-420.401,-175.644,-49.539,-78.609
1520,0.006,266,-241.467,33.118,-241.521,10.712,-116.212,-175.848,-390.623,61.534,-197.009,48.127,-127.825,7.76,-363.419,-134.693,-1.98,537.751,-418.346,-175.509,-46.87,-68.669
1521,0.003,284,-237.635,41.385,-237.964,11.851,-121.467,-171.215,-388.987,68.837,-196.024,59.878,-121.499,12.028,-362.142,-137.643,-5.968,534.846,-416.29,-167.017,-44.302,-63.751
1522,-0.003,339,-228.652,51.578,-224.501,14.127,-129.54,-163.364,-385.409,78.558,-194.071,75.771,-112.18,18.006,-359.593,-144.638,-15.271,529.814,-412.425,-161.479,-40.947,-49.435
1523,-0.012,384,-214.496,69.787,-209.08,18.702,-139.996,-150.484,-378.67,92.649,-190.392,102.474,-98.108,29.076,-355.241,-154.025,-25.314,521.795,-406.233,-140.932,-35.87,-31.209
1524,-0.006,378,-223.649,62.489,-204.141,18.143,-136.387,-149.804,-382.483,91.558,-191.765,111.565,-97.679,26.363,-357.656,-138.528,-0.89,524.308,-409.489,-142.223,-34.772,-33.814
1525,-0.001,351,-229.2,51.343,-204.301,15.625,-134.135,-152.839,-385.884,88.439,-193.463,109.881,-101.978,21.933,-359.617,-120.555,9.564,529.43,-412.704,-136.816,-34.811,-41.698
1526,-0.009,373,-215.7,64.042,-189.122,17.979,-141.761,-144.421,-380.82,99.426,-191.145,119.831,-95.899,28.396,-356.141,-112.301,-8.379,525.108,-408.096,-132.138,-31.218,-33.491
1527,-0.015,402,-203.795,78.049,-169.723,22.339,-146.954,-134.1,-375.408,110.658,-188.18,129.858,-87.26,37.709,-352.931,-100.71,-13.022,518.912,-403.675,-118.14,-26.582,-16.645
1528,-0.021,418,-187.586,89.839,-146.738,28.16,-153.796,-122.082,-368.121,122.236,-184.199,144.708,-76.921,45.889,-349.122,-82.909,-23.035,511.888,-399.013,-105.938,-19.577,-4.893
1529,-0.024,429,-176.121,97.404,-122.463,33.675,-157.454,-111.674,-362.138,132.205,-180.906,162.699,-68.662,52.236,-346.525,-58.516,-25.518,507.12,-395.892,-96.518,-11.825,9.025
1530,-0.011,411,-197.174,76.259,-133.058,27.893,-147.738,-121.128,-375.028,124.892,-187.141,154.207,-77.756,39.153,-354.264,-49.982,-0.641,517.439,-406.008,-109.473,-11.6,-13.596
1531,-0.007,394,-206.597,64.382,-135.708,22.583,-145.583,-128.176,-380.355,122.095,-190.077,139.661,-85.753,32.572,-355.974,-50.183,-1.054,523.532,-408.681,-110.79,-10.983,-25.31
1532,-0.001,354,-222.395,52.828,-148.821,18.584,-138.69,-138.074,-385.571,116.145,-192.871,125.361,-96.025,24.672,-358.935,-56.459,10.784,530.175,-412.571,-123.546,-13.452,-41.378
1533,0.002,324,-230.341,45.841,-156.041,15.704,-135.118,-146.131,-387.848,112.143,-194.308,119.889,-104.316,20.446,-360.408,-58.536,15.086,535.376,-414.702,-124.553,-16.131,-49.343
1534,0.005,300,-237.614,38.657,-165.992,13.678,-131.269,-153.567,-389.714,108.137,-195.405,114.848,-111.693,15.677,-361.802,-59.898,19.361,538.847,-416.737,-133.726,-19.919,-54.816
1535,-0.001,327,-226.795,48.888,-158.682,14.889,-136.686,-151.562,-386.576,113.573,-194.105,123.826,-109.645,20.657,-359.611,-55.45,7.691,534.592,-413.521,-126.708,-19.74,-49.684
1536,0.003,313,-233.982,43.229,-166.295,14.256,-132.942,-156.1,-388.712,110.32,-194.955,126.971,-112.946,17.423,-361.231,-56.107,19.34,535.812,-415.486,-132.538,-22.981,-51.009
1537,6.94E-18,322,-227.418,47.31,-161.06,14.717,-136.778,-155.388,-387.083,113.212,-194.294,132.766,-111.432,19.792,-360.082,-52.881,10.645,533.803,-413.927,-127.469,-23.37,-49.575
1538,-0.006,352,-218.254,58.541,-153.028,17.331,-143.55,-149.622,-383.257,120.201,-192.382,147.592,-104.657,25.702,-357.537,-49.407,1.159,528.668,-410.055,-124.648,-21.428,-38.604
1539,-0.01,365,-209.374,68.306,-140.447,20.276,-148.799,-143.393,-379.971,126.339,-190.542,162.733,-97.3,32.037,-355.531,-48.188,-4.371,524.19,-406.991,-116.14,-18.433,-27.794
1540,-0.003,350,-219.431,56.453,-147.742,18.627,-144.229,-148.277,-384.573,121.108,-192.525,157.507,-100.544,25.937,-358.586,-54.226,8.897,528.48,-411.074,-123.417,-20.079,-36.201
1541,-0.001,339,-221.55,50.945,-151.933,16.878,-144.22,-151.626,-386.053,118.552,-193.43,143.353,-103.659,23.217,-359.416,-58.055,9.787,531.518,-412.574,-122.216,-21.154,-42.201
1542,-0.006,356,-214.288,59.294,-146.058,18.366,-149.435,-147.654,-383.044,123.085,-192.103,139.362,-100.186,27.108,-357.359,-60.161,0.156,528.61,-409.639,-121.554,-19.394,-37.236
1543,-0.004,353,-216.667,57.806,-146.393,18.382,-148.631,-148.492,-384.211,121.784,-192.518,134.432,-100.731,26.998,-358.208,-66.147,6.315,529.221,-410.548,-119.287,-19.858,-36.595
1544,-0.015,392,-194.286,75.438,-130.246,23.599,-160.755,-136.464,-375.761,133.966,-188.422,147.266,-89.728,37.215,-352.862,-76.381,-16.272,520.911,-403.262,-110.503,-13.526,-20.981
1545,-0.006,381,-208.006,64.064,-138.279,21.977,-154.286,-141.451,-382.155,127.293,-191.132,150.86,-93.714,31.488,-357.158,-88.876,5.756,525.458,-408.63,-113.17,-14.893,-26.66
1546,-0.001,349,-214.293,52.093,-146.907,18.435,-151.062,-147.644,-385.771,121.438,-193.111,141.478,-100.151,24.311,-359.259,-104.233,9.335,531.074,-412.13,-122.854,-16.549,-40.536
1547,0.001,334,-222.88,46.54,-153.967,16.485,-149.28,-152.055,-387.347,117.706,-194.102,133.414,-105.329,21.272,-360.23,-122.454,12.764,534.199,-413.8,-122.916,-18.698,-47.857
1548,-0.002,344,-218.32,52.501,-152.137,16.633,-152.267,-151.012,-385.764,119.279,-193.503,132.478,-105.068,23.172,-359.131,-137.167,6.841,532.542,-412.199,-124.959,-18.802,-44.747
1549,0.004,312,-229.821,41.586,-160.762,14.745,-146.354,-157.024,-389.149,112.653,-195.046,123.49,-111.196,18.077,-361.577,-131.673,18.908,536.3,-415.706,-127.184,-22.684,-54.943
1550,0.008,287,-236.093,33.076,-172.041,12.344,-141.585,-163.291,-391.288,106.708,-196.249,106.598,-118.153,12.549,-363.153,-119.338,23.449,540.17,-418.525,-135.11,-26.576,-63.105
1551,0.001,309,-227.514,43.905,-164.408,13.752,-148.932,-159.452,-387.852,112.003,-194.838,107.56,-115.061,17.777,-360.663,-115.167,9.433,535.964,-414.806,-128.014,-26.654,-58.009
1552,-0.003,338,-220.824,53.86,-159.824,15.784,-153.494,-154.796,-385.338,116.656,-193.471,115.573,-109.357,23.045,-358.982,-104.484,4.669,531.62,-411.813,-126.444,-25.902,-47.346
1553,-0.008,358,-210.06,63.008,-146.35,18.602,-158.787,-147.651,-381.698,123.503,-191.53,125.44,-101.12,29.383,-356.633,-94.868,-4.803,526.683,-408.163,-118.365,-23.402,-38.205
1554,-0.012,381,-200.351,71.767,-136.773,21.9,-163.827,-140.122,-378.138,130.011,-189.535,135.624,-93.143,34.926,-354.496,-78.498,-9.708,522.288,-404.961,-113.431,-19.663,-29.07
1555,-0.024,429,-171.757,94.345,-115.2,31.394,-176.114,-123.111,-365.228,145.184,-182.808,155.582,-76.793,49.164,-347.226,-58.216,-29.857,511.139,-395.494,-99.18,-9.913,-5.822
1556,-0.011,411,-187.982,76.052,-126.543,28.192,-165.696,-129.858,-376.305,135.665,-187.9,152.236,-82.046,39.225,-354.624,-48.211,-4.638,518.321,-404.853,-108.715,-9.868,-21.333
1557,-0.015,413,-176.702,78.09,-124.176,28.453,-170.715,-126.104,-373.742,139.185,-186.885,153.262,-79.727,41.264,-352.15,-44.967,-17.22,517.692,-402.371,-102.823,-4.632,-23.306
1558,-0.008,400,-193.945,67.632,-130.711,25.682,-164.535,-132.224,-380.055,132.356,-189.872,143.568,-86.157,34.723,-355.834,-50.233,-0.306,523.539,-407.269,-111.848,-4.819,-35.35
1559,-0.004,379,-201.609,59.109,-140.879,21.656,-160.069,-138.555,-383.562,126.607,-191.866,131.809,-93.302,29.437,-357.739,-53.992,3.035,528.854,-410.3,-113.392,-5.367,-45.484
1560,-0.009,386,-200.07,64.874,-134.443,22.752,-164.631,-135.801,-380.502,130.461,-190.614,133.266,-92.095,32.964,-355.608,-52.046,-5.542,526.57,-407.281,-113.057,-2.624,-40.646
1561,-0.01,390,-197.48,70.128,-133.483,23.901,-165.11,-134.263,-379.541,131.994,-190.035,141.382,-91.008,35.472,-355.153,-51.166,-3.905,524.861,-406.265,-109.636,-0.429,-34.97
1562,-0.019,413,-179.335,84.689,-118.735,29.981,-173.647,-123.658,-371.082,142.138,-185.764,158.967,-81.452,44.965,-350.203,-44.134,-20.821,516.758,-399.587,-100.681,6.054,-19.797
1563,-0.014,410,-183.625,79.717,-122.633,30.17,-169.685,-125.151,-374.578,140.302,-187.178,163.492,-82.031,42.585,-352.91,-45.833,-7.59,518.092,-402.867,-101.011,7.028,-20.799
1564,-0.016,411,-175.985,81.399,-118.339,31.182,-172.11,-122.676,-372.77,142.716,-186.326,165.011,-79.932,43.514,-351.629,-44.756,-15.18,516.981,-401.598,-100.675,9.418,-21.606
1565,-0.03,439,-146.038,106.215,-99.139,44.82,-185.183,-104.465,-354.976,157.485,-176.905,186.7,-64.486,59.626,-341.413,-40.567,-36.751,504.856,-389.073,-85.763,14.705,4.484
1566,-0.042,461,-103.314,133.164,-71.253,69.006,-194.419,-74.398,-320.789,170.713,-156.741,216.966,-43.403,77.417,-322.265,-44.929,-51.118,490.432,-372.8,-59.991,16.748,26.841
1567,-0.096,495,5.376,225.022,18.148,137.414,-225.293,27.929,-195.523,207.12,-53.707,273.049,23.973,139.73,-233.735,-68.514,-115.221,438.667,-303.617,-3.948,29.311,113.28
1568,-0.108,506,38.208,266.864,64.789,176.51,-229.056,62.241,-177.488,220.536,48.717,288.272,48.312,169.094,-170.384,-119.001,-127.922,415.044,-280.389,-7.162,39.06,148.589
1569,-0.109,513,60.212,283.588,73.13,160.736,-234.653,89.194,-167.281,223.605,113.641,293.43,56.822,172.831,-144.458,-197.999,-139.318,396.555,-275.265,-6.628,47.842,142.522
1570,-0.032,512,0.064,165.316,20.586,110.015,-191.421,26.349,-241.233,183.715,100.577,240.514,19.013,80.343,-200.779,-176.949,-75.816,443.803,-362.343,-41.238,39.573,32.869
1571,-0.049,517,6.403,163.42,29.297,126.713,-213.641,47.504,-210.561,182.781,104.324,230.584,28.143,97.603,-188.108,-221.341,-97.847,437.025,-355.899,-31.532,53.491,35.14
1572,-0.014,474,-59.432,97.194,-3.863,102.876,-180.089,36.547,-248.896,154.005,80.853,178.809,-9.59,61.856,-240.816,-180.603,-30.545,464.986,-401.126,-53.518,50.589,-9.519
1573,-0.037,513,-44.865,121.435,13.088,121.382,-200.104,45.569,-222.12,159.717,92.634,171.098,1.46,81.606,-227.014,-203.826,-81.529,449.767,-380.758,-44.789,72.507,3.458
1574,-0.043,539,-33.646,137.639,18.338,123.393,-201.671,47.957,-219.431,166.72,97.208,163.136,4.363,93.241,-210.268,-197.296,-75.982,443.522,-370.297,-45.28,76.51,16.411
1575,-0.017,494,-86.185,100.479,-13.954,105.688,-179.714,40.745,-241.035,152.791,79.305,142.314,-23.523,64.168,-241.362,-166.535,-23.837,462.51,-399.63,-75.522,67.358,-15.264
1576,-0.011,450,-123.951,74.61,-38.259,91.354,-175.578,37.266,-256.345,139.959,64.712,119.408,-42.39,48.614,-264.507,-147.579,-26.525,470.404,-406.422,-92.504,64.063,-39.597
1577,-0.002,416,-169.327,59.86,-78.733,74.562,-163.953,33.097,-286.947,126.824,37.877,100.399,-71.349,35.784,-293.269,-120.442,-6.971,483.111,-412.492,-121.392,58.385,-55.589
1578,-0.004,420,-190.609,57.673,-122.608,77.005,-163.393,30.655,-312.993,123.731,20.895,101.85,-85.077,33.093,-311.865,-103.498,-10.707,487.447,-411.251,-131.59,61.915,-50.882
1579,6.94E-18,408,-217.933,50.787,-166.642,70.488,-157.431,25.781,-351.61,118.891,-12.858,104.547,-96.198,28.366,-334.185,-77.611,1.651,496.359,-413.474,-149.984,59.788,-56.009
1580,0.004,358,-234.689,42.638,-197.954,54.789,-151.715,19.212,-376.987,113.222,-66.464,102.701,-106.22,21.316,-354.832,-61.227,12.162,504.806,-416.078,-164.18,50.727,-58.86
1581,0.01,334,-251.523,30.288,-223.62,38.695,-143.616,7.556,-390.644,106.505,-133.613,97.137,-117.943,13.725,-365.16,-59.413,23.266,513.535,-419.92,-182.933,31.143,-70.13
1582,0.016,303,-263.65,17.613,-241.311,25.6,-134.415,-11.899,-394.622,98.885,-183.067,77.62,-130.261,5.316,-369.156,-67.249,37.03,523.222,-423.867,-189.538,3.435,-78.08
1583,0.019,284,-270.085,10.984,-255.968,28.946,-128.352,-44.29,-395.68,93.765,-206.849,52.092,-139.514,0.664,-369.326,-69.267,40.163,532.325,-426.147,-202.868,-22.701,-88.845
1584,0.021,274,-272.448,6.115,-260.336,32.504,-123.317,-83.937,-396.248,90.103,-211.351,22.81,-146.062,-2.889,-369.449,-69.743,45.008,540.42,-427.625,-200.855,-45.063,-91.327
1585,0.01,289,-256.911,25.012,-251.801,32.159,-134.324,-97.978,-392.556,100.334,-206.894,19.502,-138.963,5.429,-365.156,-65.344,22.101,537.312,-421.807,-203.651,-42.212,-81.863
1586,0.016,283,-264.783,17.887,-255.564,20.82,-127.055,-121.568,-394.84,94.935,-206.6,12.049,-141.227,2.641,-366.852,-67.331,41.621,542.336,-424.144,-201.347,-52.831,-83.049
1587,0.022,263,-268.866,4.42,-263.574,12.066,-119.674,-139.535,-396.598,86.877,-207.148,-1.88,-147.677,-3.082,-368.672,-67.638,48.36,548.465,-427.759,-211.104,-55.748,-96.622
1588,0.018,264,-263.052,9.746,-261.574,10.11,-123.06,-129.476,-395.292,88.385,-206.17,-5.753,-146.316,-2.086,-367.427,-63.963,37.689,547.912,-426.226,-203.611,-50.121,-91.538
1589,0.025,247,-271.524,-0.085,-269.193,6.455,-113.625,-147.393,-397.421,78.679,-207.181,-18.192,-151.867,-6.536,-369.646,-66.39,51.659,553.271,-429.734,-211.117,-52.237,-104.737
1590,0.028,237,-272.688,-8.978,-273.467,4.651,-107.74,-162.659,-398.124,71.537,-207.815,-38.146,-156.366,-10.955,-370.662,-66.457,52.794,557.051,-431.78,-209.719,-53.68,-107.912
1591,0.017,245,-257.974,10.166,-265.066,7.133,-119.236,-160.37,-394.9,77.773,-205.823,-33.857,-148.746,-3.888,-367.403,-60.736,31.061,551.183,-426.38,-203.343,-49.659,-99.757
1592,0.014,255,-256.037,19.647,-260.279,8.101,-122.966,-159.447,-394.049,79.075,-204.833,-28.648,-143.352,0.574,-366.281,-59.73,27.515,547.584,-423.905,-198.827,-48.134,-87.906
1593,0.018,253,-261.2,11.912,-263.509,7.333,-119.77,-165.544,-395.416,73.842,-205.398,-30.416,-144.375,-0.974,-367.453,-61.816,33.035,549.05,-425.595,-199.924,-49.296,-94.09
1594,0.011,266,-250.588,22.655,-255.487,9.025,-129.002,-162.14,-392.968,79.25,-203.99,-24.749,-137.969,3.316,-365.182,-59.663,19.627,544.639,-422.021,-192.06,-46.638,-80.334
1595,0.019,258,-262.987,11.586,-262.995,7.208,-120.876,-171.595,-395.786,70.335,-205.413,-33.461,-142.724,-1.037,-367.698,-64.699,33.352,548.882,-425.783,-197.684,-49.694,-93.153
1596,0.014,262,-253.548,17.225,-257.035,8.217,-126.641,-170.949,-394.019,72.75,-204.619,-35.25,-140.189,0.845,-366.158,-64.264,22.501,546.61,-423.688,-190.232,-48.494,-83.131
1597,0.027,240,-272.352,-4.267,-269.458,5.187,-111.863,-184.138,-398.042,57.563,-206.978,-52.886,-151.004,-8.132,-370.242,-70.749,41.618,554.801,-430.302,-200.579,-54.031,-105.895
1598,0.016,253,-253.782,11.705,-259.603,7.45,-122.795,-180.448,-394.587,62.329,-205.328,-44.825,-145.988,-3.084,-367.032,-68.879,22.695,549.742,-425.637,-189.89,-51.568,-88.893
1599,0.008,280,-245.099,29.328,-249.518,9.636,-132.665,-173.279,-391.655,70.224,-203.182,-30.81,-136.587,5.353,-364.265,-71.825,12.928,542.953,-420.399,-186.619,-48.349,-81.432
1600,0.004,301,-239.354,39.613,-241.054,11.305,-138.474,-167.313,-389.612,77.749,-201.362,-22.066,-127.137,11.466,-362.578,-79.273,6.158,537.871,-417.249,-177.137,-45.161,-63.489
1601,0.012,283,-251.858,24.223,-245.454,9.391,-132.013,-173.235,-393.279,72.2,-203.065,-27.337,-130.262,6.071,-365.193,-86.755,16.847,541.958,-421.219,-184.952,-46.559,-76.406
1602,0.004,301,-238.601,37.065,-235.831,11.346,-141.828,-167.882,-389.601,80.619,-200.938,-17.65,-123.776,11.444,-362.397,-101.737,6.324,537.577,-417.248,-172.717,-43.471,-61.964
1603,0.001,324,-235.561,45.068,-227.747,12.77,-146.144,-163.772,-387.858,87.122,-199.306,-10.866,-117.517,15.961,-361.104,-111.645,4.36,534.105,-414.918,-171.742,-41.606,-57.149
1604,0.004,315,-238.948,41.028,-227.095,12.328,-143.789,-164.94,-389.321,86.277,-199.59,-9.14,-117.313,15.054,-362.076,-118.264,5.126,535.45,-416.323,-165.075,-41.301,-55.113
1605,-0.001,344,-230.064,47.613,-217.056,13.645,-150.344,-160.253,-386.569,93.53,-197.672,-0.865,-112.087,18.93,-360.075,-131.934,0.071,532.324,-413.522,-163.597,-39.087,-50.835
1606,-0.007,388,-220.159,61.061,-203.375,16.509,-157.446,-152.241,-382.546,102.974,-194.713,15.528,-103.238,26.548,-357.375,-138.302,-6.559,527.074,-409.471,-145.295,-35.847,-37.179
1607,0.004,337,-236.084,43.063,-209.997,13.866,-147.011,-159.548,-388.995,94.441,-197.565,13.2,-110.025,18.061,-361.737,-115.918,0.543,534.035,-415.65,-154.529,-37.747,-50.107
1608,0.005,330,-236.598,37.562,-208.948,12.223,-145.788,-162.402,-389.728,93.487,-198.025,17.596,-114.148,15.4,-362.118,-99.291,2.167,536.86,-416.834,-147.891,-38.186,-55.921
1609,0.002,338,-233.956,43.093,-206.875,12.894,-148.944,-160.79,-388.303,96.893,-197.131,21.493,-113.517,17.385,-361.087,-87.014,1.134,535.379,-415.302,-150.915,-37.589,-54.141
1610,0.001,343,-231.108,46.403,-200.369,13.491,-149.442,-159.369,-387.698,99.523,-196.493,27.158,-112.227,19.535,-360.675,-74.134,-1.149,534.131,-414.518,-141.463,-37.033,-49.323
1611,6.94E-18,350,-228.851,47.116,-198.738,14.007,-150.353,-157.727,-387.063,102.402,-195.869,33.091,-110.487,20.454,-360.226,-61.678,-3.442,533.031,-413.796,-144.649,-36.262,-49.2
1612,-0.002,361,-224.883,51.743,-189.696,14.892,-152.417,-154.963,-385.815,106.237,-194.941,41.791,-107.482,23.132,-359.358,-58.347,-6.345,531.303,-412.466,-135.591,-34.984,-44.35
1613,-0.007,388,-215.436,60.934,-180.225,17.192,-157.321,-148.364,-382.42,113.412,-192.881,57.011,-100.84,28.224,-357.109,-50.435,-11.063,527.178,-409.151,-134.057,-32.16,-35.837
1614,6.94E-18,363,-225.861,50.442,-179.822,15.64,-150.352,-152.679,-386.688,108.632,-194.623,55.861,-104.804,23.3,-359.997,-56.356,-9.967,531.455,-413.082,-132.525,-33.122,-43.565
1615,-0.01,397,-206.807,65.228,-165.646,18.739,-159.706,-143.001,-380.159,119.841,-191.373,76.871,-96.269,31.237,-355.59,-50.298,-14.752,525.288,-407.132,-127.828,-28.857,-32.669
1616,-0.004,386,-217.715,58.534,-162.432,18.103,-153.635,-145.827,-384.016,116.587,-192.827,82.685,-98.566,28.291,-358.212,-53.657,-15.441,528.097,-410.334,-125.542,-29.064,-37.644
1617,0.002,347,-224.493,46.27,-169.946,15.206,-145.936,-152.305,-387.791,110.838,-194.734,84.507,-105.36,21.064,-360.659,-56.26,-13.234,533.639,-414.237,-136.309,-30.733,-50.305
1618,0.006,329,-235.332,36.379,-176.472,12.982,-138.605,-158.679,-390.194,105.337,-196.075,76.685,-112.605,15.847,-362.325,-57.321,-11.448,538.073,-417.092,-135.75,-33.21,-60.978
1619,0.01,304,-242.37,29.584,-189.076,10.846,-128.552,-165.477,-392.298,99.118,-197.235,58.705,-120.688,10.707,-363.95,-58.5,-11.855,541.987,-419.856,-147.195,-36.348,-71.212
1620,0.001,330,-229.1,42.997,-177.353,13.009,-133.637,-160.087,-387.94,106.505,-195.332,63.64,-116.082,17.573,-360.763,-53.34,-17.94,536.312,-415.058,-135.911,-34.964,-59.049
1621,-0.001,348,-225.246,50.04,-175.079,14.506,-133.726,-156.935,-386.588,109.873,-194.395,75.27,-111.705,21.412,-359.873,-53.175,-30.431,532.976,-413.15,-138.163,-34.226,-53.393
1622,-0.004,369,-217.947,55.41,-163.701,16.047,-136.111,-152.706,-384.542,114.726,-193.221,90.673,-106.191,25.22,-358.501,-53.145,-46.609,529.865,-410.981,-129.966,-32.416,-45.198
1623,-0.007,386,-211.852,61.27,-155.65,17.971,-140.291,-147.672,-382.304,119.835,-191.922,106.806,-100.335,28.921,-357.047,-55.227,-57.218,526.898,-408.728,-129.122,-30.024,-38.992
1624,-0.012,404,-200.106,71.835,-140.265,21.204,-146.756,-139.834,-378.173,127.081,-189.677,126.228,-92.417,35.318,-354.498,-57.622,-53.236,522.329,-405.053,-118.499,-26.125,-29.583
1625,-0.016,435,-187.918,80.225,-128.17,25.208,-152.659,-131.726,-373.953,134.167,-187.29,142.557,-84.401,41.094,-352.156,-65.705,-39.061,517.69,-401.755,-113.786,-21.153,-18.681
1626,-0.037,484,-135.536,117.937,-92.419,45.475,-175.097,-101.434,-344.089,158.001,-170.622,176.999,-57.615,65.19,-334.291,-85.913,-5.228,498.515,-381.65,-89.606,-4.691,14.247
1627,-0.04,493,-104.763,131.584,-75.442,64.312,-182.322,-76.701,-316.901,168.426,-153.69,199.855,-41.27,75.741,-321.79,-123.45,15.002,489.689,-373.575,-69.27,7.005,36.654
1628,-0.026,483,-113.309,109.678,-85.971,59.318,-176.616,-80.686,-320.371,159.321,-149.533,187.979,-47.922,61.933,-330.998,-149.701,8.526,500.192,-388.371,-68.1,9.532,11.573
1629,-0.035,486,-91.924,119.413,-71.289,62.607,-187.816,-62.918,-291,165.322,-126.077,183.247,-39.71,69.064,-318.497,-183.621,21.151,493.169,-380.863,-55.048,15.265,16.953
1630,-0.061,504,-36.482,167.888,-26.4,100.09,-206.888,-7.584,-224.886,181.223,-69.629,214.531,-7.799,101.454,-269.17,-212.177,58.982,467.089,-345.152,-20.59,19.614,56.495
1631,-0.035,484,-71.569,133.921,-35.216,79.736,-189.184,-17.983,-242.965,172.948,-67.9,204.062,-17.434,78.236,-277.286,-186.018,43.791,482.417,-376.451,-39.423,14.648,31.397
1632,-0.032,477,-80.237,120.071,-43.745,77.191,-191.862,-19.231,-241.449,165.766,-60.412,191.585,-22.837,70.693,-274.791,-180.574,40.588,486.891,-384.477,-43.398,16.815,12.662
1633,-0.053,492,-40.918,154.318,-18.706,133.391,-207.962,12.293,-219.806,174.239,-28.901,205.496,-3.264,94.382,-235.679,-189.49,62.798,470.214,-357.434,-32.605,22.952,46.252
1634,-0.036,482,-62.304,134.39,-24.052,110.415,-192.744,-8.308,-237.541,169.161,-30.45,201.328,-13.079,81.181,-237.04,-159.824,50.3,481.129,-377.088,-49.258,19.892,29.059
1635,-0.02,447,-98.493,99.161,-51.211,98.04,-183.298,-43.915,-256.942,156.092,-54.39,176.948,-33.068,59.095,-263.008,-126.765,30.636,497.118,-397.734,-73.133,18.66,-13.903
1636,-0.017,439,-118.698,87.973,-76.323,99.506,-180.064,-57.271,-269.824,145.658,-70.139,156.871,-47.867,51.765,-277.995,-103.44,28.273,504.409,-401.435,-84.205,18.691,-26.561
1637,-0.014,417,-141.153,81.984,-92.519,97.057,-174.615,-63.512,-284.176,139.191,-78.275,145.086,-62.152,47.331,-290.493,-75.313,30.525,510.195,-404.032,-97.645,17.356,-28.613
1638,-0.011,393,-162.585,73.29,-115.134,87.194,-170.087,-71.703,-301.576,133.979,-83.983,138.925,-72.791,42.963,-302.969,-56.081,32.418,515.077,-405.892,-111.211,15.834,-31.865
1639,-0.008,387,-181.828,67.442,-124.541,82.467,-165.506,-80.103,-325.092,129.822,-91.03,142.501,-82.046,37.994,-315.333,-46.671,28.56,519.362,-407.892,-124.17,14.058,-39.559
1640,-0.022,412,-164.641,90.313,-110.714,108.618,-177.5,-66.178,-316.646,140.608,-78.153,174.269,-70.804,51.822,-302.245,-39.072,44.932,507.484,-397.591,-110.23,19.078,-15.402
1641,-0.005,378,-199.092,65.513,-130.237,90.926,-160.956,-85.304,-350.911,129.68,-96.849,170.365,-85.347,36.58,-326.436,-50.297,27.65,520.446,-409.355,-134.963,12.367,-29.819
1642,-0.013,388,-186.974,72.793,-127.474,101.724,-166.99,-82.245,-356.691,135.628,-91.083,168.824,-82.578,40.68,-327.506,-48.448,32.087,516.035,-404.465,-131.62,15.144,-25.786
1643,-0.001,355,-218.018,54.583,-141.77,77.784,-154.605,-98.972,-381.286,125.528,-109.277,153.727,-94.19,29.31,-345.89,-57.931,15.173,525.902,-412.172,-152.89,9.621,-40.363
1644,0.002,324,-225.596,46.865,-153.559,54.881,-147.912,-110.534,-386.924,121.224,-118.395,132.68,-102.487,23.475,-354.988,-59.068,2.765,531.584,-414.664,-160.176,7.204,-50.827
1645,-0.006,362,-222.214,57.931,-144.526,85.634,-153.147,-106.56,-382.985,128.016,-117.136,129.527,-98.814,29.585,-354.513,-53.412,6.89,526.601,-409.876,-159.886,8.828,-42.554
1646,-0.009,368,-214.275,68.007,-138.499,92.02,-153.654,-103.025,-380.677,132.768,-114.51,138.764,-94.554,34.967,-354.173,-50.092,10.921,523.275,-407.245,-151.926,9.621,-33.314
1647,-0.004,361,-220.293,58.051,-143.875,69.353,-146.798,-109.343,-383.949,129.688,-119.399,139.839,-97.441,30.251,-357.11,-52.107,4.629,526.775,-410.252,-156.806,7.606,-39.442
1648,0.002,324,-228.891,46.336,-154.943,59.172,-137.867,-120.701,-387.793,123.148,-129.225,129.854,-104.447,23.363,-360.052,-55.943,-6.848,532.5,-414.317,-156.702,4.378,-52.526
1649,0.004,306,-235.477,41.132,-161.619,51.188,-131.61,-129.962,-389.159,119.027,-139.448,119.199,-109.651,19.34,-361.201,-58.636,-15.463,536.098,-416.031,-164.807,0.949,-60.345
1650,6.94E-18,321,-231.112,47.6,-158.041,54.68,-132.791,-131.826,-387.12,121.94,-146.05,118.717,-108.345,22.618,-359.889,-59.265,-14.672,533.814,-413.834,-156.854,0.083,-54.908
1651,0.004,306,-236.944,41.433,-165.931,56.752,-126.696,-140.975,-389.259,117.608,-161.172,110.401,-112.129,19.202,-361.56,-63.747,-20.696,535.515,-415.979,-164.606,-3.837,-60.014
1652,0.016,269,-254.374,19.142,-186.029,37.567,-110.091,-161.295,-394.864,103.459,-186.425,79.804,-125.915,7.246,-365.97,-69.786,-40.62,544.471,-423.216,-169.543,-13.239,-78.58
1653,0.01,275,-247.59,25.327,-191.762,26.414,-113.769,-164.81,-392.55,105.856,-196.259,66.95,-127.645,8.877,-364.167,-72.639,-42.084,542.61,-420.918,-177.044,-16.805,-77.711
1654,0.002,305,-237.072,42.781,-176.601,25.377,-122.425,-160.716,-388.608,112.771,-195.282,68.736,-120.981,17.122,-361.325,-77.127,-33.766,536.039,-415.895,-163.298,-17.631,-63.277
1655,0.012,281,-249.492,26.808,-195.998,18.571,-111.532,-170.919,-393.265,102.457,-197.285,51.561,-127.431,9.885,-364.865,-80.882,-44.245,541.258,-420.962,-175.112,-24.93,-75.096
1656,0.004,299,-235.952,36.416,-184.73,16.653,-120.48,-167.497,-389.583,108.753,-195.843,52.196,-122.802,14.857,-362.074,-89.217,-39.615,537.158,-417.047,-163.699,-25.557,-65.249
1657,0.003,302,-236.276,42.121,-185.086,15.905,-121.95,-166.373,-388.947,109.423,-195.342,54.681,-119.49,17.239,-361.636,-95.852,-36.591,535.206,-415.864,-167.57,-27.201,-61.337
1658,0.001,313,-230.394,45.952,-175.838,15.731,-125.445,-164.137,-387.745,111.247,-194.692,57.084,-115.733,20.03,-360.778,-124.24,-32.85,533.313,-414.472,-158.146,-27.711,-54.55
1659,0.007,293,-240.378,34.585,-186.275,13.504,-119.341,-168.891,-390.819,104.465,-196.02,52.399,-119.793,14.748,-362.987,-126.536,-38.849,537.3,-417.807,-167.356,-31.17,-64.23
1660,0.002,306,-231.273,42.863,-177.122,13.949,-124.791,-165.672,-388.354,107.773,-195.048,56.177,-116.827,18.368,-361.163,-129.695,-35.435,534.937,-415.312,-157.43,-31.1,-57.673
1661,-0.001,333,-227.952,49.108,-173.106,15.245,-128.555,-161.754,-386.572,110.709,-194.083,60.323,-112.305,21.861,-359.926,-121.458,-29.78,532.047,-413.153,-159.517,-30.571,-52.072
1662,-0.002,344,-223.454,52.45,-164.367,16.016,-130.892,-158.892,-385.806,112.478,-193.58,61.183,-108.868,24.467,-359.403,-109.477,-25.561,530.595,-412.222,-150.519,-30.055,-46.91
1663,-0.004,356,-219.462,55.32,-160.742,17.057,-134.445,-155.138,-384.439,115.504,-192.844,65.549,-104.932,26.388,-358.463,-97.255,-21.065,528.872,-410.805,-152.329,-28.796,-44.248
1664,-0.007,375,-212.552,61.963,-149.25,18.766,-139.262,-149.765,-382.267,119.729,-191.69,72.417,-100.037,30.697,-357.035,-83.919,-14.411,526.31,-408.668,-141.895,-26.649,-38.18
1665,-0.023,444,-180.37,90.595,-120.734,28.905,-157.148,-129.821,-367.405,138.91,-184.128,99.148,-81.444,47.391,-348.188,-68.905,10.708,512.837,-396.88,-125.679,-16.878,-10.362
1666,-0.013,436,-189.475,79.285,-125.424,28.034,-151.527,-131.177,-375.038,132.894,-187.406,109.008,-82.619,42.823,-353.693,-55.592,10.863,516.544,-403.48,-121.785,-15.738,-18.31
1667,-0.009,418,-190.937,68.367,-131.563,24.626,-149.785,-133.807,-379.029,129.469,-189.477,109.681,-86.435,36.52,-355.365,-46.828,6.964,521.45,-406.491,-129.555,-14.1,-30.547
1668,-0.025,450,-163.288,94.783,-110.717,35.038,-165.718,-115.645,-363.783,146.391,-181.886,132.178,-72.069,52.861,-346.146,-37.991,29.123,510.084,-394.753,-110.821,-3.375,-11.975
1669,-0.009,422,-187.001,74.051,-125.928,29.814,-151.846,-126.55,-377.896,132.532,-188.546,127.889,-81.986,39.997,-355.496,-48.905,19.242,520.081,-406.376,-125.058,-4.885,-24.264
1670,-0.014,427,-176.767,75.11,-125.201,29.002,-156.876,-123.575,-374.887,136.827,-187.488,128.153,-81.137,42.224,-352.573,-47.933,22.95,518.72,-403.355,-116.105,0.255,-26.318
1671,-0.002,386,-205.642,56.472,-139.203,23.286,-143.981,-136.258,-384.605,124.375,-192.125,114.324,-93.16,29.972,-358.566,-55.987,9.539,528.67,-411.44,-132.096,-3.035,-43.999
1672,-0.001,375,-210.669,51.935,-148.325,19.097,-139.466,-142.288,-385.893,120.549,-193.257,103.444,-99.841,26.597,-359.092,-55.026,1.709,532.75,-412.696,-129.43,-3.922,-51.601
1673,0.001,355,-222.692,46.159,-152.843,17.189,-134.5,-148.058,-387.409,116.733,-194.148,97.36,-105.572,23.145,-360.156,-55.254,-4.827,535.393,-414.089,-138.716,-6.277,-56.611
1674,0.004,329,-228.559,42.385,-160.792,14.838,-128.302,-154.305,-389.188,112.023,-195.132,89.415,-111.568,19.863,-361.483,-56.146,-13.262,537.723,-416.064,-136.196,-9.713,-60.157
1675,0.007,314,-236.86,34.128,-170.665,12.928,-122.328,-160.589,-390.834,107.269,-196.052,78.696,-117.56,15.12,-362.75,-58.114,-22.232,539.956,-418.095,-146.265,-14.205,-67.867
1676,6.94E-18,341,-227.035,46.406,-162.104,14.418,-128.97,-157.086,-387.265,113.329,-194.534,81.417,-114.078,21.116,-360.202,-55.653,-17.609,535.138,-414.164,-135.833,-14.223,-57.182
1677,0.013,286,-247.077,25.304,-185.046,10.787,-113.697,-169.349,-393.613,99.142,-197.275,63.075,-125.476,9.687,-365.044,-63.374,-34.078,543.026,-421.309,-152.018,-22.714,-74.659
1678,0.005,297,-234.89,34.92,-178.214,11.932,-120.688,-166.491,-390.079,104.515,-196.042,60.64,-123.064,14.354,-362.317,-60.83,-31.573,539.424,-417.677,-142.657,-23.741,-66.257
1679,-0.001,334,-228.737,48.491,-172.96,14.203,-127.778,-160.778,-386.744,110.536,-194.327,68.141,-115.749,20.742,-359.994,-62.084,-23.497,533.771,-413.52,-143.746,-23.638,-55.321
1680,0.002,324,-229.499,46.284,-168.769,14.089,-125.773,-161.663,-388.198,108.272,-194.765,65.765,-114.859,20.568,-361.048,-66.838,-24.797,534.365,-414.748,-138.53,-25.614,-53.759
1681,0.005,307,-234.546,37.399,-177.647,12.974,-122.631,-164.523,-389.787,104.625,-195.539,59.453,-117.251,16.475,-362.16,-72.391,-29.403,536.871,-416.644,-147.045,-28.182,-61.625
1682,0.013,286,-247.693,24.389,-188.363,10,-112.555,-173.15,-393.635,93.369,-197.407,45.231,-126.478,9.195,-365.102,-75.836,-42.121,543.447,-421.541,-148.893,-33.627,-74.1
1683,0.022,247,-261.765,5.232,-216.919,6.959,-98.239,-184.525,-396.649,79.747,-199.331,26.482,-140.098,-1.319,-368.246,-74.814,-59.635,551.242,-427.29,-167.878,-41.514,-93.463
1684,0.009,266,-242.099,25.433,-204.612,9.641,-111.35,-177.701,-392.126,89.101,-197.429,30.973,-134.044,7.184,-364.226,-85.03,-52.826,544.387,-421.116,-154.756,-40.251,-77.827
1685,0.008,271,-242.365,32.409,-208.478,10.202,-112.062,-175.395,-391.637,89.973,-196.869,31.634,-129.986,10.137,-363.766,-111.227,-49.306,541.759,-419.507,-161.44,-40.77,-75.065
1686,0.004,291,-234.782,38.508,-197.629,11.711,-118.664,-170.807,-389.571,94.624,-195.805,31.866,-123.748,15.038,-362.212,-136.621,-43.485,537.775,-416.911,-150.571,-39.673,-62.999
1687,0.015,265,-252.508,19.383,-214.47,8.929,-106.405,-179.086,-394.555,82.96,-197.899,17.433,-131.571,5.462,-366.002,-124.961,-55.061,544.554,-422.748,-165.431,-43.628,-80.076
1688,0.007,277,-239.144,31.295,-205.971,10.513,-115.556,-174.432,-391.16,89.193,-196.658,17.671,-127.444,10.63,-363.36,-125.264,-51.574,540.894,-419.12,-154.425,-41.936,-69.093
1689,0.025,239,-267.903,0.993,-233.675,6.162,-92.481,-188.455,-397.63,69.436,-199.724,-9.943,-143.395,-3.958,-369.347,-90.26,-71.548,552.173,-428.524,-176.339,-49.53,-97.379
1690,0.014,252,-248.237,15.714,-228.307,8.174,-103.402,-183.97,-393.942,76.422,-198.477,-18.699,-140.399,1.661,-366.058,-87.543,-68.34,547.733,-424.147,-166.394,-48.205,-82.729
1691,0.009,265,-243.785,28.143,-227.008,9.54,-108.149,-179.117,-392.117,80.871,-197.302,-23.631,-134.02,6.424,-364.341,-79.869,-62.359,543.21,-420.612,-172.577,-46.648,-79.297
1692,0.007,277,-239.98,34.595,-221.52,10.404,-112.917,-175.603,-391.121,83.755,-196.61,-18.373,-128.702,11.189,-363.489,-68.913,-57.817,540.296,-418.899,-161.914,-45.02,-66.966
1693,0.004,294,-236.076,37.369,-217.278,11.641,-117.543,-171.358,-389.539,88.363,-195.747,-7.062,-122.916,13.043,-362.273,-62.268,-53.114,537.063,-416.846,-165.787,-42.992,-65.151
1694,0.007,289,-241.602,35.104,-217.429,11.055,-115.925,-172.185,-390.946,86.457,-196.251,2.375,-122.989,12.938,-363.252,-58.4,-54.493,538.423,-418.239,-158.836,-42.907,-63.138
1695,0.008,287,-242.771,31.24,-219.423,10.571,-115.008,-172.912,-391.453,85.552,-196.539,8.22,-124.021,10.074,-363.591,-63.388,-56.508,539.68,-418.977,-166.862,-42.832,-68.541
1696,0.017,265,-256.169,15.677,-230.948,8.059,-103.555,-181.226,-395.182,75.762,-198.362,-1.045,-133.625,3.557,-366.7,-68.213,-67.529,546.548,-424.114,-168.007,-46.574,-79.652
1697,0.024,244,-264.264,0.344,-246.02,5.993,-91.855,-189.203,-397.16,65.675,-199.838,-23.63,-145.346,-5.69,-369.091,-71.208,-80.479,552.807,-428.732,-186.36,-51.174,-97.909
1698,0.01,260,-242.228,23.136,-236.617,9.054,-107.174,-181.267,-392.525,76.554,-197.771,-10.527,-137.455,4.384,-364.814,-63.201,-72.341,545.253,-421.997,-170.63,-47.964,-79.177
1699,0.008,267,-241.797,31.892,-234.031,9.911,-109.722,-177.314,-391.649,79.718,-196.956,-0.145,-131.503,7.88,-363.94,-59.79,-66.617,541.693,-419.724,-176.319,-46.568,-76.11