inputs,outputs,predictions,RED,GREEN,BLUE
-3.968,-54.312,-52.815,0.1,0.1,0.1
-3.994,-54.312,-53.157,0.1,0.1,0.1
-4.023,-54.312,-53.523,0.1,0.1,0.1
-4.051,-54.312,-53.895,0.1,0.1,0.1
-4.079,-54.312,-54.255,0.1,0.1,0.1
-4.105,-54.371,-54.586,0.1,0.1,0.1
-4.127,-54.432,-54.875,0.1,0.1,0.1
-4.144,-54.478,-55.109,0.1,0.1,0.1
-4.155,-54.508,-55.277,0.1,0.1,0.1
-4.158,-54.517,-55.37,0.1,0.1,0.1
-4.152,-54.517,-55.375,0.1,0.1,0.1
-4.136,-54.517,-55.283,0.1,0.1,0.1
-4.112,-54.517,-55.093,0.1,0.1,0.1
-4.081,-54.517,-54.81,0.1,0.1,0.1
-4.045,-54.517,-54.44,0.1,0.1,0.1
-4.005,-54.517,-53.991,0.1,0.1,0.1
-3.963,-54.517,-53.475,0.1,0.1,0.1
-3.921,-54.415,-52.906,0.1,0.1,0.1
-3.88,-54.282,-52.304,0.1,0.1,0.1
-3.842,-53.946,-51.696,0.1,0.1,0.1
-3.809,-53.652,-51.112,0.1,0.1,0.1
-3.782,-53.412,-50.586,0.1,0.1,0.1
-3.761,-53.223,-50.134,0.1,0.1,0.1
-3.744,-53.078,-49.763,0.1,0.1,0.1
-3.732,-52.97,-49.469,0.1,0.1,0.1
-3.724,-52.892,-49.245,0.1,0.1,0.1
-3.718,-52.839,-49.08,0.1,0.1,0.1
-3.714,-52.804,-48.963,0.1,0.1,0.1
-3.711,-52.78,-48.88,0.1,0.1,0.1
-3.709,-52.761,-48.82,0.1,0.1,0.1
-3.707,-52.74,-48.767,0.1,0.1,0.1
-3.704,-52.712,-48.711,0.1,0.1,0.1
-3.7,-52.676,-48.645,0.1,0.1,0.1
-3.695,-52.634,-48.568,0.1,0.1,0.1
-3.69,-52.586,-48.478,0.1,0.1,0.1
-3.684,-52.533,-48.379,0.1,0.1,0.1
-3.678,-52.477,-48.27,0.1,0.1,0.1
-3.672,-52.419,-48.155,0.1,0.1,0.1
-3.665,-52.36,-48.035,0.1,0.1,0.1
-3.659,-52.3,-47.911,0.1,0.1,0.1
-3.652,-52.24,-47.787,0.1,0.1,0.1
-3.646,-52.182,-47.663,0.1,0.1,0.1
-3.639,-52.122,-47.538,0.1,0.1,0.1
-3.632,-52.059,-47.408,0.1,0.1,0.1
-3.624,-51.988,-47.268,0.1,0.1,0.1
-3.615,-51.907,-47.111,0.1,0.1,0.1
-3.605,-51.813,-46.933,0.1,0.1,0.1
-3.593,-51.704,-46.726,0.1,0.1,0.1
-3.579,-51.575,-46.485,0.1,0.1,0.1
-3.562,-51.425,-46.204,0.1,0.1,0.1
-3.543,-51.25,-45.875,0.1,0.1,0.1
-3.521,-51.049,-45.499,0.1,0.1,0.1
-3.498,-50.836,-45.088,0.1,0.1,0.1
-3.476,-50.631,-44.671,0.1,0.1,0.1
-3.456,-50.451,-44.278,0.1,0.1,0.1
-3.442,-50.314,-43.945,0.1,0.1,0.1
-3.434,-50.239,-43.704,0.1,0.1,0.1
-3.434,-50.239,-43.59,0.1,0.1,0.1
-3.445,-50.239,-43.638,0.1,0.1,0.1
-3.468,-50.239,-43.884,0.1,0.1,0.1
-3.506,-50.239,-44.367,0.1,0.1,0.1
-3.559,-50.239,-45.122,0.1,0.1,0.1
-3.624,-50.239,-46.132,0.1,0.1,0.1
-3.697,-50.412,-47.343,0.1,0.1,0.1
-3.773,-50.621,-48.668,0.1,0.1,0.1
-3.849,-50.849,-50.005,0.1,0.1,0.1
-3.919,-51.139,-51.255,0.1,0.1,0.1
-3.981,-51.391,-52.336,0.1,0.1,0.1
-4.029,-51.588,-53.194,0.1,0.1,0.1
-4.059,-51.735,-53.797,0.1,0.1,0.1
-4.067,-51.776,-54.123,0.1,0.1,0.1
-4.05,-51.776,-54.156,0.1,0.1,0.1
-4.012,-51.776,-53.906,0.1,0.1,0.1
-3.957,-51.776,-53.391,0.1,0.1,0.1
-3.89,-51.776,-52.629,0.1,0.1,0.1
-3.816,-51.637,-51.641,0.1,0.1,0.1
-3.739,-51.427,-50.47,0.1,0.1,0.1
-3.665,-51.219,-49.184,0.1,0.1,0.1
-3.597,-50.941,-47.885,0.1,0.1,0.1
-3.541,-50.71,-46.692,0.1,0.1,0.1
-3.501,-50.546,-45.722,0.1,0.1,0.1
-3.481,-50.464,-45.062,0.1,0.1,0.1
-3.479,-50.454,-44.723,0.1,0.1,0.1
-3.491,-50.454,-44.669,0.1,0.1,0.1
-3.514,-50.454,-44.857,0.1,0.1,0.1
-3.544,-50.454,-45.237,0.1,0.1,0.1
-3.579,-50.454,-45.758,0.1,0.1,0.1
-3.615,-50.454,-46.359,0.1,0.1,0.1
-3.648,-50.454,-46.977,0.1,0.1,0.1
-3.675,-50.454,-47.545,0.1,0.1,0.1
-3.693,-50.494,-47.998,0.1,0.1,0.1
-3.699,-50.511,-48.281,0.1,0.1,0.1
-3.695,-50.511,-48.383,0.1,0.1,0.1
-3.684,-50.511,-48.321,0.1,0.1,0.1
-3.667,-50.511,-48.127,0.1,0.1,0.1
-3.647,-50.511,-47.84,0.1,0.1,0.1
-3.627,-50.511,-47.5,0.1,0.1,0.1
-3.608,-50.511,-47.153,0.1,0.1,0.1
-3.594,-50.511,-46.846,0.1,0.1,0.1
-3.587,-50.511,-46.625,0.1,0.1,0.1
-3.589,-50.511,-46.537,0.1,0.1,0.1
-3.602,-50.511,-46.619,0.1,0.1,0.1
-3.623,-50.511,-46.864,0.1,0.1,0.1
-3.648,-50.511,-47.232,0.1,0.1,0.1
-3.674,-50.511,-47.67,0.1,0.1,0.1
-3.698,-50.511,-48.114,0.1,0.1,0.1
-3.716,-50.557,-48.502,0.1,0.1,0.1
-3.724,-50.58,-48.769,0.1,0.1,0.1
-3.719,-50.58,-48.85,0.1,0.1,0.1
-3.697,-50.58,-48.682,0.1,0.1,0.1
-3.655,-50.58,-48.194,0.1,0.1,0.1
-3.59,-50.58,-47.321,0.1,0.1,0.1
-3.506,-50.53,-46.064,0.1,0.1,0.1
-3.407,-49.997,-44.486,0.1,0.1,0.1
-3.299,-48.986,-42.711,0.1,0.1,0.1
-3.185,-47.911,-40.891,0.1,0.1,0.1
-3.07,-46.821,-39.158,0.1,0.1,0.1
-2.959,-45.76,-37.565,0.1,0.1,0.1
-2.857,-44.769,-36.158,0.1,0.1,0.1
-2.767,-43.903,-35.029,0.1,0.1,0.1
-2.696,-43.205,-34.168,0.1,0.1,0.1
-2.646,-42.711,-33.56,0.1,0.1,0.1
-2.616,-42.412,-33.17,0.1,0.1,0.1
-2.602,-42.283,-32.959,0.1,0.1,0.1
-2.604,-42.283,-32.895,0.1,0.1,0.1
-2.617,-42.283,-32.95,0.1,0.1,0.1
-2.64,-42.283,-33.1,0.1,0.1,0.1
-2.669,-42.283,-33.322,0.1,0.1,0.1
-2.702,-42.283,-33.596,0.1,0.1,0.1
-2.737,-42.283,-33.9,0.1,0.1,0.1
-2.77,-42.283,-34.212,0.1,0.1,0.1
-2.8,-42.283,-34.51,0.1,0.1,0.1
-2.826,-42.348,-34.784,0.1,0.1,0.1
-2.849,-42.411,-35.033,0.1,0.1,0.1
-2.869,-42.465,-35.254,0.1,0.1,0.1
-2.886,-42.512,-35.45,0.1,0.1,0.1
-2.901,-42.552,-35.62,0.1,0.1,0.1
-2.913,-42.585,-35.768,0.1,0.1,0.1
-2.923,-42.614,-35.894,0.1,0.1,0.1
-2.932,-42.637,-36.001,0.1,0.1,0.1
-2.939,-42.657,-36.092,0.1,0.1,0.1
-2.945,-42.673,-36.168,0.1,0.1,0.1
-2.95,-42.686,-36.23,0.1,0.1,0.1
-2.953,-42.695,-36.277,0.1,0.1,0.1
-2.955,-42.7,-36.309,0.1,0.1,0.1
-2.955,-42.702,-36.325,0.1,0.1,0.1
-2.954,-42.702,-36.323,0.1,0.1,0.1
-2.952,-42.702,-36.303,0.1,0.1,0.1
-2.947,-42.702,-36.263,0.1,0.1,0.1
-2.941,-42.702,-36.204,0.1,0.1,0.1
-2.933,-42.702,-36.125,0.1,0.1,0.1
-2.923,-42.702,-36.023,0.1,0.1,0.1
-2.909,-42.702,-35.89,0.1,0.1,0.1
-2.891,-42.702,-35.714,0.1,0.1,0.1
-2.867,-42.702,-35.482,0.1,0.1,0.1
-2.835,-42.702,-35.184,0.1,0.1,0.1
-2.794,-42.702,-34.809,0.1,0.1,0.1
-2.742,-42.666,-34.351,0.1,0.1,0.1
-2.679,-42.493,-33.806,0.1,0.1,0.1
-2.603,-42.284,-33.171,0.1,0.1,0.1
-2.512,-41.39,-32.445,0.1,0.1,0.1
-2.407,-40.337,-31.631,0.1,0.1,0.1
-2.292,-39.187,-30.759,0.1,0.1,0.1
-2.175,-38.003,-29.867,0.1,0.1,0.1
-2.062,-36.853,-28.993,0.1,0.1,0.1
-1.96,-35.811,-28.183,0.1,0.1,0.1
-1.875,-34.944,-27.491,0.1,0.1,0.1
-1.816,-34.326,-26.972,0.1,0.1,0.1
-1.787,-34.032,-26.681,0.1,0.1,0.1
-1.797,-34.032,-26.665,0.1,0.1,0.1
-1.851,-34.032,-26.966,0.1,0.1,0.1
-1.954,-34.032,-27.602,0.1,0.1,0.1
-2.096,-34.33,-28.527,0.1,0.1,0.1
-2.267,-34.906,-29.683,0.1,0.1,0.1
-2.454,-35.738,-31.028,0.1,0.1,0.1
-2.647,-36.746,-32.532,0.1,0.1,0.1
-2.833,-37.833,-34.17,0.1,0.1,0.1
-3.001,-38.89,-35.896,0.1,0.1,0.1
-3.14,-39.818,-37.59,0.1,0.1,0.1
-3.237,-40.489,-39.002,0.1,0.1,0.1
-3.281,-40.803,-39.987,0.1,0.1,0.1
-3.265,-40.803,-40.279,0.1,0.1,0.1
-3.194,-40.803,-39.809,0.1,0.1,0.1
-3.081,-40.803,-38.696,0.1,0.1,0.1
-2.935,-40.404,-37.138,0.1,0.1,0.1
-2.768,-39.79,-35.365,0.1,0.1,0.1
-2.589,-38.973,-33.65,0.1,0.1,0.1
-2.41,-38.027,-32.076,0.1,0.1,0.1
-2.242,-37.043,-30.664,0.1,0.1,0.1
-2.094,-36.12,-29.427,0.1,0.1,0.1
-1.978,-35.348,-28.418,0.1,0.1,0.1
-1.902,-34.836,-27.704,0.1,0.1,0.1
-1.863,-34.569,-27.296,0.1,0.1,0.1
-1.857,-34.526,-27.157,0.1,0.1,0.1
-1.879,-34.526,-27.242,0.1,0.1,0.1
-1.924,-34.526,-27.508,0.1,0.1,0.1
-1.987,-34.526,-27.918,0.1,0.1,0.1
-2.063,-34.543,-28.437,0.1,0.1,0.1
-2.148,-34.776,-29.032,0.1,0.1,0.1
-2.237,-35.02,-29.672,0.1,0.1,0.1
-2.325,-35.353,-30.327,0.1,0.1,0.1
-2.408,-35.693,-30.968,0.1,0.1,0.1
-2.485,-36.034,-31.586,0.1,0.1,0.1
-2.555,-36.39,-32.175,0.1,0.1,0.1
-2.62,-36.715,-32.735,0.1,0.1,0.1
-2.679,-37.025,-33.264,0.1,0.1,0.1
-2.732,-37.325,-33.758,0.1,0.1,0.1
-2.778,-37.589,-34.215,0.1,0.1,0.1
-2.818,-37.818,-34.629,0.1,0.1,0.1
-2.852,-38.01,-34.995,0.1,0.1,0.1
-2.879,-38.178,-35.309,0.1,0.1,0.1
-2.9,-38.308,-35.564,0.1,0.1,0.1
-2.914,-38.398,-35.756,0.1,0.1,0.1
-2.922,-38.447,-35.882,0.1,0.1,0.1
-2.923,-38.456,-35.937,0.1,0.1,0.1
-2.918,-38.456,-35.92,0.1,0.1,0.1
-2.906,-38.456,-35.832,0.1,0.1,0.1
-2.888,-38.456,-35.672,0.1,0.1,0.1
-2.863,-38.456,-35.443,0.1,0.1,0.1
-2.831,-38.456,-35.148,0.1,0.1,0.1
-2.793,-38.456,-34.793,0.1,0.1,0.1
-2.748,-38.456,-34.382,0.1,0.1,0.1
-2.697,-38.384,-33.926,0.1,0.1,0.1
-2.641,-38.23,-33.435,0.1,0.1,0.1
-2.58,-38.064,-32.917,0.1,0.1,0.1
-2.516,-37.876,-32.381,0.1,0.1,0.1
-2.448,-37.598,-31.833,0.1,0.1,0.1
-2.378,-37.309,-31.278,0.1,0.1,0.1
-2.306,-36.997,-30.718,0.1,0.1,0.1
-2.232,-36.63,-30.156,0.1,0.1,0.1
-2.159,-36.261,-29.595,0.1,0.1,0.1
-2.086,-35.868,-29.038,0.1,0.1,0.1
-2.013,-35.453,-28.484,0.1,0.1,0.1
-1.941,-35.043,-27.936,0.1,0.1,0.1
-1.87,-34.608,-27.392,0.1,0.1,0.1
-1.8,-34.123,-26.855,0.1,0.1,0.1
-1.731,-33.455,-26.326,0.1,0.1,0.1
-1.664,-32.754,-25.806,0.1,0.1,0.1
-1.599,-32.07,-25.297,0.1,0.1,0.1
-1.535,-31.406,-24.802,0.1,0.1,0.1
-1.474,-30.759,-24.322,0.1,0.1,0.1
-1.415,-30.137,-23.862,0.1,0.1,0.1
-1.36,-29.558,-23.43,0.1,0.1,0.1
-1.311,-29.036,-23.042,0.1,0.1,0.1
-1.269,-28.59,-22.711,0.1,0.1,0.1
-1.236,-28.241,-22.45,0.1,0.1,0.1
-1.214,-28.007,-22.271,0.1,0.1,0.1
-1.205,-27.905,-22.187,0.1,0.1,0.1
-1.209,-27.905,-22.21,0.1,0.1,0.1
-1.23,-27.905,-22.349,0.1,0.1,0.1
-1.268,-27.905,-22.617,0.1,0.1,0.1
-1.324,-27.905,-23.013,0.1,0.1,0.1
-1.394,-27.905,-23.509,0.1,0.1,0.1
-1.473,-28.091,-24.07,0.1,0.1,0.1
-1.555,-28.315,-24.661,0.1,0.1,0.1
-1.634,-28.573,-25.246,0.1,0.1,0.1
-1.706,-28.87,-25.789,0.1,0.1,0.1
-1.766,-29.113,-26.252,0.1,0.1,0.1
-1.807,-29.284,-26.596,0.1,0.1,0.1
-1.824,-29.372,-26.782,0.1,0.1,0.1
-1.813,-29.372,-26.766,0.1,0.1,0.1
-1.769,-29.372,-26.514,0.1,0.1,0.1
-1.696,-29.372,-26.033,0.1,0.1,0.1
-1.6,-29.306,-25.346,0.1,0.1,0.1
-1.486,-28.992,-24.489,0.1,0.1,0.1
-1.358,-28.552,-23.505,0.1,0.1,0.1
-1.223,-27.996,-22.442,0.1,0.1,0.1
-1.086,-26.625,-21.355,0.1,0.1,0.1
-0.951,-25.053,-20.282,0.1,0.1,0.1
-0.825,-23.575,-18.991,0.1,0.1,0.1
-0.713,-22.253,-16.749,0.1,0.1,0.1
-0.619,-21.139,-13.863,0.1,0.1,0.1
-0.542,-20.23,-11.063,0.1,0.1,0.1
-0.481,-19.513,-9.709,0.1,0.1,0.1
-0.436,-18.967,-8.953,0.1,0.1,0.1
-0.403,-18.579,-8.475,0.1,0.1,0.1
-0.382,-18.331,-8.148,0.1,0.1,0.1
-0.372,-18.207,-7.943,0.1,0.1,0.1
-0.37,-18.189,-7.837,0.1,0.1,0.1
-0.376,-18.189,-7.817,0.1,0.1,0.1
-0.388,-18.189,-7.872,0.1,0.1,0.1
-0.405,-18.189,-7.991,0.1,0.1,0.1
-0.426,-18.189,-8.17,0.1,0.1,0.1
-0.452,-18.189,-8.408,0.1,0.1,0.1
-0.483,-18.189,-8.702,0.1,0.1,0.1
-0.52,-18.189,-9.051,0.1,0.1,0.1
-0.561,-18.189,-9.453,0.1,0.1,0.1
-0.607,-18.289,-9.907,0.1,0.1,0.1
-0.659,-18.431,-10.41,0.1,0.1,0.1
-0.716,-18.587,-10.96,0.1,0.1,0.1
-0.778,-18.768,-11.557,0.1,0.1,0.1
-0.845,-19.046,-12.213,0.1,0.1,0.1
-0.915,-19.332,-13.338,0.1,0.1,0.1
-0.984,-19.626,-14.678,0.1,0.1,0.1
-1.048,-19.947,-16.157,0.1,0.1,0.1
-1.104,-20.229,-17.626,0.1,0.1,0.1
-1.149,-20.454,-18.9,0.1,0.1,0.1
-1.179,-20.611,-19.881,0.1,0.1,0.1
-1.191,-20.681,-20.54,0.1,0.1,0.1
-1.182,-20.681,-20.857,0.1,0.1,0.1
-1.148,-20.681,-20.823,0.1,0.1,0.1
-1.087,-20.681,-20.42,0.1,0.1,0.1
-1.004,-20.681,-19.642,0.1,0.1,0.1
-0.903,-20.441,-18.43,0.1,0.1,0.1
-0.791,-20.133,-16.666,0.1,0.1,0.1
-0.672,-19.643,-14.248,0.1,0.1,0.1
-0.551,-19.113,-11.179,0.1,0.1,0.1
-0.435,-18.53,-9.346,0.1,0.1,0.1
-0.329,-17.695,-8.001,0.1,0.1,0.1
-0.237,-16.603,-6.9,0.1,0.1,0.1
-0.166,-15.736,-5.987,0.1,0.1,0.1
-0.119,-15.157,-5.299,0.1,0.1,0.1
-0.094,-14.849,-4.83,0.1,0.1,0.1
-0.087,-14.765,-4.564,0.1,0.1,0.1
-0.095,-14.765,-4.478,0.1,0.1,0.1
-0.113,-14.765,-4.542,0.1,0.1,0.1
-0.137,-14.765,-4.719,0.1,0.1,0.1
-0.165,-14.765,-4.967,0.1,0.1,0.1
-0.191,-14.765,-5.241,0.1,0.1,0.1
-0.213,-14.765,-5.495,0.1,0.1,0.1
-0.226,-14.765,-5.68,0.1,0.1,0.1
-0.228,-14.765,-5.758,0.1,0.1,0.1
-0.219,-14.765,-5.728,0.1,0.1,0.1
-0.203,-14.765,-5.6,0.1,0.1,0.1
-0.18,-14.765,-5.393,0.1,0.1,0.1
-0.154,-14.765,-5.127,0.1,0.1,0.1
-0.127,-14.765,-4.823,0.1,0.1,0.1
-0.1,-14.765,-4.505,0.1,0.1,0.1
-0.076,-14.623,-4.198,0.1,0.1,0.1
-0.057,-14.39,-3.928,0.1,0.1,0.1
-0.045,-14.245,-3.724,0.1,0.1,0.1
-0.043,-14.215,-3.613,0.1,0.1,0.1
-0.051,-14.215,-3.621,0.1,0.1,0.1
-0.072,-14.215,-3.772,0.1,0.1,0.1
-0.106,-14.215,-4.087,0.1,0.1,0.1
-0.156,-14.215,-4.586,0.1,0.1,0.1
-0.222,-14.215,-5.284,0.1,0.1,0.1
-0.306,-14.39,-6.19,0.1,0.1,0.1
-0.41,-14.674,-7.304,0.1,0.1,0.1
-0.535,-15.142,-8.617,0.1,0.1,0.1
-0.682,-15.782,-10.112,0.1,0.1,0.1
-0.851,-16.635,-11.75,0.1,0.1,0.1
-1.033,-17.672,-14.033,0.1,0.1,0.1
-1.216,-18.816,-17.026,0.1,0.1,0.1
-1.391,-19.977,-20.181,0.1,0.1,0.1
-1.546,-21.059,-22.79,0.1,0.1,0.1
-1.671,-21.952,-24.649,0.1,0.1,0.1
-1.754,-22.57,-25.772,0.1,0.1,0.1
-1.785,-22.798,-26.296,0.1,0.1,0.1
-1.752,-22.798,-26.273,0.1,0.1,0.1
-1.645,-22.798,-25.655,0.1,0.1,0.1
-1.458,-22.451,-24.357,0.1,0.1,0.1
-1.205,-21.511,-22.396,0.1,0.1,0.1
-0.904,-19.964,-19.932,0.1,0.1,0.1
-0.574,-17.964,-16.614,0.1,0.1,0.1
-0.235,-15.628,-9.593,0.1,0.1,0.1
0.096,-12.506,-5.096,0.1,0.1,0.1
0.399,-8.771,-1.127,0.1,0.1,0.1
0.656,-5.606,2.609,0.1,0.1,0.1
0.848,-3.243,6.008,0.1,0.1,0.1
0.956,-1.913,9.032,0.1,0.1,0.1
0.967,-1.775,11.023,0.1,0.1,0.1
0.893,-1.775,11.923,0.1,0.1,0.1
0.749,-1.826,11.764,0.1,0.1,0.1
0.553,-2.382,10.576,0.1,0.1,0.1
0.321,-3.375,8.492,0.1,0.1,0.1
0.071,-4.698,5.538,0.1,0.1,0.1
-0.181,-6.218,1.832,0.1,0.1,0.1
-0.419,-7.787,-1.879,0.1,0.1,0.1
-0.625,-9.243,-5.567,0.1,0.1,0.1
-0.782,-10.412,-8.544,0.1,0.1,0.1
-0.878,-11.141,-10.585,0.1,0.1,0.1
-0.915,-11.43,-11.74,0.1,0.1,0.1
-0.9,-11.43,-12.449,0.1,0.1,0.1
-0.84,-11.43,-12.444,0.1,0.1,0.1
-0.739,-11.43,-11.569,0.1,0.1,0.1
-0.606,-11.129,-10.356,0.1,0.1,0.1
-0.445,-10.595,-8.891,0.1,0.1,0.1
-0.265,-9.808,-7.17,0.1,0.1,0.1
-0.071,-8.802,-5.197,0.1,0.1,0.1
0.131,-7.626,-2.991,0.1,0.1,0.1
0.334,-6.333,-0.555,0.1,0.1,0.1
0.534,-4.975,2.112,0.1,0.1,0.1
0.725,-3.601,4.987,0.1,0.1,0.1
0.904,-2.262,8.185,0.1,0.1,0.1
1.066,-0.552,11.516,0.1,0.1,0.1
1.207,1.181,14.661,0.1,0.1,0.1
1.322,2.593,17.424,0.1,0.1,0.1
1.406,3.631,19.706,0.1,0.1,0.1
1.455,4.237,21.393,0.1,0.1,0.1
1.465,4.357,22.432,0.1,0.1,0.1
1.433,4.357,22.832,0.1,0.1,0.1
1.365,4.357,22.59,0.1,0.1,0.1
1.271,4.357,21.87,0.1,0.1,0.1
1.158,4.064,20.921,0.1,0.1,0.1
1.035,3.685,19.765,0.1,0.1,0.1
0.91,3.173,18.48,0.1,0.1,0.1
0.792,2.624,17.15,0.1,0.1,0.1
0.69,2.111,15.857,0.1,0.1,0.1
0.612,1.681,14.61,0.1,0.1,0.1
0.566,1.42,13.515,0.1,0.1,0.1
0.558,1.375,12.705,0.1,0.1,0.1
0.583,1.375,12.244,0.1,0.1,0.1
0.633,1.375,12.162,0.1,0.1,0.1
0.7,1.375,12.453,0.1,0.1,0.1
0.775,1.421,13.064,0.1,0.1,0.1
0.851,1.629,13.905,0.1,0.1,0.1
0.92,1.817,14.857,0.1,0.1,0.1
0.973,1.982,15.783,0.1,0.1,0.1
1.002,2.103,16.543,0.1,0.1,0.1
1,2.103,17.003,0.1,0.1,0.1
0.961,2.103,17.053,0.1,0.1,0.1
0.888,2.103,16.67,0.1,0.1,0.1
0.789,2.068,15.877,0.1,0.1,0.1
0.67,1.742,14.717,0.1,0.1,0.1
0.538,1.257,13.225,0.1,0.1,0.1
0.398,0.423,11.415,0.1,0.1,0.1
0.258,-0.457,9.279,0.1,0.1,0.1
0.123,-1.357,6.83,0.1,0.1,0.1
0.002,-2.198,4.175,0.1,0.1,0.1
-0.101,-2.927,1.713,0.1,0.1,0.1
-0.18,-3.5,-0.432,0.1,0.1,0.1
-0.235,-3.912,-2.315,0.1,0.1,0.1
-0.269,-4.167,-3.763,0.1,0.1,0.1
-0.285,-4.284,-4.772,0.1,0.1,0.1
-0.284,-4.284,-5.386,0.1,0.1,0.1
-0.269,-4.284,-5.666,0.1,0.1,0.1
-0.242,-4.284,-5.682,0.1,0.1,0.1
-0.206,-4.284,-5.492,0.1,0.1,0.1
-0.163,-4.284,-5.147,0.1,0.1,0.1
-0.114,-4.284,-4.685,0.1,0.1,0.1
-0.062,-4.222,-4.136,0.1,0.1,0.1
-0.007,-4.071,-3.509,0.1,0.1,0.1
0.052,-3.909,-2.801,0.1,0.1,0.1
0.116,-3.734,-2.004,0.1,0.1,0.1
0.185,-3.451,-1.107,0.1,0.1,0.1
0.26,-3.142,-0.095,0.1,0.1,0.1
0.341,-2.783,1.05,0.1,0.1,0.1
0.43,-2.336,2.348,0.1,0.1,0.1
0.527,-1.841,3.819,0.1,0.1,0.1
0.633,-1.238,5.484,0.1,0.1,0.1
0.747,-0.57,7.556,0.1,0.1,0.1
0.867,0.178,9.809,0.1,0.1,0.1
0.988,0.97,12.182,0.1,0.1,0.1
1.107,1.771,14.569,0.1,0.1,0.1
1.221,2.573,16.894,0.1,0.1,0.1
1.325,3.314,19.03,0.1,0.1,0.1
1.415,3.986,20.875,0.1,0.1,0.1
1.488,4.645,22.364,0.1,0.1,0.1
1.541,5.288,23.472,0.1,0.1,0.1
1.568,5.626,24.2,0.1,0.1,0.1
1.568,5.629,24.495,0.1,0.1,0.1
1.544,5.629,24.431,0.1,0.1,0.1
1.5,5.629,24.174,0.1,0.1,0.1
1.439,5.629,23.724,0.1,0.1,0.1
1.367,5.625,23.114,0.1,0.1,0.1
1.287,5.405,22.384,0.1,0.1,0.1
1.203,5.176,21.57,0.1,0.1,0.1
1.12,4.882,20.71,0.1,0.1,0.1
1.041,4.561,19.846,0.1,0.1,0.1
0.972,4.275,19.019,0.1,0.1,0.1
0.915,3.992,18.27,0.1,0.1,0.1
0.87,3.767,17.61,0.1,0.1,0.1
0.837,3.6,16.992,0.1,0.1,0.1
0.814,3.488,16.478,0.1,0.1,0.1
0.802,3.427,16.072,0.1,0.1,0.1
0.8,3.415,15.778,0.1,0.1,0.1
0.806,3.415,15.603,0.1,0.1,0.1
0.82,3.415,15.552,0.1,0.1,0.1
0.842,3.415,15.627,0.1,0.1,0.1
0.87,3.415,15.826,0.1,0.1,0.1
0.904,3.415,16.146,0.1,0.1,0.1
0.944,3.415,16.581,0.1,0.1,0.1
0.991,3.415,17.128,0.1,0.1,0.1
1.043,3.532,17.779,0.1,0.1,0.1
1.101,3.692,18.525,0.1,0.1,0.1
1.166,3.869,19.358,0.1,0.1,0.1
1.237,4.114,20.265,0.1,0.1,0.1
1.314,4.432,21.231,0.1,0.1,0.1
1.398,4.775,22.243,0.1,0.1,0.1
1.488,5.226,23.286,0.1,0.1,0.1
1.584,5.823,24.338,0.1,0.1,0.1
1.682,7.034,25.364,0.1,0.1,0.1
1.779,8.223,26.311,0.1,0.1,0.1
1.869,9.337,27.106,0.1,0.1,0.1
1.949,10.325,27.794,0.1,0.1,0.1
2.015,11.135,28.343,0.1,0.1,0.1
2.062,11.715,28.735,0.1,0.1,0.1
2.087,12.015,28.957,0.1,0.1,0.1
2.084,12.015,28.992,0.1,0.1,0.1
2.05,12.015,28.816,0.1,0.1,0.1
1.983,12.015,28.401,0.1,0.1,0.1
1.886,12.015,27.757,0.1,0.1,0.1
1.769,11.692,26.904,0.1,0.1,0.1
1.636,11.259,25.866,0.1,0.1,0.1
1.495,10.68,24.682,0.1,0.1,0.1
1.353,9.973,23.399,0.1,0.1,0.1
1.216,9.238,22.077,0.1,0.1,0.1
1.091,8.527,20.78,0.1,0.1,0.1
0.986,7.87,19.576,0.1,0.1,0.1
0.906,7.372,18.541,0.1,0.1,0.1
0.857,7.053,17.743,0.1,0.1,0.1
0.836,6.914,17.155,0.1,0.1,0.1
0.839,6.914,16.776,0.1,0.1,0.1
0.862,6.914,16.648,0.1,0.1,0.1
0.898,6.914,16.755,0.1,0.1,0.1
0.945,6.914,17.066,0.1,0.1,0.1
0.997,6.914,17.54,0.1,0.1,0.1
1.05,6.953,18.122,0.1,0.1,0.1
1.1,7.089,18.747,0.1,0.1,0.1
1.142,7.203,19.347,0.1,0.1,0.1
1.173,7.287,19.863,0.1,0.1,0.1
1.194,7.346,20.281,0.1,0.1,0.1
1.21,7.39,20.615,0.1,0.1,0.1
1.224,7.429,20.894,0.1,0.1,0.1
1.24,7.478,21.153,0.1,0.1,0.1
1.262,7.565,21.432,0.1,0.1,0.1
1.292,7.688,21.77,0.1,0.1,0.1
1.334,7.862,22.206,0.1,0.1,0.1
1.392,8.102,22.778,0.1,0.1,0.1
1.47,8.452,23.516,0.1,0.1,0.1
1.569,8.95,24.432,0.1,0.1,0.1
1.686,9.569,25.483,0.1,0.1,0.1
1.813,10.297,26.596,0.1,0.1,0.1
1.947,11.117,27.678,0.1,0.1,0.1
2.079,11.965,28.686,0.1,0.1,0.1
2.205,13.478,29.58,0.1,0.1,0.1
2.319,14.881,30.335,0.1,0.1,0.1
2.415,16.059,30.938,0.1,0.1,0.1
2.486,16.941,31.379,0.1,0.1,0.1
2.528,17.453,31.647,0.1,0.1,0.1
2.536,17.55,31.736,0.1,0.1,0.1
2.515,17.55,31.673,0.1,0.1,0.1
2.474,17.55,31.488,0.1,0.1,0.1
2.418,17.55,31.212,0.1,0.1,0.1
2.357,17.55,30.88,0.1,0.1,0.1
2.296,17.441,30.532,0.1,0.1,0.1
2.244,17.299,30.212,0.1,0.1,0.1
2.208,17.2,29.972,0.1,0.1,0.1
2.195,17.165,29.865,0.1,0.1,0.1
2.213,17.165,29.941,0.1,0.1,0.1
2.267,17.165,30.231,0.1,0.1,0.1
2.351,17.165,30.698,0.1,0.1,0.1
2.459,17.34,31.285,0.1,0.1,0.1
2.584,18.142,31.933,0.1,0.1,0.1
2.718,19.792,32.538,0.1,0.1,0.1
2.854,21.468,33.115,0.1,0.1,0.1
2.985,23.082,33.648,0.1,0.1,0.1
3.104,24.543,34.128,0.1,0.1,0.1
3.203,25.764,34.548,0.1,0.1,0.1
3.275,26.656,34.893,0.1,0.1,0.1
3.315,27.152,35.14,0.1,0.1,0.1
3.326,27.278,35.284,0.1,0.1,0.1
3.31,27.278,35.323,0.1,0.1,0.1
3.271,27.278,35.262,0.1,0.1,0.1
3.214,27.278,35.112,0.1,0.1,0.1
3.143,27.278,34.889,0.1,0.1,0.1
3.061,27.101,34.604,0.1,0.1,0.1
2.972,26.858,34.272,0.1,0.1,0.1
2.88,26.544,33.871,0.1,0.1,0.1
2.789,26.169,33.39,0.1,0.1,0.1
2.702,25.792,32.93,0.1,0.1,0.1
2.622,25.389,32.492,0.1,0.1,0.1
2.55,25.027,32.084,0.1,0.1,0.1
2.488,24.688,31.719,0.1,0.1,0.1
2.437,24.398,31.409,0.1,0.1,0.1
2.399,24.183,31.168,0.1,0.1,0.1
2.376,24.053,31.009,0.1,0.1,0.1
2.37,24.018,30.945,0.1,0.1,0.1
2.382,24.018,30.987,0.1,0.1,0.1
2.414,24.018,31.142,0.1,0.1,0.1
2.467,24.018,31.41,0.1,0.1,0.1
2.536,24.018,31.768,0.1,0.1,0.1
2.619,24.151,32.185,0.1,0.1,0.1
2.709,24.399,32.613,0.1,0.1,0.1
2.804,24.703,33.018,0.1,0.1,0.1
2.897,25.087,33.408,0.1,0.1,0.1
2.985,25.463,33.772,0.1,0.1,0.1
3.064,25.856,34.101,0.1,0.1,0.1
3.128,26.178,34.384,0.1,0.1,0.1
3.173,26.408,34.609,0.1,0.1,0.1
3.196,26.54,34.762,0.1,0.1,0.1
3.199,26.554,34.84,0.1,0.1,0.1
3.183,26.554,34.845,0.1,0.1,0.1
3.15,26.554,34.78,0.1,0.1,0.1
3.105,26.554,34.652,0.1,0.1,0.1
3.048,26.554,34.466,0.1,0.1,0.1
2.982,26.507,34.231,0.1,0.1,0.1
2.909,26.309,33.954,0.1,0.1,0.1
2.832,26.099,33.575,0.1,0.1,0.1
2.754,25.823,33.172,0.1,0.1,0.1
2.676,25.504,32.764,0.1,0.1,0.1
2.602,25.197,32.361,0.1,0.1,0.1
2.532,24.853,31.973,0.1,0.1,0.1
2.471,24.545,31.616,0.1,0.1,0.1
2.42,24.288,31.307,0.1,0.1,0.1
2.382,24.084,31.063,0.1,0.1,0.1
2.358,23.95,30.901,0.1,0.1,0.1
2.352,23.916,30.838,0.1,0.1,0.1
2.366,23.916,30.89,0.1,0.1,0.1
2.402,23.916,31.068,0.1,0.1,0.1
2.461,23.916,31.373,0.1,0.1,0.1
2.54,23.916,31.776,0.1,0.1,0.1
2.632,24.134,32.242,0.1,0.1,0.1
2.732,24.409,32.695,0.1,0.1,0.1
2.835,24.804,33.13,0.1,0.1,0.1
2.935,25.216,33.544,0.1,0.1,0.1
3.027,25.661,33.922,0.1,0.1,0.1
3.105,26.053,34.255,0.1,0.1,0.1
3.164,26.356,34.529,0.1,0.1,0.1
3.198,26.55,34.725,0.1,0.1,0.1
3.203,26.581,34.826,0.1,0.1,0.1
3.183,26.581,34.831,0.1,0.1,0.1
3.141,26.581,34.747,0.1,0.1,0.1
3.082,26.581,34.581,0.1,0.1,0.1
3.01,26.581,34.344,0.1,0.1,0.1
2.93,26.38,34.052,0.1,0.1,0.1
2.846,26.149,33.659,0.1,0.1,0.1
2.762,25.862,33.223,0.1,0.1,0.1
2.682,25.536,32.804,0.1,0.1,0.1
2.612,25.248,32.418,0.1,0.1,0.1
2.555,24.968,32.087,0.1,0.1,0.1
2.512,24.756,31.829,0.1,0.1,0.1
2.487,24.628,31.659,0.1,0.1,0.1
2.48,24.592,31.589,0.1,0.1,0.1
2.493,24.592,31.629,0.1,0.1,0.1
2.527,24.592,31.786,0.1,0.1,0.1
2.585,24.592,32.065,0.1,0.1,0.1
2.668,24.592,32.466,0.1,0.1,0.1
2.778,24.861,32.919,0.1,0.1,0.1
2.916,25.288,33.444,0.1,0.1,0.1
3.082,25.973,34.047,0.1,0.1,0.1
3.27,26.959,34.715,0.1,0.1,0.1
3.47,29.053,35.402,0.1,0.1,0.1
3.673,31.563,36.125,0.1,0.1,0.1
3.872,34.012,38.3,0.1,0.1,0.1
4.057,36.293,42.079,0.1,0.1,0.1
4.22,38.299,44.691,0.1,0.1,0.1
4.352,39.921,46.65,0.1,0.1,0.1
4.444,41.053,48.511,0.1,0.1,0.1
4.487,41.587,50.138,0.1,0.1,0.1
4.476,41.587,51.385,0.1,0.1,0.1
4.416,41.587,52.134,0.1,0.1,0.1
4.315,41.587,52.336,0.1,0.1,0.1
4.181,41.297,51.996,0.1,0.1,0.1
4.023,40.777,51.158,0.1,0.1,0.1
3.849,40.026,49.548,0.1,0.1,0.1
3.667,39.098,46.803,0.1,0.1,0.1
3.485,38.06,43.532,0.1,0.1,0.1
3.312,36.976,40.211,0.1,0.1,0.1
3.155,35.937,37.469,0.1,0.1,0.1
3.022,35.016,35.439,0.1,0.1,0.1
2.911,34.228,34.331,0.1,0.1,0.1
2.82,33.561,33.682,0.1,0.1,0.1
2.747,33.017,33.218,0.1,0.1,0.1
2.689,32.588,32.861,0.1,0.1,0.1
2.644,32.242,32.582,0.1,0.1,0.1
2.61,31.977,32.366,0.1,0.1,0.1
2.584,31.776,32.199,0.1,0.1,0.1
2.564,31.619,32.069,0.1,0.1,0.1
2.547,31.488,31.961,0.1,0.1,0.1
2.532,31.372,31.868,0.1,0.1,0.1
2.521,31.288,31.798,0.1,0.1,0.1
2.518,31.263,31.769,0.1,0.1,0.1
2.525,31.263,31.795,0.1,0.1,0.1
2.547,31.263,31.893,0.1,0.1,0.1
2.585,31.263,32.08,0.1,0.1,0.1
2.645,31.263,32.366,0.1,0.1,0.1
2.728,31.289,32.745,0.1,0.1,0.1
2.838,31.591,33.177,0.1,0.1,0.1
2.978,32.057,33.696,0.1,0.1,0.1
3.15,32.791,34.306,0.1,0.1,0.1
3.345,33.789,34.999,0.1,0.1,0.1
3.554,35,35.666,0.1,0.1,0.1
3.766,36.349,36.665,0.1,0.1,0.1
3.972,37.751,40.05,0.1,0.1,0.1
4.161,39.111,43.821,0.1,0.1,0.1
4.324,40.327,45.891,0.1,0.1,0.1
4.451,41.308,48.028,0.1,0.1,0.1
4.531,42.131,50,0.1,0.1,0.1
4.555,42.424,51.676,0.1,0.1,0.1
4.516,42.424,52.837,0.1,0.1,0.1
4.422,42.424,53.368,0.1,0.1,0.1
4.285,42.232,53.251,0.1,0.1,0.1
4.115,41.713,52.527,0.1,0.1,0.1
3.925,40.906,51.282,0.1,0.1,0.1
3.726,39.886,48.669,0.1,0.1,0.1
3.529,38.75,45.227,0.1,0.1,0.1
3.346,37.603,41.516,0.1,0.1,0.1
3.189,36.545,38.387,0.1,0.1,0.1
3.068,35.701,36.117,0.1,0.1,0.1
2.992,35.163,34.842,0.1,0.1,0.1
2.958,34.918,34.375,0.1,0.1,0.1
2.957,34.915,34.186,0.1,0.1,0.1
2.984,34.915,34.165,0.1,0.1,0.1
3.031,34.915,34.261,0.1,0.1,0.1
3.091,34.915,34.433,0.1,0.1,0.1
3.156,34.915,34.651,0.1,0.1,0.1
3.221,35.089,34.893,0.1,0.1,0.1
3.278,35.244,35.141,0.1,0.1,0.1
3.319,35.358,35.375,0.1,0.1,0.1
3.34,35.416,35.568,0.1,0.1,0.1
3.344,35.425,35.694,0.1,0.1,0.1
3.334,35.425,35.739,0.1,0.1,0.1
3.316,35.425,35.709,0.1,0.1,0.1
3.294,35.425,35.628,0.1,0.1,0.1
3.272,35.425,35.524,0.1,0.1,0.1
3.255,35.425,35.427,0.1,0.1,0.1
3.247,35.425,35.363,0.1,0.1,0.1
3.254,35.425,35.355,0.1,0.1,0.1
3.279,35.425,35.427,0.1,0.1,0.1
3.326,35.425,35.604,0.1,0.1,0.1
3.391,35.6,35.905,0.1,0.1,0.1
3.47,35.926,36.306,0.1,0.1,0.1
3.559,36.294,36.909,0.1,0.1,0.1
3.654,36.769,37.827,0.1,0.1,0.1
3.75,37.249,39,0.1,0.1,0.1
3.842,37.77,40.346,0.1,0.1,0.1
3.926,38.251,41.752,0.1,0.1,0.1
3.998,38.686,43.131,0.1,0.1,0.1
4.054,39.033,44.414,0.1,0.1,0.1
4.089,39.255,45.405,0.1,0.1,0.1
4.104,39.348,46.069,0.1,0.1,0.1
4.1,39.348,46.555,0.1,0.1,0.1
4.076,39.348,46.848,0.1,0.1,0.1
4.033,39.348,46.938,0.1,0.1,0.1
3.972,39.348,46.603,0.1,0.1,0.1
3.895,39.322,45.772,0.1,0.1,0.1
3.8,39.062,44.546,0.1,0.1,0.1
3.689,38.739,43.006,0.1,0.1,0.1
3.563,38.22,41.256,0.1,0.1,0.1
3.423,37.569,39.369,0.1,0.1,0.1
3.273,36.797,37.555,0.1,0.1,0.1
3.12,35.923,35.933,0.1,0.1,0.1
2.969,34.988,34.646,0.1,0.1,0.1
2.826,33.936,33.756,0.1,0.1,0.1
2.696,32.951,33.019,0.1,0.1,0.1
2.585,32.092,32.383,0.1,0.1,0.1
2.499,31.409,31.861,0.1,0.1,0.1
2.443,30.961,31.494,0.1,0.1,0.1
2.423,30.802,31.322,0.1,0.1,0.1
2.443,30.802,31.373,0.1,0.1,0.1
2.496,30.802,31.616,0.1,0.1,0.1
2.576,30.802,32.001,0.1,0.1,0.1
2.674,30.942,32.47,0.1,0.1,0.1
2.782,31.239,32.925,0.1,0.1,0.1
2.894,31.64,33.376,0.1,0.1,0.1
3,32.077,33.801,0.1,0.1,0.1
3.094,32.525,34.183,0.1,0.1,0.1
3.166,32.891,34.504,0.1,0.1,0.1
3.211,33.115,34.74,0.1,0.1,0.1
3.222,33.172,34.871,0.1,0.1,0.1
3.207,33.172,34.905,0.1,0.1,0.1
3.174,33.172,34.86,0.1,0.1,0.1
3.132,33.172,34.758,0.1,0.1,0.1
3.092,33.172,34.628,0.1,0.1,0.1
3.063,33.172,34.508,0.1,0.1,0.1
3.053,33.172,34.441,0.1,0.1,0.1
3.072,33.172,34.465,0.1,0.1,0.1
3.13,33.172,34.622,0.1,0.1,0.1
3.236,33.249,34.954,0.1,0.1,0.1
3.395,34.158,35.531,0.1,0.1,0.1
3.6,35.424,36.425,0.1,0.1,0.1
3.839,37.021,38.576,0.1,0.1,0.1
4.1,38.899,42.496,0.1,0.1,0.1
4.371,40.965,45.524,0.1,0.1,0.1
4.642,43.492,48.929,0.1,0.1,0.1
4.899,46.667,53.079,0.1,0.1,0.1
5.133,49.543,57.693,0.1,0.1,0.1
5.33,51.975,61.5,0.1,0.1,0.1
5.48,53.82,64.414,0.1,0.1,0.1
5.574,54.976,66.352,0.1,0.1,0.1
5.617,55.504,67.53,0.1,0.1,0.1
5.617,55.506,68.205,0.1,0.1,0.1
5.582,55.506,68.559,0.1,0.1,0.1
5.522,55.506,68.708,0.1,0.1,0.1
5.443,55.506,68.74,0.1,0.1,0.1
5.355,55.337,68.804,0.1,0.1,0.1
5.266,55.091,68.904,0.1,0.1,0.1
5.183,54.818,68.926,0.1,0.1,0.1
5.115,54.54,68.877,0.1,0.1,0.1
5.068,54.349,68.826,0.1,0.1,0.1
5.041,54.235,68.812,0.1,0.1,0.1
5.027,54.18,68.84,0.1,0.1,0.1
5.024,54.165,68.9,0.1,0.1,0.1
5.025,54.165,68.976,0.1,0.1,0.1
5.027,54.165,69.05,0.1,0.1,0.1
5.026,54.165,69.1,0.1,0.1,0.1
5.016,54.13,69.106,0.1,0.1,0.1
4.993,54.015,69.045,0.1,0.1,0.1
4.952,53.811,68.863,0.1,0.1,0.1
4.891,53.504,68.573,0.1,0.1,0.1
4.811,53.099,68.215,0.1,0.1,0.1
4.716,52.558,67.757,0.1,0.1,0.1
4.61,51.946,67.183,0.1,0.1,0.1
4.495,51.229,66.481,0.1,0.1,0.1
4.375,50.464,65.625,0.1,0.1,0.1
4.255,49.654,64.586,0.1,0.1,0.1
4.136,48.828,63.197,0.1,0.1,0.1
4.024,48.028,61.4,0.1,0.1,0.1
3.92,47.259,59.382,0.1,0.1,0.1
3.829,46.578,57.241,0.1,0.1,0.1
3.75,45.975,54.648,0.1,0.1,0.1
3.686,45.475,51.801,0.1,0.1,0.1
3.635,45.086,48.955,0.1,0.1,0.1
3.6,44.807,46.294,0.1,0.1,0.1
3.58,44.647,44.053,0.1,0.1,0.1
3.576,44.616,42.328,0.1,0.1,0.1
3.589,44.616,41.114,0.1,0.1,0.1
3.619,44.616,40.429,0.1,0.1,0.1
3.666,44.616,40.207,0.1,0.1,0.1
3.731,44.616,40.426,0.1,0.1,0.1
3.807,44.699,41.035,0.1,0.1,0.1
3.888,44.921,41.962,0.1,0.1,0.1
3.967,45.138,43.105,0.1,0.1,0.1
4.037,45.415,44.355,0.1,0.1,0.1
4.093,45.643,45.489,0.1,0.1,0.1
4.126,45.781,46.245,0.1,0.1,0.1
4.131,45.801,46.828,0.1,0.1,0.1
4.101,45.801,47.155,0.1,0.1,0.1
4.029,45.801,47.149,0.1,0.1,0.1
3.912,45.748,46.297,0.1,0.1,0.1
3.764,45.343,44.656,0.1,0.1,0.1
3.602,44.721,42.58,0.1,0.1,0.1
3.443,43.55,40.324,0.1,0.1,0.1
3.305,42.416,38.27,0.1,0.1,0.1
3.206,41.59,36.653,0.1,0.1,0.1
3.162,41.215,35.6,0.1,0.1,0.1
3.19,41.215,35.32,0.1,0.1,0.1
3.309,41.215,35.564,0.1,0.1,0.1
3.536,41.692,36.401,0.1,0.1,0.1
3.879,43.174,38.808,0.1,0.1,0.1
4.314,45.684,44.158,0.1,0.1,0.1
4.808,49.089,49.183,0.1,0.1,0.1
5.328,53.114,56.889,0.1,0.1,0.1
5.841,58.261,63.796,0.1,0.1,0.1
6.312,64.075,67.906,0.1,0.1,0.1
6.711,68.983,74.867,0.1,0.1,0.1
7.003,72.578,77.431,0.1,0.1,0.1
7.155,74.451,79.174,0.1,0.1,0.1
7.134,74.451,79.861,0.1,0.1,0.1
6.92,74.356,79.143,0.1,0.1,0.1
6.54,73.01,77.517,0.1,0.1,0.1
6.036,70.196,73.999,0.1,0.1,0.1
5.448,66.133,69.552,0.1,0.1,0.1
4.817,61.146,65.319,0.1,0.1,0.1
4.183,55.665,61.855,0.1,0.1,0.1
3.588,50.17,58.077,0.1,0.1,0.1
3.071,45.178,49.799,0.1,0.1,0.1
2.674,41.218,42.902,0.1,0.1,0.1
2.437,38.808,36.645,0.1,0.1,0.1
2.388,38.309,32.486,0.1,0.1,0.1
2.506,38.309,32.054,0.1,0.1,0.1
2.755,38.766,32.94,0.1,0.1,0.1
3.102,40.247,34.087,0.1,0.1,0.1
3.511,42.589,35.39,0.1,0.1,0.1
3.948,45.551,37.911,0.1,0.1,0.1
4.379,48.803,44.373,0.1,0.1,0.1
4.769,51.975,48.847,0.1,0.1,0.1
5.084,54.665,54.446,0.1,0.1,0.1
5.289,56.469,59.273,0.1,0.1,0.1
5.359,57.094,62.206,0.1,0.1,0.1
5.309,57.094,63.952,0.1,0.1,0.1
5.163,57.094,64.667,0.1,0.1,0.1
4.945,56.487,64.62,0.1,0.1,0.1
4.679,55.322,63.942,0.1,0.1,0.1
4.39,53.753,62.699,0.1,0.1,0.1
4.101,51.938,60.905,0.1,0.1,0.1
3.837,50.119,58.354,0.1,0.1,0.1
3.622,48.546,54.198,0.1,0.1,0.1
3.48,47.466,49.707,0.1,0.1,0.1
3.429,47.069,45.834,0.1,0.1,0.1
3.459,47.069,43.056,0.1,0.1,0.1
3.554,47.069,41.662,0.1,0.1,0.1
3.698,47.26,41.359,0.1,0.1,0.1
3.876,47.811,42.313,0.1,0.1,0.1
4.07,48.647,44.474,0.1,0.1,0.1
4.266,49.654,46.456,0.1,0.1,0.1
4.446,50.691,48.572,0.1,0.1,0.1
4.595,51.624,50.975,0.1,0.1,0.1
4.697,52.291,53.404,0.1,0.1,0.1
4.74,52.578,55.56,0.1,0.1,0.1
4.729,52.578,57.127,0.1,0.1,0.1
4.673,52.578,58.16,0.1,0.1,0.1
4.583,52.578,58.678,0.1,0.1,0.1
4.468,52.382,58.74,0.1,0.1,0.1
4.337,52.02,58.358,0.1,0.1,0.1
4.2,51.457,57.596,0.1,0.1,0.1
4.066,50.841,56.521,0.1,0.1,0.1
3.945,50.234,55.164,0.1,0.1,0.1
3.847,49.676,53.385,0.1,0.1,0.1
3.778,49.282,51.109,0.1,0.1,0.1
3.735,49.037,48.903,0.1,0.1,0.1
3.714,48.902,46.94,0.1,0.1,0.1
3.708,48.863,45.286,0.1,0.1,0.1
3.711,48.863,43.983,0.1,0.1,0.1
3.72,48.863,43.023,0.1,0.1,0.1
3.727,48.863,42.34,0.1,0.1,0.1
3.728,48.863,41.831,0.1,0.1,0.1
3.717,48.863,41.383,0.1,0.1,0.1
3.688,48.741,40.888,0.1,0.1,0.1
3.639,48.434,40.268,0.1,0.1,0.1
3.576,48.043,39.532,0.1,0.1,0.1
3.51,47.616,38.733,0.1,0.1,0.1
3.45,47.212,37.943,0.1,0.1,0.1
3.405,46.887,37.268,0.1,0.1,0.1
3.386,46.736,36.785,0.1,0.1,0.1
3.401,46.736,36.567,0.1,0.1,0.1
3.461,46.736,36.696,0.1,0.1,0.1
3.575,46.736,37.25,0.1,0.1,0.1
3.752,47.191,38.612,0.1,0.1,0.1
3.998,48.168,41.394,0.1,0.1,0.1
4.301,49.765,44.85,0.1,0.1,0.1
4.642,51.878,48.457,0.1,0.1,0.1
5.005,54.405,53.626,0.1,0.1,0.1
5.372,57.211,59.742,0.1,0.1,0.1
5.727,60.452,64.37,0.1,0.1,0.1
6.051,63.508,67.568,0.1,0.1,0.1
6.328,66.18,70.287,0.1,0.1,0.1
6.541,68.267,74.766,0.1,0.1,0.1
6.672,69.568,76.559,0.1,0.1,0.1
6.709,69.938,77.216,0.1,0.1,0.1
6.661,69.938,77.331,0.1,0.1,0.1
6.54,69.938,77.034,0.1,0.1,0.1
6.361,69.531,75.964,0.1,0.1,0.1
6.136,68.68,74.043,0.1,0.1,0.1
5.88,67.398,72.003,0.1,0.1,0.1
5.605,65.774,70.158,0.1,0.1,0.1
5.325,63.942,68.604,0.1,0.1,0.1
5.054,62.004,67.421,0.1,0.1,0.1
4.805,60.117,66.484,0.1,0.1,0.1
4.589,58.41,65.583,0.1,0.1,0.1
4.408,56.932,64.633,0.1,0.1,0.1
4.261,55.711,63.635,0.1,0.1,0.1
4.15,54.762,62.575,0.1,0.1,0.1
4.072,54.096,61.324,0.1,0.1,0.1
4.029,53.719,60.021,0.1,0.1,0.1
4.019,53.636,58.902,0.1,0.1,0.1
4.043,53.636,58.114,0.1,0.1,0.1
4.101,53.636,57.849,0.1,0.1,0.1
4.191,53.636,57.959,0.1,0.1,0.1
4.313,53.892,58.587,0.1,0.1,0.1
4.459,54.347,59.742,0.1,0.1,0.1
4.622,55.017,61.293,0.1,0.1,0.1
4.793,55.875,63.007,0.1,0.1,0.1
4.963,56.83,64.745,0.1,0.1,0.1
5.126,57.814,66.301,0.1,0.1,0.1
5.271,58.749,67.59,0.1,0.1,0.1
5.392,59.561,68.748,0.1,0.1,0.1
5.48,60.175,69.821,0.1,0.1,0.1
5.527,60.506,70.604,0.1,0.1,0.1
5.527,60.508,70.969,0.1,0.1,0.1
5.488,60.508,70.875,0.1,0.1,0.1
5.42,60.508,70.308,0.1,0.1,0.1
5.334,60.508,69.602,0.1,0.1,0.1
5.239,60.266,69.05,0.1,0.1,0.1
5.145,60.01,68.735,0.1,0.1,0.1
5.064,59.7,68.533,0.1,0.1,0.1
5.005,59.457,68.389,0.1,0.1,0.1
4.978,59.347,68.358,0.1,0.1,0.1
4.994,59.347,68.501,0.1,0.1,0.1
5.059,59.347,68.858,0.1,0.1,0.1
5.163,59.347,69.404,0.1,0.1,0.1
5.292,59.658,70.09,0.1,0.1,0.1
5.431,60.114,70.851,0.1,0.1,0.1
5.568,60.795,71.606,0.1,0.1,0.1
5.687,61.666,72.085,0.1,0.1,0.1
5.775,62.321,72.283,0.1,0.1,0.1
5.818,62.64,72.263,0.1,0.1,0.1
5.802,62.64,71.985,0.1,0.1,0.1
5.712,62.64,71.329,0.1,0.1,0.1
5.54,62.428,70.243,0.1,0.1,0.1
5.3,61.61,68.864,0.1,0.1,0.1
5.011,60.226,67.414,0.1,0.1,0.1
4.69,58.327,66.125,0.1,0.1,0.1
4.358,56.106,64.576,0.1,0.1,0.1
4.032,53.729,62.466,0.1,0.1,0.1
3.732,51.096,59.29,0.1,0.1,0.1
3.476,48.771,53.965,0.1,0.1,0.1
3.283,46.985,48.649,0.1,0.1,0.1
3.173,45.945,44.012,0.1,0.1,0.1
3.158,45.804,40.137,0.1,0.1,0.1
3.23,45.804,37.949,0.1,0.1,0.1
3.376,45.853,37.282,0.1,0.1,0.1
3.582,46.448,37.715,0.1,0.1,0.1
3.833,47.55,39.493,0.1,0.1,0.1
4.117,49.086,43.195,0.1,0.1,0.1
4.42,50.985,46.229,0.1,0.1,0.1
4.728,53.117,50.078,0.1,0.1,0.1
5.027,55.354,54.87,0.1,0.1,0.1
5.304,57.538,59.952,0.1,0.1,0.1
5.547,59.532,63.748,0.1,0.1,0.1
5.751,61.268,66.505,0.1,0.1,0.1
5.916,62.699,68.54,0.1,0.1,0.1
6.038,63.78,70.86,0.1,0.1,0.1
6.116,64.475,72.668,0.1,0.1,0.1
6.148,64.759,73.596,0.1,0.1,0.1
6.132,64.759,73.889,0.1,0.1,0.1
6.065,64.759,73.6,0.1,0.1,0.1
5.946,64.752,72.699,0.1,0.1,0.1
5.772,64.276,71.418,0.1,0.1,0.1
5.545,63.372,69.968,0.1,0.1,0.1
5.275,61.969,68.497,0.1,0.1,0.1
4.978,60.181,67.143,0.1,0.1,0.1
4.668,58.082,65.901,0.1,0.1,0.1
4.358,55.821,64.439,0.1,0.1,0.1
4.065,53.527,62.518,0.1,0.1,0.1
3.801,51.376,59.757,0.1,0.1,0.1
3.582,49.524,55.391,0.1,0.1,0.1
3.421,48.134,50.562,0.1,0.1,0.1
3.334,47.371,46.325,0.1,0.1,0.1
3.33,47.335,42.773,0.1,0.1,0.1
3.403,47.335,40.561,0.1,0.1,0.1
3.541,47.366,39.799,0.1,0.1,0.1
3.735,47.902,40.275,0.1,0.1,0.1
3.972,48.915,42.343,0.1,0.1,0.1
4.242,50.349,45.374,0.1,0.1,0.1
4.535,52.132,48.275,0.1,0.1,0.1
4.839,54.212,52.388,0.1,0.1,0.1
5.143,56.447,57.433,0.1,0.1,0.1
5.436,58.749,62.098,0.1,0.1,0.1
5.709,60.984,65.599,0.1,0.1,0.1
5.958,63.096,68.091,0.1,0.1,0.1
6.178,65.03,71.115,0.1,0.1,0.1
6.368,66.753,74.066,0.1,0.1,0.1
6.523,68.191,76.006,0.1,0.1,0.1
6.641,69.295,76.956,0.1,0.1,0.1
6.718,70.027,77.555,0.1,0.1,0.1
6.751,70.36,77.919,0.1,0.1,0.1
6.738,70.36,78.018,0.1,0.1,0.1
6.674,70.36,77.834,0.1,0.1,0.1
6.559,70.36,77.328,0.1,0.1,0.1
6.402,69.952,76.321,0.1,0.1,0.1
6.214,69.248,74.592,0.1,0.1,0.1
6.005,68.258,72.853,0.1,0.1,0.1
5.788,67.054,71.317,0.1,0.1,0.1
5.572,65.725,70.017,0.1,0.1,0.1
5.369,64.374,68.99,0.1,0.1,0.1
5.19,63.111,68.298,0.1,0.1,0.1
5.047,62.055,67.845,0.1,0.1,0.1
4.949,61.327,67.553,0.1,0.1,0.1
4.905,60.989,67.475,0.1,0.1,0.1
4.911,60.989,67.62,0.1,0.1,0.1
4.957,60.989,67.96,0.1,0.1,0.1
5.037,60.989,68.462,0.1,0.1,0.1
5.143,61.091,69.091,0.1,0.1,0.1
5.265,61.426,69.814,0.1,0.1,0.1
5.397,61.913,70.586,0.1,0.1,0.1
5.53,62.483,71.355,0.1,0.1,0.1
5.657,63.119,71.993,0.1,0.1,0.1
5.769,63.725,72.386,0.1,0.1,0.1
5.86,64.244,72.634,0.1,0.1,0.1
5.928,64.644,72.84,0.1,0.1,0.1
5.973,64.923,73,0.1,0.1,0.1
5.993,65.054,73.055,0.1,0.1,0.1
5.99,65.054,72.966,0.1,0.1,0.1
5.963,65.054,72.723,0.1,0.1,0.1
5.91,65.054,72.335,0.1,0.1,0.1
5.832,65.054,71.809,0.1,0.1,0.1
5.729,64.877,71.16,0.1,0.1,0.1
5.599,64.521,70.407,0.1,0.1,0.1
5.444,63.893,69.586,0.1,0.1,0.1
5.271,63.071,68.772,0.1,0.1,0.1
5.088,62.078,68.052,0.1,0.1,0.1
4.902,60.964,67.415,0.1,0.1,0.1
4.723,59.565,66.725,0.1,0.1,0.1
4.557,58.238,65.968,0.1,0.1,0.1
4.414,57.054,65.155,0.1,0.1,0.1
4.301,56.108,64.306,0.1,0.1,0.1
4.226,55.474,63.483,0.1,0.1,0.1
4.198,55.236,62.775,0.1,0.1,0.1
4.221,55.236,62.34,0.1,0.1,0.1
4.287,55.236,62.312,0.1,0.1,0.1
4.384,55.236,62.674,0.1,0.1,0.1
4.499,55.513,63.338,0.1,0.1,0.1
4.622,55.881,64.198,0.1,0.1,0.1
4.739,56.363,65.123,0.1,0.1,0.1
4.84,56.813,65.99,0.1,0.1,0.1
4.911,57.171,66.712,0.1,0.1,0.1
4.941,57.324,67.229,0.1,0.1,0.1
4.919,57.324,67.469,0.1,0.1,0.1
4.836,57.324,67.357,0.1,0.1,0.1
4.701,57.214,66.88,0.1,0.1,0.1
4.527,56.716,66.041,0.1,0.1,0.1
4.326,55.878,64.815,0.1,0.1,0.1
4.112,54.494,63.104,0.1,0.1,0.1
3.897,52.61,60.541,0.1,0.1,0.1
3.693,50.79,57.061,0.1,0.1,0.1
3.515,49.161,52.312,0.1,0.1,0.1
3.374,47.856,47.645,0.1,0.1,0.1
3.283,47.005,43.346,0.1,0.1,0.1
3.252,46.71,40.041,0.1,0.1,0.1
3.275,46.71,38.097,0.1,0.1,0.1
3.343,46.71,37.201,0.1,0.1,0.1
3.449,46.71,37.058,0.1,0.1,0.1
3.583,47.068,37.548,0.1,0.1,0.1
3.736,47.602,38.728,0.1,0.1,0.1
3.899,48.318,40.671,0.1,0.1,0.1
4.065,49.158,43.179,0.1,0.1,0.1
4.224,50.064,45.263,0.1,0.1,0.1
4.367,50.945,47.138,0.1,0.1,0.1
4.488,51.718,49.157,0.1,0.1,0.1
4.588,52.39,51.276,0.1,0.1,0.1
4.671,52.952,53.464,0.1,0.1,0.1
4.74,53.44,55.665,0.1,0.1,0.1
4.798,53.853,57.72,0.1,0.1,0.1
4.849,54.214,59.607,0.1,0.1,0.1
4.896,54.564,61.291,0.1,0.1,0.1
4.943,54.913,62.813,0.1,0.1,0.1
4.993,55.284,64.154,0.1,0.1,0.1
5.049,55.704,65.324,0.1,0.1,0.1
5.114,56.208,66.339,0.1,0.1,0.1
5.185,56.757,67.214,0.1,0.1,0.1
5.258,57.321,68.024,0.1,0.1,0.1
5.328,57.884,68.845,0.1,0.1,0.1
5.392,58.395,69.635,0.1,0.1,0.1
5.445,58.82,70.289,0.1,0.1,0.1
5.483,59.135,70.75,0.1,0.1,0.1
5.502,59.295,70.976,0.1,0.1,0.1
5.499,59.295,70.807,0.1,0.1,0.1
5.468,59.295,70.395,0.1,0.1,0.1
5.408,59.295,69.92,0.1,0.1,0.1
5.325,59.295,69.466,0.1,0.1,0.1
5.225,59.085,69.041,0.1,0.1,0.1
5.118,58.79,68.656,0.1,0.1,0.1
5.009,58.367,68.328,0.1,0.1,0.1
4.908,57.952,67.994,0.1,0.1,0.1
4.822,57.524,67.679,0.1,0.1,0.1
4.758,57.203,67.425,0.1,0.1,0.1
4.724,57.033,67.277,0.1,0.1,0.1
4.728,57.033,67.286,0.1,0.1,0.1
4.774,57.033,67.499,0.1,0.1,0.1
4.854,57.033,67.898,0.1,0.1,0.1
4.957,57.123,68.442,0.1,0.1,0.1
5.072,57.438,69.074,0.1,0.1,0.1
5.188,57.841,69.736,0.1,0.1,0.1
5.292,58.271,70.354,0.1,0.1,0.1
5.375,58.657,70.85,0.1,0.1,0.1
5.425,58.907,70.956,0.1,0.1,0.1
5.43,58.934,70.636,0.1,0.1,0.1
5.38,58.934,70.048,0.1,0.1,0.1
5.267,58.934,69.292,0.1,0.1,0.1
5.101,58.581,68.442,0.1,0.1,0.1
4.896,57.836,67.58,0.1,0.1,0.1
4.665,56.712,66.642,0.1,0.1,0.1
4.423,55.284,65.446,0.1,0.1,0.1
4.182,53.723,63.909,0.1,0.1,0.1
3.956,52.153,61.727,0.1,0.1,0.1
3.76,50.711,58.802,0.1,0.1,0.1
3.607,49.541,54.78,0.1,0.1,0.1
3.51,48.792,50.787,0.1,0.1,0.1
3.479,48.549,47.33,0.1,0.1,0.1
3.508,48.549,44.636,0.1,0.1,0.1
3.583,48.549,43.009,0.1,0.1,0.1
3.694,48.588,42.33,0.1,0.1,0.1
3.829,48.958,42.65,0.1,0.1,0.1
3.977,49.496,43.91,0.1,0.1,0.1
4.125,50.148,45.76,0.1,0.1,0.1
4.263,50.84,47.141,0.1,0.1,0.1
4.379,51.49,48.722,0.1,0.1,0.1
4.461,51.958,50.331,0.1,0.1,0.1
4.501,52.2,51.818,0.1,0.1,0.1
4.507,52.234,53.072,0.1,0.1,0.1
4.488,52.234,54.058,0.1,0.1,0.1
4.454,52.234,54.789,0.1,0.1,0.1
4.416,52.234,55.318,0.1,0.1,0.1
4.385,52.234,55.723,0.1,0.1,0.1
4.37,52.234,56.11,0.1,0.1,0.1
4.383,52.234,56.608,0.1,0.1,0.1
4.432,52.234,57.361,0.1,0.1,0.1
4.529,52.373,58.548,0.1,0.1,0.1
4.68,53.315,60.337,0.1,0.1,0.1
4.874,54.62,62.501,0.1,0.1,0.1
5.098,56.215,64.775,0.1,0.1,0.1
5.338,58.014,66.813,0.1,0.1,0.1
5.578,59.923,68.4,0.1,0.1,0.1
5.806,61.841,70.103,0.1,0.1,0.1
6.006,63.578,72.39,0.1,0.1,0.1
6.166,64.988,74.123,0.1,0.1,0.1
6.27,65.916,75.105,0.1,0.1,0.1
6.304,66.228,75.501,0.1,0.1,0.1
6.259,66.228,75.125,0.1,0.1,0.1
6.143,66.228,74.094,0.1,0.1,0.1
5.969,65.858,72.701,0.1,0.1,0.1
5.749,65.043,71.168,0.1,0.1,0.1
5.496,63.809,69.629,0.1,0.1,0.1
5.223,62.206,68.206,0.1,0.1,0.1
4.942,60.376,67.033,0.1,0.1,0.1
4.666,58.421,65.936,0.1,0.1,0.1
4.408,56.473,64.706,0.1,0.1,0.1
4.181,54.678,63.251,0.1,0.1,0.1
3.994,53.153,61.499,0.1,0.1,0.1
3.848,51.933,59.206,0.1,0.1,0.1
3.74,51.015,56.476,0.1,0.1,0.1
3.668,50.391,53.365,0.1,0.1,0.1
3.628,50.047,50.49,0.1,0.1,0.1
3.619,49.967,47.926,0.1,0.1,0.1
3.638,49.967,45.851,0.1,0.1,0.1
3.682,49.967,44.423,0.1,0.1,0.1
3.748,49.967,43.634,0.1,0.1,0.1
3.835,50.011,43.573,0.1,0.1,0.1
3.938,50.294,44.216,0.1,0.1,0.1
4.051,50.647,45.477,0.1,0.1,0.1
4.165,51.116,46.667,0.1,0.1,0.1
4.273,51.605,47.871,0.1,0.1,0.1
4.365,52.068,49.219,0.1,0.1,0.1
4.434,52.423,50.621,0.1,0.1,0.1
4.471,52.637,51.945,0.1,0.1,0.1
4.469,52.637,53.024,0.1,0.1,0.1
4.419,52.637,53.683,0.1,0.1,0.1
4.313,52.637,53.752,0.1,0.1,0.1
4.147,52.297,53.109,0.1,0.1,0.1
3.933,51.521,51.772,0.1,0.1,0.1
3.686,50.337,48.804,0.1,0.1,0.1
3.422,48.232,44.47,0.1,0.1,0.1
3.157,45.814,39.971,0.1,0.1,0.1
2.906,43.411,36.214,0.1,0.1,0.1
2.686,41.264,33.607,0.1,0.1,0.1
2.512,39.544,32.258,0.1,0.1,0.1
2.4,38.424,31.441,0.1,0.1,0.1
2.365,38.072,31.096,0.1,0.1,0.1
2.418,38.072,31.269,0.1,0.1,0.1
2.549,38.072,31.878,0.1,0.1,0.1
2.743,38.558,32.669,0.1,0.1,0.1
2.982,39.527,33.559,0.1,0.1,0.1
3.252,40.944,34.508,0.1,0.1,0.1
3.538,42.667,35.434,0.1,0.1,0.1
3.823,44.59,36.931,0.1,0.1,0.1
4.092,46.543,41.692,0.1,0.1,0.1
4.329,48.358,44.914,0.1,0.1,0.1
4.519,49.871,47.714,0.1,0.1,0.1
4.649,50.933,50.46,0.1,0.1,0.1
4.718,51.503,52.916,0.1,0.1,0.1
4.728,51.587,54.938,0.1,0.1,0.1
4.682,51.587,56.237,0.1,0.1,0.1
4.581,51.587,56.888,0.1,0.1,0.1
4.427,51.311,56.827,0.1,0.1,0.1
4.224,50.611,56.012,0.1,0.1,0.1
3.972,49.434,54.445,0.1,0.1,0.1
3.674,47.735,51.029,0.1,0.1,0.1
3.332,45.508,45.496,0.1,0.1,0.1
2.951,42.742,39.647,0.1,0.1,0.1
2.544,39.552,34.528,0.1,0.1,0.1
2.13,35.639,30.654,0.1,0.1,0.1
1.724,31.369,27.296,0.1,0.1,0.1
1.343,27.288,23.987,0.1,0.1,0.1
1.004,23.599,20.796,0.1,0.1,0.1
0.724,20.512,18.03,0.1,0.1,0.1
0.519,18.236,15.843,0.1,0.1,0.1
0.407,16.979,14.185,0.1,0.1,0.1
0.404,16.944,12.996,0.1,0.1,0.1
0.52,16.944,12.509,0.1,0.1,0.1
0.742,17.322,13.343,0.1,0.1,0.1
1.048,18.532,15.702,0.1,0.1,0.1
1.417,20.536,19.4,0.1,0.1,0.1
1.828,23.22,23.728,0.1,0.1,0.1
2.261,26.4,27.705,0.1,0.1,0.1
2.695,29.864,30.755,0.1,0.1,0.1
3.109,33.377,32.897,0.1,0.1,0.1
3.482,36.694,34.296,0.1,0.1,0.1
3.793,39.554,35.514,0.1,0.1,0.1
4.026,41.749,39.234,0.1,0.1,0.1
4.181,43.234,43.309,0.1,0.1,0.1
4.263,44.029,45.184,0.1,0.1,0.1
4.277,44.164,46.58,0.1,0.1,0.1
4.228,44.164,47.333,0.1,0.1,0.1
4.119,44.164,47.498,0.1,0.1,0.1
3.957,43.835,47.019,0.1,0.1,0.1
3.746,43.077,44.981,0.1,0.1,0.1
3.49,41.857,42.158,0.1,0.1,0.1
3.195,40.136,38.805,0.1,0.1,0.1
2.866,37.981,35.313,0.1,0.1,0.1
2.516,35.437,32.602,0.1,0.1,0.1
2.156,32.632,30.248,0.1,0.1,0.1
1.801,29.697,27.708,0.1,0.1,0.1
1.463,26.776,24.933,0.1,0.1,0.1
1.155,24.011,22.124,0.1,0.1,0.1
0.89,21.571,19.54,0.1,0.1,0.1
0.681,19.605,17.314,0.1,0.1,0.1
0.541,18.266,15.435,0.1,0.1,0.1
0.483,17.711,13.989,0.1,0.1,0.1
0.516,17.711,13.02,0.1,0.1,0.1
0.635,17.711,12.973,0.1,0.1,0.1
0.83,18.113,14.051,0.1,0.1,0.1
1.091,19.121,16.326,0.1,0.1,0.1
1.41,20.807,19.656,0.1,0.1,0.1
1.776,23.099,23.558,0.1,0.1,0.1
2.18,25.962,27.321,0.1,0.1,0.1
2.614,29.323,30.411,0.1,0.1,0.1
3.066,33.091,32.731,0.1,0.1,0.1
3.529,37.172,34.356,0.1,0.1,0.1
3.992,41.448,36.279,0.1,0.1,0.1
4.446,45.805,44.065,0.1,0.1,0.1
4.88,50.129,49.361,0.1,0.1,0.1
5.285,54.268,56.39,0.1,0.1,0.1
5.652,58.088,62.327,0.1,0.1,0.1
5.969,61.457,66.253,0.1,0.1,0.1
6.228,64.243,68.643,0.1,0.1,0.1
6.419,66.313,71.812,0.1,0.1,0.1
6.532,67.544,75.217,0.1,0.1,0.1
6.556,67.811,76.311,0.1,0.1,0.1
6.487,67.811,76.437,0.1,0.1,0.1
6.339,67.765,75.685,0.1,0.1,0.1
6.131,67.159,74.062,0.1,0.1,0.1
5.88,66.059,72.07,0.1,0.1,0.1
5.605,64.579,70.178,0.1,0.1,0.1
5.326,62.845,68.592,0.1,0.1,0.1
5.06,61.026,67.436,0.1,0.1,0.1
4.827,59.324,66.574,0.1,0.1,0.1
4.644,57.931,65.838,0.1,0.1,0.1
4.531,57.047,65.278,0.1,0.1,0.1
4.499,56.791,65.06,0.1,0.1,0.1
4.534,56.791,65.181,0.1,0.1,0.1
4.613,56.791,65.584,0.1,0.1,0.1
4.716,56.838,66.178,0.1,0.1,0.1
4.821,57.125,66.846,0.1,0.1,0.1
4.906,57.368,67.465,0.1,0.1,0.1
4.95,57.55,67.92,0.1,0.1,0.1
4.932,57.55,68.083,0.1,0.1,0.1
4.829,57.55,67.809,0.1,0.1,0.1
4.621,57.195,66.921,0.1,0.1,0.1
4.294,55.132,65.141,0.1,0.1,0.1
3.87,51.544,61.781,0.1,0.1,0.1
3.38,47.166,54.76,0.1,0.1,0.1
2.853,42.228,46.141,0.1,0.1,0.1
2.32,37.025,38.6,0.1,0.1,0.1
1.81,31.883,30.457,0.1,0.1,0.1
1.356,27.166,24.581,0.1,0.1,0.1
0.986,23.242,20.719,0.1,0.1,0.1
0.73,20.497,18.09,0.1,0.1,0.1
0.62,19.301,16.657,0.1,0.1,0.1
0.675,19.301,16.531,0.1,0.1,0.1
0.876,19.454,17.427,0.1,0.1,0.1
1.193,20.558,19.631,0.1,0.1,0.1
1.596,22.676,22.993,0.1,0.1,0.1
2.055,25.657,26.793,0.1,0.1,0.1
2.542,29.258,30.123,0.1,0.1,0.1
3.025,33.167,32.597,0.1,0.1,0.1
3.476,37.065,34.257,0.1,0.1,0.1
3.865,40.579,35.775,0.1,0.1,0.1
4.162,43.35,41.803,0.1,0.1,0.1
4.345,45.094,44.602,0.1,0.1,0.1
4.424,45.85,46.909,0.1,0.1,0.1
4.416,45.85,48.441,0.1,0.1,0.1
4.34,45.85,49.23,0.1,0.1,0.1
4.211,45.815,49.346,0.1,0.1,0.1
4.049,45.37,48.884,0.1,0.1,0.1
3.869,44.667,47.567,0.1,0.1,0.1
3.691,43.813,45.25,0.1,0.1,0.1
3.531,42.947,42.688,0.1,0.1,0.1
3.407,42.229,40.27,0.1,0.1,0.1
3.332,41.762,38.384,0.1,0.1,0.1
3.305,41.591,37.125,0.1,0.1,0.1
3.319,41.591,36.438,0.1,0.1,0.1
3.368,41.591,36.247,0.1,0.1,0.1
3.447,41.591,36.471,0.1,0.1,0.1
3.549,41.711,36.976,0.1,0.1,0.1
3.668,42.037,37.94,0.1,0.1,0.1
3.798,42.522,39.397,0.1,0.1,0.1
3.934,43.106,41.296,0.1,0.1,0.1
4.069,43.784,43.497,0.1,0.1,0.1
4.197,44.489,45.277,0.1,0.1,0.1
4.31,45.138,46.854,0.1,0.1,0.1
4.401,45.706,48.474,0.1,0.1,0.1
4.462,46.217,50.041,0.1,0.1,0.1
4.485,46.438,51.423,0.1,0.1,0.1
4.462,46.438,52.449,0.1,0.1,0.1
4.385,46.438,52.946,0.1,0.1,0.1
4.247,46.334,52.76,0.1,0.1,0.1
4.039,45.704,51.784,0.1,0.1,0.1
3.755,44.418,49.346,0.1,0.1,0.1
3.391,42.338,44.643,0.1,0.1,0.1
2.965,39.482,39.021,0.1,0.1,0.1
2.5,35.994,33.939,0.1,0.1,0.1
2.019,32.061,29.866,0.1,0.1,0.1
1.546,27.937,25.911,0.1,0.1,0.1
1.102,23.886,21.886,0.1,0.1,0.1
0.711,20.183,18.144,0.1,0.1,0.1
0.396,16.86,15.005,0.1,0.1,0.1
0.181,14.431,12.274,0.1,0.1,0.1
0.087,13.368,9.776,0.1,0.1,0.1
0.13,13.368,7.746,0.1,0.1,0.1
0.291,13.379,7.112,0.1,0.1,0.1
0.543,14.147,8.119,0.1,0.1,0.1
0.86,15.607,10.761,0.1,0.1,0.1
1.215,17.683,14.801,0.1,0.1,0.1
1.581,20.14,19.565,0.1,0.1,0.1
1.931,22.723,24.037,0.1,0.1,0.1
2.238,25.147,27.511,0.1,0.1,0.1
2.477,27.105,29.865,0.1,0.1,0.1
2.619,28.311,31.258,0.1,0.1,0.1
2.647,28.546,31.888,0.1,0.1,0.1
2.574,28.546,31.898,0.1,0.1,0.1
2.423,28.482,31.186,0.1,0.1,0.1
2.217,27.878,30.098,0.1,0.1,0.1
1.978,26.835,28.622,0.1,0.1,0.1
1.729,25.504,26.832,0.1,0.1,0.1
1.492,24.067,24.892,0.1,0.1,0.1
1.29,22.73,23.044,0.1,0.1,0.1
1.145,21.716,21.553,0.1,0.1,0.1
1.079,21.25,20.662,0.1,0.1,0.1
1.108,21.25,20.567,0.1,0.1,0.1
1.218,21.25,21.193,0.1,0.1,0.1
1.386,21.543,22.427,0.1,0.1,0.1
1.591,22.259,24.152,0.1,0.1,0.1
1.812,23.287,26.063,0.1,0.1,0.1
2.026,24.463,27.853,0.1,0.1,0.1
2.213,25.599,29.316,0.1,0.1,0.1
2.349,26.484,30.357,0.1,0.1,0.1
2.414,26.921,30.91,0.1,0.1,0.1
2.386,26.921,30.85,0.1,0.1,0.1
2.251,26.921,30.19,0.1,0.1,0.1
2.03,26.418,28.903,0.1,0.1,0.1
1.752,25.239,26.993,0.1,0.1,0.1
1.444,23.577,24.538,0.1,0.1,0.1
1.135,21.628,21.763,0.1,0.1,0.1
0.855,19.592,19.001,0.1,0.1,0.1
0.631,17.853,16.527,0.1,0.1,0.1
0.491,16.737,14.52,0.1,0.1,0.1
0.466,16.531,13.16,0.1,0.1,0.1
0.582,16.531,12.816,0.1,0.1,0.1
0.858,17.058,14.253,0.1,0.1,0.1
1.268,18.915,17.736,0.1,0.1,0.1
1.773,22.018,22.723,0.1,0.1,0.1
2.338,26.109,27.674,0.1,0.1,0.1
2.925,30.973,31.386,0.1,0.1,0.1
3.497,36.177,33.66,0.1,0.1,0.1
4.017,41.139,35.633,0.1,0.1,0.1
4.447,45.386,43.655,0.1,0.1,0.1
4.75,48.456,47.921,0.1,0.1,0.1
4.89,49.884,52.105,0.1,0.1,0.1
4.84,49.884,54.562,0.1,0.1,0.1
4.62,49.692,55.019,0.1,0.1,0.1
4.261,48.368,53.922,0.1,0.1,0.1
3.793,45.762,51.577,0.1,0.1,0.1
3.247,42.041,45.216,0.1,0.1,0.1
2.655,37.427,37.93,0.1,0.1,0.1
2.047,32.236,31.241,0.1,0.1,0.1
1.453,26.826,25.465,0.1,0.1,0.1
0.905,21.582,20.219,0.1,0.1,0.1
0.434,16.9,15.737,0.1,0.1,0.1
0.063,13.101,11.838,0.1,0.1,0.1
-0.208,10.008,7.427,0.1,0.1,0.1
-0.388,7.941,2.482,0.1,0.1,0.1
-0.484,6.827,-1.175,0.1,0.1,0.1
-0.506,6.582,-3.799,0.1,0.1,0.1
-0.459,6.582,-5.329,0.1,0.1,0.1
-0.354,6.582,-5.673,0.1,0.1,0.1
-0.197,6.88,-5.006,0.1,0.1,0.1
0.004,7.579,-3.492,0.1,0.1,0.1
0.24,8.681,-1.249,0.1,0.1,0.1
0.503,10.148,1.672,0.1,0.1,0.1
0.781,11.926,5.246,0.1,0.1,0.1
1.062,13.876,9.632,0.1,0.1,0.1
1.333,15.896,14.437,0.1,0.1,0.1
1.583,17.854,18.918,0.1,0.1,0.1
1.798,19.608,22.711,0.1,0.1,0.1
1.967,21.022,25.586,0.1,0.1,0.1
2.077,21.958,27.517,0.1,0.1,0.1
2.116,22.294,28.575,0.1,0.1,0.1
2.072,22.294,28.701,0.1,0.1,0.1
1.937,22.294,27.916,0.1,0.1,0.1
1.726,21.772,26.511,0.1,0.1,0.1
1.458,20.633,24.438,0.1,0.1,0.1
1.154,18.993,21.769,0.1,0.1,0.1
0.832,16.962,18.698,0.1,0.1,0.1
0.513,14.739,15.425,0.1,0.1,0.1
0.215,12.495,11.96,0.1,0.1,0.1
-0.04,10.472,8.117,0.1,0.1,0.1
-0.235,8.877,3.837,0.1,0.1,0.1
-0.348,7.925,0.261,0.1,0.1,0.1
-0.367,7.762,-2.083,0.1,0.1,0.1
-0.305,7.762,-3.415,0.1,0.1,0.1
-0.18,7.762,-3.567,0.1,0.1,0.1
-0.012,8.188,-2.749,0.1,0.1,0.1
0.181,8.918,-1.193,0.1,0.1,0.1
0.379,9.863,0.877,0.1,0.1,0.1
0.562,10.874,3.243,0.1,0.1,0.1
0.713,11.777,5.652,0.1,0.1,0.1
0.812,12.394,8.028,0.1,0.1,0.1
0.839,12.568,9.764,0.1,0.1,0.1
0.783,12.568,10.562,0.1,0.1,0.1
0.659,12.568,10.367,0.1,0.1,0.1
0.49,12.159,9.261,0.1,0.1,0.1
0.297,11.438,7.396,0.1,0.1,0.1
0.104,10.52,4.915,0.1,0.1,0.1
-0.068,9.585,2.166,0.1,0.1,0.1
-0.196,8.838,-0.315,0.1,0.1,0.1
-0.257,8.454,-2.334,0.1,0.1,0.1
-0.23,8.454,-3.369,0.1,0.1,0.1
-0.091,8.454,-3.083,0.1,0.1,0.1
0.173,9.125,-1.252,0.1,0.1,0.1
0.545,10.836,2.152,0.1,0.1,0.1
0.998,13.632,7.249,0.1,0.1,0.1
1.506,17.346,14.498,0.1,0.1,0.1
2.045,21.684,21.85,0.1,0.1,0.1
2.587,26.461,27.531,0.1,0.1,0.1
3.106,31.288,31.121,0.1,0.1,0.1
3.577,35.85,33.413,0.1,0.1,0.1
3.974,39.807,35.42,0.1,0.1,0.1
4.271,42.826,42.631,0.1,0.1,0.1
4.448,44.657,45.294,0.1,0.1,0.1
4.515,45.346,47.834,0.1,0.1,0.1
4.486,45.346,49.396,0.1,0.1,0.1
4.376,45.346,50.087,0.1,0.1,0.1
4.203,45.039,49.949,0.1,0.1,0.1
3.979,44.242,49.091,0.1,0.1,0.1
3.722,43.009,46.627,0.1,0.1,0.1
3.446,41.403,43.19,0.1,0.1,0.1
3.167,39.59,39.158,0.1,0.1,0.1
2.9,37.71,35.696,0.1,0.1,0.1
2.657,35.887,33.331,0.1,0.1,0.1
2.438,34.171,31.836,0.1,0.1,0.1
2.24,32.557,30.543,0.1,0.1,0.1
2.057,31.034,29.294,0.1,0.1,0.1
1.887,29.583,28.047,0.1,0.1,0.1
1.725,28.177,26.782,0.1,0.1,0.1
1.569,26.787,25.482,0.1,0.1,0.1
1.414,25.386,24.121,0.1,0.1,0.1
1.256,23.943,22.665,0.1,0.1,0.1
1.092,22.42,21.068,0.1,0.1,0.1
0.92,20.8,19.292,0.1,0.1,0.1
0.746,19.137,17.366,0.1,0.1,0.1
0.579,17.519,15.34,0.1,0.1,0.1
0.427,16.03,13.26,0.1,0.1,0.1
0.299,14.763,11.076,0.1,0.1,0.1
0.202,13.798,8.847,0.1,0.1,0.1
0.146,13.236,6.768,0.1,0.1,0.1
0.138,13.159,5.112,0.1,0.1,0.1
0.187,13.159,4.191,0.1,0.1,0.1
0.302,13.159,4.261,0.1,0.1,0.1
0.487,13.566,5.434,0.1,0.1,0.1
0.729,14.491,7.803,0.1,0.1,0.1
1.013,15.962,11.289,0.1,0.1,0.1
1.324,17.835,15.638,0.1,0.1,0.1
1.644,20.021,20.266,0.1,0.1,0.1
1.959,22.339,24.447,0.1,0.1,0.1
2.253,24.642,27.736,0.1,0.1,0.1
2.508,26.734,30.076,0.1,0.1,0.1
2.71,28.445,31.623,0.1,0.1,0.1
2.843,29.595,32.568,0.1,0.1,0.1
2.895,30.049,33.065,0.1,0.1,0.1
2.875,30.049,33.232,0.1,0.1,0.1
2.795,30.049,33.129,0.1,0.1,0.1
2.668,29.976,32.602,0.1,0.1,0.1
2.508,29.536,31.836,0.1,0.1,0.1
2.326,28.808,30.864,0.1,0.1,0.1
2.137,27.885,29.721,0.1,0.1,0.1
1.952,26.859,28.471,0.1,0.1,0.1
1.785,25.845,27.217,0.1,0.1,0.1
1.648,24.968,26.089,0.1,0.1,0.1
1.551,24.321,25.21,0.1,0.1,0.1
1.493,23.926,24.607,0.1,0.1,0.1
1.466,23.736,24.263,0.1,0.1,0.1
1.466,23.736,24.149,0.1,0.1,0.1
1.487,23.736,24.231,0.1,0.1,0.1
1.523,23.736,24.471,0.1,0.1,0.1
1.569,23.736,24.82,0.1,0.1,0.1
1.619,23.736,25.228,0.1,0.1,0.1
1.667,23.74,25.64,0.1,0.1,0.1
1.709,23.853,26.006,0.1,0.1,0.1
1.738,23.933,26.277,0.1,0.1,0.1
1.749,23.962,26.408,0.1,0.1,0.1
1.736,23.962,26.358,0.1,0.1,0.1
1.694,23.962,26.078,0.1,0.1,0.1
1.619,23.962,25.511,0.1,0.1,0.1
1.503,23.837,24.587,0.1,0.1,0.1
1.342,22.858,23.216,0.1,0.1,0.1
1.131,21.304,21.301,0.1,0.1,0.1
0.864,19.238,18.748,0.1,0.1,0.1
0.536,16.565,15.481,0.1,0.1,0.1
0.145,13.224,11.336,0.1,0.1,0.1
-0.291,8.802,5.675,0.1,0.1,0.1
-0.752,3.72,-1.738,0.1,0.1,0.1
-1.217,-1.732,-8.299,0.1,0.1,0.1
-1.665,-7.051,-14.812,0.1,0.1,0.1
-2.075,-11.972,-21.713,0.1,0.1,0.1
-2.425,-16.222,-26.89,0.1,0.1,0.1
-2.696,-19.528,-30.169,0.1,0.1,0.1
-2.865,-21.609,-32.898,0.1,0.1,0.1
-2.913,-22.196,-34.776,0.1,0.1,0.1
-2.826,-22.196,-34.934,0.1,0.1,0.1
-2.621,-21.944,-33.69,0.1,0.1,0.1
-2.326,-20.879,-31.628,0.1,0.1,0.1
-1.965,-18.979,-29.069,0.1,0.1,0.1
-1.565,-16.441,-25.938,0.1,0.1,0.1
-1.152,-13.475,-22.259,0.1,0.1,0.1
-0.752,-10.342,-18.709,0.1,0.1,0.1
-0.391,-7.334,-13.471,0.1,0.1,0.1
-0.093,-4.76,-7.676,0.1,0.1,0.1
0.113,-2.917,-4.383,0.1,0.1,0.1
0.211,-2.029,-2.34,0.1,0.1,0.1
0.212,-2.018,-1.462,0.1,0.1,0.1
0.137,-2.018,-1.62,0.1,0.1,0.1
0.005,-2.037,-2.64,0.1,0.1,0.1
-0.163,-2.498,-4.269,0.1,0.1,0.1
-0.348,-3.224,-6.213,0.1,0.1,0.1
-0.53,-4.098,-8.184,0.1,0.1,0.1
-0.687,-4.958,-9.925,0.1,0.1,0.1
-0.802,-5.619,-11.231,0.1,0.1,0.1
-0.853,-5.938,-11.939,0.1,0.1,0.1
-0.826,-5.938,-12.169,0.1,0.1,0.1
-0.726,-5.938,-11.349,0.1,0.1,0.1
-0.565,-5.696,-9.981,0.1,0.1,0.1
-0.352,-4.977,-8.073,0.1,0.1,0.1
-0.1,-3.803,-5.672,0.1,0.1,0.1
0.181,-2.214,-2.779,0.1,0.1,0.1
0.48,0.448,0.633,0.1,0.1,0.1
0.786,3.348,4.622,0.1,0.1,0.1
1.089,6.274,9.343,0.1,0.1,0.1
1.377,9.125,14.52,0.1,0.1,0.1
1.641,11.776,19.273,0.1,0.1,0.1
1.874,14.151,23.244,0.1,0.1,0.1
2.07,16.183,26.283,0.1,0.1,0.1
2.225,17.803,28.419,0.1,0.1,0.1
2.334,18.94,29.788,0.1,0.1,0.1
2.39,19.531,30.562,0.1,0.1,0.1
2.388,19.531,30.772,0.1,0.1,0.1
2.324,19.531,30.503,0.1,0.1,0.1
2.191,19.531,29.817,0.1,0.1,0.1
1.984,18.96,28.571,0.1,0.1,0.1
1.702,17.722,26.598,0.1,0.1,0.1
1.359,15.823,23.816,0.1,0.1,0.1
0.972,13.296,20.309,0.1,0.1,0.1
0.558,10.273,16.329,0.1,0.1,0.1
0.137,6.923,11.933,0.1,0.1,0.1
-0.276,3.438,6.408,0.1,0.1,0.1
-0.662,0.021,-0.555,0.1,0.1,0.1
-1.003,-3.112,-6.156,0.1,0.1,0.1
-1.282,-5.749,-11.197,0.1,0.1,0.1
-1.481,-7.666,-15.938,0.1,0.1,0.1
-1.587,-8.694,-19.995,0.1,0.1,0.1
-1.602,-8.846,-22.482,0.1,0.1,0.1
-1.535,-8.846,-23.435,0.1,0.1,0.1
-1.392,-8.818,-23.164,0.1,0.1,0.1
-1.181,-8.21,-21.877,0.1,0.1,0.1
-0.909,-7.005,-19.672,0.1,0.1,0.1
-0.582,-5.206,-15.847,0.1,0.1,0.1
-0.21,-2.788,-9.08,0.1,0.1,0.1
0.202,0.205,-4.098,0.1,0.1,0.1
0.646,3.723,1.161,0.1,0.1,0.1
1.112,7.675,7.356,0.1,0.1,0.1
1.583,11.882,14.855,0.1,0.1,0.1
2.037,16.132,21.73,0.1,0.1,0.1
2.456,20.225,26.76,0.1,0.1,0.1
2.817,24.083,30.07,0.1,0.1,0.1
3.101,27.157,32.193,0.1,0.1,0.1
3.287,29.194,33.532,0.1,0.1,0.1
3.355,29.947,34.328,0.1,0.1,0.1
3.285,29.947,34.656,0.1,0.1,0.1
3.056,29.676,34.323,0.1,0.1,0.1
2.658,28.093,32.996,0.1,0.1,0.1
2.125,24.979,30.045,0.1,0.1,0.1
1.498,20.491,25.505,0.1,0.1,0.1
0.821,14.99,19.444,0.1,0.1,0.1
0.138,8.927,13.16,0.1,0.1,0.1
-0.51,2.808,5.96,0.1,0.1,0.1
-1.078,-2.806,-4.129,0.1,0.1,0.1
-1.524,-7.356,-10.905,0.1,0.1,0.1
-1.805,-10.275,-17.454,0.1,0.1,0.1
-1.877,-11.034,-22.147,0.1,0.1,0.1
-1.713,-11.034,-23.784,0.1,0.1,0.1
-1.349,-9.962,-22.719,0.1,0.1,0.1
-0.835,-7.258,-19.072,0.1,0.1,0.1
-0.222,-3.098,-11.296,0.1,0.1,0.1
0.44,2.1,-2.95,0.1,0.1,0.1
1.099,7.797,4.854,0.1,0.1,0.1
1.705,13.396,14.193,0.1,0.1,0.1
2.208,18.254,22.264,0.1,0.1,0.1
2.556,21.714,27.046,0.1,0.1,0.1
2.698,23.153,29.609,0.1,0.1,0.1
2.6,23.153,30.749,0.1,0.1,0.1
2.29,22.574,30.497,0.1,0.1,0.1
1.813,20.295,27.418,0.1,0.1,0.1
1.213,16.44,22.622,0.1,0.1,0.1
0.533,11.267,16.437,0.1,0.1,0.1
-0.181,5.189,9.651,0.1,0.1,0.1
-0.885,-1.282,-0.167,0.1,0.1,0.1
-1.535,-7.6,-9.701,0.1,0.1,0.1
-2.087,-13.254,-18.158,0.1,0.1,0.1
-2.496,-17.642,-25.476,0.1,0.1,0.1
-2.73,-20.187,-30.205,0.1,0.1,0.1
-2.804,-20.996,-32.981,0.1,0.1,0.1
-2.745,-20.996,-33.802,0.1,0.1,0.1
-2.579,-20.929,-33.093,0.1,0.1,0.1
-2.335,-20.165,-31.496,0.1,0.1,0.1
-2.038,-18.795,-29.415,0.1,0.1,0.1
-1.716,-16.935,-26.959,0.1,0.1,0.1
-1.396,-14.835,-24.232,0.1,0.1,0.1
-1.105,-12.732,-21.65,0.1,0.1,0.1
-0.869,-10.937,-19.675,0.1,0.1,0.1
-0.709,-9.675,-17.922,0.1,0.1,0.1
-0.621,-8.964,-14.85,0.1,0.1,0.1
-0.591,-8.725,-12.238,0.1,0.1,0.1
-0.609,-8.725,-11.095,0.1,0.1,0.1
-0.663,-8.725,-11.107,0.1,0.1,0.1
-0.741,-8.725,-11.629,0.1,0.1,0.1
-0.832,-8.835,-12.358,0.1,0.1,0.1
-0.923,-9.084,-13.692,0.1,0.1,0.1
-1.003,-9.319,-15.2,0.1,0.1,0.1
-1.06,-9.554,-16.673,0.1,0.1,0.1
-1.086,-9.662,-17.842,0.1,0.1,0.1
-1.086,-9.662,-18.55,0.1,0.1,0.1
-1.068,-9.662,-18.871,0.1,0.1,0.1
-1.041,-9.662,-18.895,0.1,0.1,0.1
-1.012,-9.662,-18.728,0.1,0.1,0.1
-0.99,-9.662,-18.487,0.1,0.1,0.1
-0.984,-9.662,-18.306,0.1,0.1,0.1
-1.001,-9.662,-18.342,0.1,0.1,0.1
-1.049,-9.662,-18.759,0.1,0.1,0.1
-1.138,-9.875,-19.684,0.1,0.1,0.1
-1.272,-10.499,-21.134,0.1,0.1,0.1
-1.444,-11.399,-22.907,0.1,0.1,0.1
-1.644,-12.568,-24.729,0.1,0.1,0.1
-1.861,-13.959,-26.454,0.1,0.1,0.1
-2.086,-15.503,-28.105,0.1,0.1,0.1
-2.308,-17.116,-29.743,0.1,0.1,0.1
-2.516,-18.704,-31.37,0.1,0.1,0.1
-2.701,-20.164,-32.953,0.1,0.1,0.1
-2.851,-21.516,-34.426,0.1,0.1,0.1
-2.958,-22.75,-35.667,0.1,0.1,0.1
-3.013,-23.434,-36.52,0.1,0.1,0.1
-3.024,-23.56,-36.914,0.1,0.1,0.1
-2.998,-23.56,-36.866,0.1,0.1,0.1
-2.946,-23.56,-36.461,0.1,0.1,0.1
-2.876,-23.56,-35.817,0.1,0.1,0.1
-2.797,-23.488,-35.061,0.1,0.1,0.1
-2.72,-23.276,-34.304,0.1,0.1,0.1
-2.653,-23.093,-33.637,0.1,0.1,0.1
-2.605,-22.936,-33.131,0.1,0.1,0.1
-2.586,-22.858,-32.852,0.1,0.1,0.1
-2.602,-22.858,-32.848,0.1,0.1,0.1
-2.645,-22.858,-33.101,0.1,0.1,0.1
-2.708,-22.858,-33.558,0.1,0.1,0.1
-2.779,-22.858,-34.156,0.1,0.1,0.1
-2.85,-23.033,-34.821,0.1,0.1,0.1
-2.911,-23.199,-35.468,0.1,0.1,0.1
-2.952,-23.312,-35.99,0.1,0.1,0.1
-2.963,-23.343,-36.265,0.1,0.1,0.1
-2.936,-23.343,-36.168,0.1,0.1,0.1
-2.86,-23.343,-35.602,0.1,0.1,0.1
-2.73,-23.251,-34.549,0.1,0.1,0.1
-2.553,-22.723,-33.14,0.1,0.1,0.1
-2.344,-21.79,-31.533,0.1,0.1,0.1
-2.113,-20.558,-29.806,0.1,0.1,0.1
-1.875,-19.114,-27.97,0.1,0.1,0.1
-1.64,-17.562,-26.059,0.1,0.1,0.1
-1.422,-16.018,-24.206,0.1,0.1,0.1
-1.232,-14.609,-22.599,0.1,0.1,0.1
-1.084,-13.465,-21.377,0.1,0.1,0.1
-0.99,-12.726,-20.62,0.1,0.1,0.1
-0.957,-12.465,-20.356,0.1,0.1,0.1
-0.976,-12.465,-20.363,0.1,0.1,0.1
-1.029,-12.465,-20.403,0.1,0.1,0.1
-1.103,-12.465,-20.648,0.1,0.1,0.1
-1.181,-12.53,-21.155,0.1,0.1,0.1
-1.249,-12.714,-21.762,0.1,0.1,0.1
-1.29,-12.827,-22.25,0.1,0.1,0.1
-1.289,-12.827,-22.422,0.1,0.1,0.1
-1.232,-12.827,-22.114,0.1,0.1,0.1
-1.102,-12.827,-21.142,0.1,0.1,0.1
-0.889,-11.918,-19.215,0.1,0.1,0.1
-0.603,-9.564,-15.538,0.1,0.1,0.1
-0.258,-6.599,-9.333,0.1,0.1,0.1
0.131,-3.116,-4.651,0.1,0.1,0.1
0.549,0.777,0.215,0.1,0.1,0.1
0.982,4.951,5.832,0.1,0.1,0.1
1.416,9.259,12.645,0.1,0.1,0.1
1.835,13.535,19.437,0.1,0.1,0.1
2.226,17.605,24.808,0.1,0.1,0.1
2.573,21.289,28.579,0.1,0.1,0.1
2.864,24.424,31.112,0.1,0.1,0.1
3.092,26.91,32.759,0.1,0.1,0.1
3.253,28.679,33.816,0.1,0.1,0.1
3.343,29.665,34.498,0.1,0.1,0.1
3.356,29.81,34.901,0.1,0.1,0.1
3.288,29.81,34.998,0.1,0.1,0.1
3.135,29.753,34.728,0.1,0.1,0.1
2.892,29.001,34.064,0.1,0.1,0.1
2.555,27.43,32.42,0.1,0.1,0.1
2.118,24.793,29.938,0.1,0.1,0.1
1.583,20.999,26.124,0.1,0.1,0.1
0.97,16.108,20.775,0.1,0.1,0.1
0.305,10.309,14.668,0.1,0.1,0.1
-0.386,3.86,7.743,0.1,0.1,0.1
-1.077,-2.943,-3.136,0.1,0.1,0.1
-1.744,-9.78,-11.94,0.1,0.1,0.1
-2.359,-16.304,-21.039,0.1,0.1,0.1
-2.897,-22.161,-28.74,0.1,0.1,0.1
-3.332,-27.36,-35.704,0.1,0.1,0.1
-3.639,-31.14,-42.144,0.1,0.1,0.1
-3.799,-33.108,-46.554,0.1,0.1,0.1
-3.822,-33.396,-48.767,0.1,0.1,0.1
-3.727,-33.396,-48.932,0.1,0.1,0.1
-3.531,-33.148,-47.135,0.1,0.1,0.1
-3.253,-32.154,-43.534,0.1,0.1,0.1
-2.91,-30.382,-39.052,0.1,0.1,0.1
-2.52,-27.946,-34.736,0.1,0.1,0.1
-2.101,-24.968,-31.041,0.1,0.1,0.1
-1.671,-21.621,-27.45,0.1,0.1,0.1