,pavel-nb_plays-50-units-50-__activation__-elu-__nb_plays__-25-__units__-10-ensemble-1-loss,pavel-nb_plays-50-units-64-loss,nb_plays-50-units-50-__activation__-elu-__nb_plays__-50-__units__-50-ensemble-1-loss,nb_plays-50-units-128-loss
0,3236.403,2673.032,3316.44,2959.936
1,3101.727,1997.767,3010.988,2334.139
2,2970.86,1388.285,2702.227,1422.751
3,2839.863,997.034,2373.062,856.452
4,2705.199,735.981,2017.293,594.808
5,2563.892,590.833,1635.263,445.527
6,2413.799,465.97,1238.16,297.192
7,2253.324,386.953,847.786,224.789
8,2081.529,324.531,499.003,179.944
9,1898.089,272.605,238.481,141.738
10,1703.398,236.777,112.488,113.022
11,1498.694,192.63,136.858,89.803
12,1286.315,161.729,270.209,92.675
13,1069.851,145.446,411.787,78.147
14,854.376,123.001,461.929,68.632
15,646.664,108.312,402.351,56.909
16,455.236,98.51,279.966,51.873
17,290.243,88.418,154.142,57.037
18,162.866,81.621,66.291,51.149
19,83.836,72.786,32.025,40.785
20,60.425,68.808,45.013,36.222
21,91.7,63.615,86.003,42.302
22,163.68,60.556,132.298,41.979
23,249.434,56.725,165.732,35.926
24,318.45,53.155,176.779,32.404
25,350.098,48.1,164.518,30.197
26,340.086,45.147,134.23,28.929
27,297.335,46.527,94.526,31.977
28,236.896,43.532,55.049,27.458
29,173.856,44.559,24.401,30.175
30,119.741,36.397,8.327,20.687
31,81.157,36.449,8.217,32.237
32,59.997,40.419,20.578,24.023
33,54.527,36.014,38.106,25.16
34,60.817,33.995,52.475,19.123
35,74.109,33.387,57.763,19.364
36,89.867,35.105,52.608,23.442
37,104.408,32.04,40.027,17.677
38,115.171,33.314,25.3,21.27
39,120.75,30.962,13.36,20.5
40,120.769,30.069,7.048,18.991
41,115.699,27.615,6.632,15.621
42,106.638,26.508,10.373,16.825
43,95.088,32.547,15.628,18.52
44,82.731,31.16,19.915,20.347
45,71.203,28.713,21.632,23.829
46,61.879,26.165,20.359,23.48
47,55.69,24.787,16.746,23.542
48,52.982,24.871,12.137,17.19
49,53.482,25.616,8.042,21.55
50,56.362,24.716,5.598,18.491
51,60.43,23.82,5.22,15.732
52,64.411,25.526,6.513,12.901
53,67.234,26.339,8.496,12.746
54,68.257,22.307,10.063,16.403
55,67.362,18.978,10.453,17.713
56,64.902,21.935,9.529,13.802
57,61.537,19.875,7.738,13.932
58,58.019,22.486,5.826,12.844
59,55.003,19.812,4.468,13.109
60,52.914,21.581,4.007,12.971
61,51.899,19.863,4.377,17.226
62,51.859,18.662,5.206,13.23
63,52.513,16.474,6.018,14.813
64,53.504,16.798,6.429,12.451
65,54.48,16.193,6.279,13.831
66,55.166,14.88,5.652,16.453
67,55.404,14.883,4.807,18.778
68,55.158,16.496,4.056,19.075
69,54.506,13.599,3.631,13.989
70,53.597,16.523,3.605,14.454
71,52.618,16.314,3.879,14.185
72,51.741,17.655,4.248,12.213
73,51.096,15.069,4.504,12.83
74,50.741,13.57,4.525,11.471
75,50.664,13.777,4.314,12.45
76,50.793,12.792,3.98,11.401
77,51.019,15.123,3.664,12.873
78,51.231,16.264,3.476,12.496
79,51.341,18.453,3.448,12.045
80,51.303,14.079,3.536,10.586
81,51.116,11.616,3.655,12.407
82,50.82,12.5,3.724,12.733
83,50.475,12.77,3.703,12.637
84,50.145,13.808,3.6,13.514
85,49.88,12.202,3.461,8.333
86,49.704,12.477,3.341,9.171
87,49.616,14.886,3.279,11.126
88,49.594,11.291,3.276,13.148
89,49.604,11.922,3.31,14.044
90,49.611,12.125,3.34,10.722
91,49.586,9.811,3.338,12.629
92,49.516,10.847,3.295,11.412
93,49.401,9.295,3.225,12.876
94,49.254,10.667,3.155,12.049
95,49.093,10.211,3.107,12.945
96,48.937,10.244,3.09,12.991
97,48.804,9.938,3.094,11.648
98,48.698,9.336,3.105,13.576
99,48.621,10.332,3.103,10.752
100,48.562,8.048,3.081,10.161
101,48.512,9.04,3.043,11.352
102,48.457,8.864,2.999,13.199
103,48.391,7.335,2.962,9.49
104,48.308,9.275,2.94,9.13
105,48.212,9.744,2.93,9.449
106,48.108,7.487,2.926,9.3
107,48.002,6.941,2.92,8.605
108,47.902,8.264,2.904,9.084
109,47.811,8.234,2.881,9.331
110,47.73,9.219,2.853,8.297
111,47.657,8.328,2.827,10.127
112,47.588,7.777,2.807,9.826
113,47.519,8.656,2.793,9.341
114,47.446,7.973,2.783,8.668
115,47.369,9.398,2.771,7.463
116,47.286,9.562,2.756,9.218
117,47.201,7.267,2.737,10.511
118,47.115,8.387,2.718,8.899
119,47.03,6.524,2.699,7.798
120,46.949,7.132,2.682,7.503
121,46.871,5.866,2.668,9.857
122,46.796,6.495,2.656,9.713
123,46.722,6.795,2.642,7.688
124,46.649,9.304,2.628,7.678
125,46.575,7.162,2.611,8.563
126,46.5,6.148,2.595,10.937
127,46.423,7.313,2.58,9.806
128,46.345,7.573,2.565,8.213
129,46.267,6.413,2.553,8.754
130,46.19,9.514,2.54,8.708
131,46.114,10.424,2.527,8.134
132,46.04,9.16,2.513,8.43
133,45.967,7.968,2.499,7.657
134,45.894,7.086,2.485,8.103
135,45.822,6.243,2.471,8.982
136,45.749,6.413,2.458,8.993
137,45.676,8.237,2.446,8.145
138,45.603,9.918,2.434,7.971
139,45.529,8.601,2.422,8.218
140,45.456,7.745,2.409,9.748
141,45.384,7.627,2.397,7.077
142,45.312,7.227,2.384,7.136
143,45.241,8.151,2.372,7.471
144,45.17,7.013,2.361,6.154
145,45.1,6.459,2.35,9.728
146,45.03,7.038,2.338,7.184
147,44.96,7.459,2.327,8.803
148,44.89,8.272,2.316,7.256
149,44.82,8.107,2.305,6.753
150,44.75,6.906,2.294,7.086
151,44.681,6.477,2.283,9.115
152,44.612,8.362,2.272,8.908
153,44.544,6.734,2.262,8.239
154,44.476,5.648,2.252,7.26
155,44.408,6.206,2.241,6.644
156,44.341,5.589,2.231,7.289
157,44.273,5.735,2.221,6.242
158,44.206,5.878,2.211,7.639
159,44.139,7.694,2.202,7.23
160,44.073,5.574,2.192,7.226
161,44.007,5.594,2.183,5.859
162,43.941,7.926,2.174,6.953
163,43.875,5.246,2.164,9.101
164,43.81,6.791,2.155,8.389
165,43.745,5.128,2.146,8.108
166,43.68,6.598,2.137,8.476
167,43.615,5.242,2.129,5.842
168,43.551,5.373,2.12,8.586
169,43.487,6.648,2.111,6.905
170,43.423,5.876,2.103,5.804
171,43.36,7.453,2.094,5.898
172,43.297,8.352,2.086,6.515
173,43.234,6.814,2.078,6.816
174,43.171,5.84,2.07,7.101
175,43.109,7.094,2.062,7.326
176,43.046,7.025,2.054,6.34
177,42.984,4.62,2.046,6.116
178,42.923,5.607,2.039,7.245
179,42.861,6.853,2.031,5.59
180,42.8,5.911,2.024,6.458
181,42.739,5.298,2.016,7.848
182,42.678,5.725,2.009,5.295
183,42.617,5.085,2.002,6.745
184,42.557,6.515,1.995,7.602
185,42.497,6.043,1.988,6.711
186,42.437,5.636,1.981,8.232
187,42.377,6.165,1.974,5.955
188,42.318,6.346,1.967,7.359
189,42.258,5.364,1.96,6.529
190,42.199,5.057,1.954,7.441
191,42.14,5.053,1.947,6.863
192,42.081,5.091,1.941,5.679
193,42.022,5.674,1.934,5.489
194,41.964,7.362,1.928,9.145
195,41.906,6.1,1.922,6.058
196,41.847,5.312,1.916,6.973
197,41.789,6.591,1.91,6.772
198,41.731,6.686,1.904,6.638
199,41.674,5.231,1.898,6.942
200,41.616,4.536,1.892,7.718
201,41.558,5.279,1.886,4.802
202,41.501,7.26,1.88,4.848
203,41.444,7.688,1.874,6.722
204,41.386,6.665,1.869,5.051
205,41.329,4.701,1.863,8.938
206,41.272,4.347,1.858,8.046
207,41.215,5.274,1.852,6.91
208,41.158,6.558,1.847,5.614
209,41.101,6.616,1.841,6.609
210,41.044,7.935,1.836,5.925
211,40.987,6.276,1.831,6.069
212,40.93,6.353,1.825,6.887
213,40.874,5.604,1.82,6.019
214,40.817,7.102,1.815,6.37
215,40.76,7.82,1.81,6.493
216,40.704,4.875,1.805,4.914
217,40.647,4.623,1.8,5.303
218,40.59,3.892,1.795,5.27
219,40.534,6.354,1.79,8.523
220,40.477,5.6,1.785,6.844
221,40.42,6.171,1.781,5.312
222,40.363,6.868,1.776,5.178
223,40.306,5.985,1.771,5.775
224,40.25,5.979,1.766,7.027
225,40.192,4.541,1.762,7.182
226,40.135,4.763,1.757,5.749
227,40.078,6.633,1.752,6.216
228,40.021,6.162,1.748,6.893
229,39.963,6.181,1.743,6.526
230,39.906,6.135,1.739,5.249
231,39.848,5.413,1.734,6.012
232,39.79,4.984,1.73,6.842
233,39.732,4.344,1.726,6.985
234,39.674,5.066,1.721,7.369
235,39.615,4.492,1.717,6.042
236,39.557,5.075,1.713,5.554
237,39.498,5.47,1.709,6.899
238,39.439,5.968,1.704,5.978
239,39.38,4.252,1.7,5.822
240,39.321,3.76,1.696,5.428
241,39.261,5.857,1.692,5.881
242,39.201,5.139,1.688,7.115
243,39.141,5.773,1.684,6.059
244,39.08,5.215,1.68,6.241
245,39.019,6.141,1.676,5.493
246,38.958,5.258,1.672,5.579
247,38.896,5.553,1.668,5.856
248,38.834,5.111,1.664,5.816
249,38.771,4.844,1.66,6.421
250,38.708,4.969,1.656,5.843
251,38.645,5.72,1.652,5.437
252,38.581,5.159,1.648,6.324
253,38.516,4.395,1.645,5.46
254,38.451,4.235,1.641,6.91
255,38.386,5.649,1.637,6.437
256,38.32,5.022,1.633,5.764
257,38.254,5.881,1.63,6.299
258,38.187,7.102,1.626,5.573
259,38.119,6.202,1.622,5.457
260,38.05,5.426,1.619,6.358
261,37.981,5.557,1.615,5.57
262,37.911,5.283,1.611,7.532
263,37.84,5.767,1.608,5.448
264,37.768,5.303,1.604,5.064
265,37.695,5.96,1.601,6.187
266,37.622,5.286,1.597,5.267
267,37.547,4.695,1.593,4.359
268,37.472,5.052,1.59,5.116
269,37.394,5.231,1.586,5.315
270,37.316,6.053,1.583,4.615
271,37.236,5.946,1.579,4.929
272,37.155,5.07,1.576,5.353
273,37.072,5.307,1.573,5.911
274,36.988,5.025,1.569,5.899
275,36.902,3.949,1.566,6.121
276,36.814,4.4,1.562,5.339
277,36.725,4.63,1.559,5.164
278,36.634,4.723,1.556,4.878
279,36.542,5.06,1.552,5.023
280,36.447,4.506,1.549,6.75
281,36.35,5.564,1.545,4.725
282,36.249,6.255,1.542,4.737
283,36.144,4.106,1.539,6.393
284,36.036,4.807,1.536,7.986
285,35.925,3.369,1.532,5.767
286,35.814,3.326,1.529,5.287
287,35.703,3.177,1.526,5.207
288,35.591,3.849,1.522,5.585
289,35.482,5.685,1.519,4.918
290,35.381,4.782,1.516,5.587
291,35.291,4.129,1.513,5.857
292,35.213,4.409,1.509,5.098
293,35.141,4.002,1.506,4.4
294,35.063,3.372,1.503,3.958
295,34.972,4.405,1.5,4.81
296,34.867,4.173,1.497,6.919
297,34.751,4.268,1.493,5.132
298,34.633,4.794,1.49,6.38
299,34.518,3.401,1.487,4.862
300,34.409,4.27,1.484,4.539
301,34.3,4.23,1.481,4.015
302,34.192,4.436,1.477,5.663
303,34.085,4.8,1.474,5.146
304,33.977,5.413,1.471,6.101
305,33.866,4.088,1.468,5.369
306,33.75,4.871,1.465,5.251
307,33.627,3.451,1.462,4.083
308,33.5,3.748,1.459,4.927
309,33.367,4.69,1.455,5.732
310,33.233,4.241,1.452,4.744
311,33.096,3.349,1.449,4.093
312,32.958,4.965,1.446,4.931
313,32.818,5.729,1.443,4.194
314,32.675,5.577,1.44,4.842
315,32.529,4.29,1.437,4.453
316,32.379,5.149,1.434,4.455
317,32.224,3.568,1.43,4.542
318,32.06,3.68,1.427,4.996
319,31.889,3.36,1.424,5.188
320,31.713,3.849,1.421,4.551
321,31.536,4.405,1.418,4.125
322,31.361,4.124,1.415,6.229
323,31.185,4.566,1.412,4.684
324,31.016,4.355,1.409,4.267
325,30.86,3.497,1.405,4.42
326,30.72,4.035,1.402,5.64
327,30.601,3.629,1.399,5.193
328,30.498,4.687,1.396,3.874
329,30.398,3.547,1.393,3.626
330,30.291,3.301,1.39,3.945
331,30.169,4.096,1.387,4.718
332,30.029,4.041,1.384,6.322
333,29.879,3.588,1.38,5.397
334,29.724,3.258,1.377,7.36
335,29.563,2.929,1.374,5.372
336,29.405,3.484,1.371,4.726
337,29.262,4.49,1.368,4.486
338,29.127,3.502,1.365,5.236
339,28.991,4.741,1.361,3.941
340,28.852,4.417,1.358,4.787
341,28.715,5.442,1.355,5.099
342,28.575,4.816,1.352,3.958
343,28.431,3.163,1.349,5.546
344,28.285,3.222,1.346,4.664
345,28.137,2.809,1.342,4.648
346,27.985,3.427,1.339,4.717
347,27.832,3.297,1.336,5.007
348,27.677,4.467,1.333,4.926
349,27.522,3.977,1.33,4.346
350,27.368,4.124,1.327,4.87
351,27.213,2.618,1.323,4.615
352,27.06,3.176,1.32,4.271
353,26.907,3.645,1.317,4.38
354,26.753,3.132,1.314,4.064
355,26.595,4.506,1.311,3.815
356,26.436,4.101,1.307,3.619
357,26.274,3.355,1.304,6.518
358,26.112,4.119,1.301,4.234
359,25.947,4.429,1.298,4.061
360,25.782,3.244,1.294,3.922
361,25.615,2.959,1.291,4.868
362,25.447,2.895,1.288,4.532
363,25.277,4.343,1.285,4.22
364,25.105,3.684,1.281,4.229
365,24.932,2.696,1.278,4.328
366,24.758,2.922,1.275,5.235
367,24.581,3.251,1.272,4.776
368,24.401,4.38,1.268,4.75
369,24.219,3.683,1.265,4.481
370,24.034,3.353,1.262,4.28
371,23.846,4.249,1.259,3.773
372,23.656,4.691,1.255,3.733
373,23.463,3.03,1.252,3.776
374,23.265,3.702,1.249,6.749
375,23.065,3.84,1.245,5.436
376,22.862,3.212,1.242,4.93
377,22.657,3.995,1.239,3.572
378,22.447,2.721,1.236,4.396
379,22.232,3.174,1.232,5.352
380,22.013,2.812,1.229,4.278
381,21.788,3.096,1.226,3.505
382,21.561,2.915,1.222,3.351
383,21.332,2.705,1.219,3.797
384,21.102,4.773,1.216,4.505
385,20.87,3.58,1.213,5.35
386,20.638,3.357,1.209,4.592
387,20.409,3.485,1.206,3.342
388,20.193,3.753,1.203,4.221
389,19.987,3.358,1.199,4.269
390,19.796,4.44,1.196,4.241
391,19.605,4.75,1.193,4.251
392,19.408,3.048,1.19,4.218
393,19.199,2.835,1.186,4.535
394,18.985,3.361,1.183,4.448
395,18.781,3.206,1.18,4.135
396,18.591,2.325,1.176,3.51
397,18.419,2.435,1.173,3.828
398,18.264,3.519,1.17,8.986
399,18.109,4.504,1.167,9.584
400,17.943,3.195,1.163,5.807
401,17.763,3.568,1.16,4.747
402,17.574,2.895,1.157,5.212
403,17.376,2.776,1.154,5.064
404,17.177,3.3,1.15,3.594
405,16.981,3.418,1.147,3.398
406,16.793,3.04,1.144,4.259
407,16.613,3.107,1.141,4.85
408,16.434,3.198,1.137,3.886
409,16.258,2.985,1.134,4.586
410,16.082,3.348,1.131,4.614
411,15.907,3.531,1.128,3.637
412,15.733,3.401,1.125,5
413,15.558,3.05,1.121,4.654
414,15.381,3.397,1.118,3.886
415,15.201,2.669,1.115,4.166
416,15.02,2.827,1.112,3.78
417,14.839,2.921,1.109,3.893
418,14.658,3.131,1.106,4.098
419,14.478,3.801,1.103,3.352
420,14.303,3.409,1.1,3.449
421,14.13,3.125,1.096,4.213
422,13.958,2.452,1.093,3.947
423,13.789,2.872,1.09,3.378
424,13.619,3.164,1.087,4.051
425,13.448,3.245,1.084,6.291
426,13.276,2.827,1.081,3.958
427,13.105,2.728,1.078,3.463
428,12.935,2.627,1.075,2.803
429,12.767,2.98,1.072,4.061
430,12.599,3.228,1.069,3.762
431,12.433,5.756,1.066,5.271
432,12.268,2.465,1.063,4.572
433,12.104,2.375,1.061,5.659
434,11.94,2.65,1.058,4.62
435,11.777,2.805,1.055,3.724
436,11.615,2.776,1.052,3.821
437,11.453,4.53,1.049,3.371
438,11.293,3.256,1.046,3.567
439,11.133,3.89,1.044,4.94
440,10.975,3.685,1.041,3.7
441,10.817,4.189,1.038,3.877
442,10.661,3.08,1.035,3.874
443,10.505,2.997,1.033,5.259
444,10.351,3.103,1.03,4.381
445,10.198,2.846,1.027,4.059
446,10.046,3.461,1.025,3.241
447,9.894,2.699,1.022,3.398
448,9.744,3.247,1.019,3.262
449,9.594,2.301,1.017,3.931
450,9.445,2.304,1.014,4.027
451,9.298,4.452,1.012,3.577
452,9.151,5.037,1.009,3.903
453,9.005,4.457,1.007,3.056
454,8.86,5.264,1.004,3.421
455,8.715,4.636,1.002,3.581
456,8.573,4.113,0.999,2.947
457,8.432,3.955,0.997,3.172
458,8.292,3.331,0.994,5.007
459,8.153,3.909,0.992,4.433
460,8.015,3.465,0.99,3.64
461,7.88,3.686,0.988,3.104
462,7.746,4.888,0.985,2.639
463,7.613,4.536,0.983,3.406
464,7.48,4.011,0.981,3.985
465,7.35,3.801,0.979,3.67
466,7.219,3.245,0.976,4.225
467,7.091,3.255,0.974,3.146
468,6.963,2.586,0.972,3.988
469,6.837,4.66,0.97,3.684
470,6.714,5.746,0.968,4.377
471,6.592,3.309,0.966,3.724
472,6.471,3.032,0.964,3.305
473,6.353,2.951,0.962,3.579
474,6.237,3.898,0.96,3.833
475,6.123,4.057,0.958,4.114
476,6.011,3.436,0.956,3.642
477,5.901,3.646,0.954,3.373
478,5.793,3.326,0.952,4.005
479,5.689,3.381,0.951,4.54
480,5.589,3.042,0.949,3.276
481,5.491,3.233,0.947,3.246
482,5.392,4.111,0.945,3.462
483,5.296,4.66,0.944,5.233
484,5.202,3.68,0.942,4.628
485,5.109,3.729,0.94,2.999
486,5.017,4.235,0.938,2.669
487,4.927,2.847,0.937,2.96
488,4.838,3.53,0.935,4.743
489,4.751,3.071,0.934,3.575
490,4.665,4.285,0.932,2.377
491,4.58,2.978,0.931,3.353
492,4.496,3.168,0.929,4.322
493,4.413,2.874,0.928,4.23
494,4.332,4.141,0.926,3.051
495,4.252,3.764,0.925,3.146
496,4.173,3.425,0.923,3.068
497,4.095,3.187,0.922,3.209
498,4.019,3.587,0.921,3.281
499,3.944,3.216,0.919,2.918
500,3.87,3.11,0.918,3.24
501,3.798,3.059,0.917,4.296
502,3.728,4.927,0.915,2.924
503,3.658,3.47,0.914,4.3
504,3.59,3.182,0.913,4.688
505,3.523,2.794,0.912,3.344
506,3.458,2.718,0.91,3.191
507,3.394,2.497,0.909,2.924
508,3.331,4.217,0.908,2.525
509,3.27,2.994,0.907,3.282
510,3.21,3.542,0.906,4.408
511,3.151,3.566,0.905,3.133
512,3.093,3.138,0.904,3.562
513,3.035,3.718,0.903,3.274
514,2.98,3.125,0.902,3.922
515,2.925,2.77,0.901,4.03
516,2.871,3.773,0.9,4.362
517,2.819,3.217,0.899,4.21
518,2.767,2.666,0.898,4.247
519,2.717,2.62,0.897,3.126
520,2.668,3.121,0.896,2.956
521,2.621,3.473,0.895,3.038
522,2.575,2.602,0.894,3.969
523,2.53,3.214,0.893,3.154
524,2.486,3.284,0.892,4.105
525,2.443,2.817,0.892,3.052
526,2.401,3.099,0.891,3.494
527,2.36,2.547,0.89,3.256
528,2.319,3.07,0.889,3.998
529,2.28,3.055,0.888,2.968
530,2.242,2.485,0.888,3.104
531,2.205,3.467,0.887,3.027
532,2.17,2.724,0.886,2.595
533,2.135,3.845,0.886,3.218
534,2.101,2.179,0.885,3.202
535,2.068,3.141,0.884,3.8
536,2.036,3.035,0.883,3.482
537,2.004,2.832,0.883,3.442
538,1.973,2.504,0.882,3.676
539,1.944,2.511,0.881,2.491
540,1.915,2.784,0.881,2.918
541,1.887,2.149,0.88,3.541
542,1.859,3.208,0.88,2.71
543,1.833,3.288,0.879,3.009
544,1.806,4.062,0.878,4.031
545,1.781,2.994,0.878,4.088
546,1.756,2.877,0.877,3.897
547,1.731,2.364,0.877,3.086
548,1.707,2.47,0.876,3.679
549,1.684,2.802,0.876,2.508
550,1.661,2.211,0.875,3.349
551,1.638,3.976,0.875,2.886
552,1.616,2.685,0.874,3.421
553,1.595,2.644,0.874,3.066
554,1.574,2.771,0.873,2.95
555,1.554,2.006,0.873,2.775
556,1.534,2.663,0.872,3.109
557,1.515,5.168,0.872,3.064
558,1.496,3.886,0.871,2.899
559,1.477,3.232,0.871,2.803
560,1.459,3.553,0.87,2.756
561,1.442,2.389,0.87,3.253
562,1.424,2.579,0.869,3.505
563,1.407,2.248,0.869,3.464
564,1.391,2.369,0.869,2.662
565,1.375,3.459,0.868,3.627
566,1.359,2.452,0.868,3.024
567,1.343,3.031,0.867,2.907
568,1.328,3.076,0.867,2.654
569,1.312,2.481,0.866,3.024
570,1.297,2.431,0.866,4.127
571,1.282,2.569,0.866,3.691
572,1.267,3.818,0.865,3.487
573,1.253,2.296,0.865,2.347
574,1.24,2.516,0.865,3.38
575,1.228,2.508,0.864,3.854
576,1.215,2.789,0.864,3.054
577,1.203,2.834,0.863,2.944
578,1.191,3.025,0.863,2.647
579,1.179,3.064,0.863,2.794
580,1.168,2.914,0.862,3.051
581,1.156,3.203,0.862,2.783
582,1.145,3.034,0.862,3.205
583,1.134,2.173,0.861,2.642
584,1.124,2.626,0.861,2.979
585,1.113,2.748,0.861,3.602
586,1.103,2.714,0.86,2.688
587,1.093,2.684,0.86,2.679
588,1.084,2.602,0.86,2.728
589,1.074,3.459,0.859,3.168
590,1.065,2.979,0.859,3.43
591,1.055,2.873,0.859,2.325
592,1.047,2.844,0.858,2.657
593,1.038,2.943,0.858,2.432
594,1.029,3.531,0.858,2.803
595,1.021,1.869,0.858,3.492
596,1.013,3.208,0.857,2.779
597,1.005,2.223,0.857,3.189
598,0.997,3.513,0.857,2.596
599,0.989,3.298,0.856,2.638
600,0.981,2.107,0.856,2.897
601,0.974,1.977,0.856,3.22
602,0.967,2.616,0.855,2.882
603,0.96,2.797,0.855,2.86
604,0.953,2.477,0.855,2.591
605,0.946,2.559,0.855,3.103
606,0.939,3.033,0.854,3.066
607,0.933,2.691,0.854,3.057
608,0.926,2.826,0.854,2.33
609,0.92,2.632,0.853,2.62
610,0.914,2.317,0.853,2.75
611,0.908,2.382,0.853,2.949
612,0.902,2.288,0.853,2.759
613,0.896,2.305,0.852,3.439
614,0.89,2.169,0.852,3.235
615,0.885,2.271,0.852,3.292
616,0.879,2.221,0.851,3.154
617,0.873,2.835,0.851,2.743
618,0.867,2.704,0.851,3.067
619,0.862,2.691,0.851,2.788
620,0.857,2.314,0.85,3.407
621,0.852,2.831,0.85,3.297
622,0.847,2.21,0.85,2.678
623,0.842,2.032,0.85,3.261
624,0.838,2.432,0.849,3.183
625,0.833,3.632,0.849,2.688
626,0.83,3.032,0.849,2.986
627,0.828,2.707,0.848,2.718
628,0.83,2.097,0.848,2.973
629,0.839,2.571,0.848,2.76
630,0.857,2.513,0.848,2.223
631,0.89,2.006,0.847,2.473
632,0.912,2.941,0.847,2.231
633,0.936,2.355,0.847,2.852
634,0.894,2.335,0.847,1.926
635,0.844,2.463,0.846,3.258
636,0.797,3.259,0.846,2.693
637,0.787,3.073,0.846,3.015
638,0.807,2.529,0.846,2.944
639,0.829,2.52,0.845,2.943
640,0.844,1.992,0.845,3.178
641,0.823,1.879,0.845,3.691
642,0.796,1.509,0.845,2.503
643,0.77,2.541,0.844,2.785
644,0.758,3.82,0.844,2.575
645,0.759,2.585,0.844,2.7
646,0.768,2.076,0.844,3.799
647,0.779,2.398,0.843,2.923
648,0.78,2.625,0.843,2.401
649,0.773,2.305,0.843,2.245
650,0.758,2.04,0.843,2.618
651,0.743,2.656,0.842,3.534
652,0.734,2.635,0.842,3.039
653,0.729,2.067,0.842,3.43
654,0.728,2.117,0.842,2.715
655,0.729,2.426,0.841,2.889
656,0.732,1.984,0.841,2.225
657,0.735,2.102,0.841,1.995
658,0.735,2.845,0.841,2.54
659,0.734,2.359,0.84,2.539
660,0.727,2.599,0.84,2.276
661,0.719,1.882,0.84,2.917
662,0.711,2.133,0.839,2.965
663,0.704,2.631,0.839,2.892
664,0.699,2.664,0.839,3.607
665,0.695,2.066,0.839,6.066
666,0.692,2.699,0.838,2.753
667,0.69,2.871,0.838,2.26
668,0.689,2.461,0.838,3.002
669,0.688,2.207,0.838,2.447
670,0.689,2.224,0.837,2.035
671,0.69,2.469,0.837,1.685
672,0.692,2.363,0.837,3.075
673,0.694,2.201,0.837,2.229
674,0.697,2.108,0.836,2.579
675,0.697,2.712,0.836,3.046
676,0.697,2.221,0.836,2.201
677,0.695,2.807,0.836,2.538
678,0.692,2.295,0.835,2.343
679,0.687,2.66,0.835,2.178
680,0.682,1.874,0.835,2.269
681,0.675,2.165,0.835,2.537
682,0.667,2.172,0.834,3.736
683,0.661,1.961,0.834,3.523
684,0.655,2.36,0.834,2.485
685,0.65,1.709,0.834,2.466
686,0.647,1.774,0.834,2.038
687,0.644,1.623,0.833,2.204
688,0.642,2.05,0.833,2.111
689,0.64,2.191,0.833,2.186
690,0.639,3.144,0.833,1.822
691,0.638,2.489,0.832,1.828
692,0.638,2.037,0.832,2.461
693,0.639,2.1,0.832,2.799
694,0.641,2.633,0.832,3.406
695,0.643,2.001,0.831,2.874
696,0.646,1.813,0.831,3.322
697,0.651,2.297,0.831,2.816
698,0.649,2.469,0.831,2.395
699,0.649,1.851,0.83,1.854
700,0.638,1.862,0.83,2.001
701,0.628,2.105,0.83,2.692
702,0.618,2.423,0.83,2.623
703,0.614,2.343,0.829,2.004
704,0.616,2.211,0.829,1.861
705,0.62,2.863,0.829,2.625
706,0.623,2.469,0.829,2.546
707,0.618,2.171,0.828,2.329
708,0.615,1.994,0.828,2.587
709,0.609,2.677,0.828,2.605
710,0.604,2.574,0.828,2.823
711,0.6,2.345,0.827,2.667
712,0.598,4.208,0.827,2.865
713,0.596,3.055,0.827,2.52
714,0.594,2.043,0.827,1.751
715,0.593,1.52,0.826,2.536
716,0.592,2.164,0.826,2.633
717,0.591,2.005,0.826,1.827
718,0.592,2.385,0.826,2.224
719,0.596,1.955,0.825,3.176
720,0.604,2.029,0.825,3.386
721,0.62,2.939,0.825,2.454
722,0.63,2.742,0.825,3.128
723,0.644,2.512,0.824,1.742
724,0.65,2.061,0.824,2.4
725,0.649,2.137,0.824,2.185
726,0.641,2.723,0.824,2.457
727,0.622,2.412,0.823,2.152
728,0.6,1.796,0.823,2.897
729,0.581,1.701,0.823,1.863
730,0.57,1.871,0.823,2.119
731,0.574,1.889,0.822,2.571
732,0.585,2.031,0.822,2.724
733,0.59,2.119,0.822,2.568
734,0.589,2.187,0.822,2.723
735,0.579,2.184,0.821,2.095
736,0.569,2.456,0.821,2.794
737,0.559,2.04,0.821,2.526
738,0.559,1.975,0.821,2.966
739,0.567,1.711,0.82,1.915
740,0.58,2.258,0.82,2.677
741,0.599,1.695,0.82,2.273
742,0.604,1.829,0.82,2.32
743,0.605,2.025,0.819,2.656
744,0.59,3.168,0.819,2.293
745,0.569,2.898,0.819,2.107
746,0.551,1.792,0.819,2.876
747,0.547,2.317,0.818,2.358
748,0.557,1.716,0.818,2.112
749,0.57,2.075,0.818,2.128
750,0.577,2.176,0.818,2.24
751,0.571,1.718,0.817,1.903
752,0.558,2.295,0.817,2.373
753,0.545,2.463,0.817,2.653
754,0.536,2.403,0.817,2.624
755,0.54,2.221,0.816,2.406
756,0.549,1.613,0.816,2.019
757,0.552,2.51,0.816,2.145
758,0.548,2.115,0.816,2.819
759,0.541,2.239,0.815,2.862
760,0.532,2.181,0.815,2.101
761,0.527,1.816,0.815,2.017
762,0.526,3.024,0.815,1.852
763,0.529,2.002,0.814,1.665
764,0.534,1.702,0.814,2.506
765,0.54,2.137,0.814,3.045
766,0.547,2.221,0.814,2.754
767,0.55,2.715,0.813,2.816
768,0.553,2.374,0.813,1.859
769,0.542,1.756,0.813,2.368
770,0.53,2.454,0.813,2.224
771,0.518,2.236,0.812,2.47
772,0.513,2.223,0.812,2.54
773,0.515,2.467,0.812,2.265
774,0.524,1.939,0.812,2.271
775,0.537,2.314,0.811,2.468
776,0.541,1.941,0.811,2.186
777,0.542,1.893,0.811,2.464
778,0.532,1.765,0.811,2.383
779,0.519,1.802,0.81,2.222
780,0.508,2.263,0.81,2.22
781,0.502,1.617,0.81,1.75
782,0.503,2.767,0.81,2.033
783,0.507,2.211,0.809,2.103
784,0.512,2.672,0.809,2.474
785,0.516,2.64,0.809,2.327
786,0.514,2.466,0.809,2.322
787,0.51,1.426,0.808,2.149
788,0.505,2.398,0.808,3.696
789,0.499,1.921,0.808,2.461
790,0.494,2.008,0.808,1.872
791,0.49,1.837,0.807,2.136
792,0.489,1.747,0.807,1.85
793,0.49,1.932,0.807,2.558
794,0.489,1.745,0.807,2.517
795,0.489,1.92,0.806,2.147
796,0.488,1.533,0.806,2.307
797,0.486,1.588,0.806,3.177
798,0.484,2.377,0.805,2.723
799,0.482,1.938,0.805,2.199
800,0.48,1.585,0.805,2.21
801,0.479,1.934,0.805,1.975
802,0.479,2.123,0.804,1.602
803,0.479,1.783,0.804,2.483
804,0.48,2.414,0.804,2.318
805,0.481,2.18,0.804,2.139
806,0.481,2.24,0.803,2.344
807,0.482,2.664,0.803,2.065
808,0.482,2.411,0.803,1.692
809,0.482,2.198,0.803,1.909
810,0.483,1.65,0.802,1.819
811,0.484,2.703,0.802,2.536
812,0.481,2.02,0.802,3.04
813,0.479,2.167,0.802,2.462
814,0.472,1.866,0.801,2.168
815,0.467,1.796,0.801,2.251
816,0.463,1.476,0.801,2.176
817,0.462,1.253,0.801,2.277
818,0.464,1.515,0.8,2.336
819,0.464,2.03,0.8,1.77
820,0.463,2.253,0.8,1.973
821,0.46,1.71,0.8,2.157
822,0.457,1.708,0.799,2.114
823,0.455,1.542,0.799,2.559
824,0.454,1.822,0.799,2.205
825,0.455,2.373,0.799,2.389
826,0.457,2.346,0.798,2.299
827,0.461,2.062,0.798,1.672
828,0.471,1.65,0.798,1.97
829,0.478,2.533,0.797,2.161
830,0.488,2.014,0.797,2.305
831,0.498,2.121,0.797,3.126
832,0.511,1.55,0.797,2.287
833,0.523,2.45,0.796,2.354
834,0.535,2.397,0.796,2.264
835,0.551,3.495,0.796,2.242
836,0.563,3.717,0.796,2.324
837,0.566,2.338,0.795,1.896
838,0.552,2.912,0.795,2.491
839,0.523,2.089,0.795,2.102
840,0.48,2.621,0.795,2.298
841,0.447,2.527,0.794,2.119
842,0.436,2.519,0.794,2.767
843,0.446,2.593,0.794,2.275
844,0.466,2.545,0.794,1.782
845,0.474,2.106,0.793,1.817
846,0.471,1.744,0.793,1.975
847,0.455,1.704,0.793,1.863
848,0.438,1.858,0.792,2.298
849,0.429,2.116,0.792,2.193
850,0.436,1.642,0.792,2.172
851,0.448,2.023,0.792,1.88
852,0.453,2.224,0.791,2.443
853,0.449,1.916,0.791,2.427
854,0.437,2.461,0.791,2.377
855,0.426,2.148,0.791,2.208
856,0.424,2.106,0.79,1.994
857,0.428,2.216,0.79,1.893
858,0.432,1.67,0.79,2.545
859,0.433,1.718,0.79,2.512
860,0.428,1.412,0.789,2.21
861,0.422,1.387,0.789,2.225
862,0.418,1.716,0.789,1.751
863,0.418,1.493,0.788,2.987
864,0.418,2.065,0.788,2.304
865,0.418,2.636,0.788,1.939
866,0.417,2.325,0.788,2.059
867,0.414,1.792,0.787,2.074
868,0.412,1.911,0.787,1.963
869,0.411,2.063,0.787,2.013
870,0.411,1.801,0.787,2.753
871,0.411,1.604,0.786,2.041
872,0.41,1.634,0.786,2.065
873,0.409,1.538,0.786,2.986
874,0.407,1.934,0.786,2.028
875,0.406,2.816,0.785,2.212
876,0.405,2.327,0.785,1.677
877,0.404,1.417,0.785,1.794
878,0.403,1.82,0.784,1.726
879,0.403,1.696,0.784,2.294
880,0.403,2.042,0.784,1.962
881,0.403,2.05,0.784,2.261
882,0.404,1.573,0.783,2.674
883,0.402,1.767,0.783,2.253
884,0.401,1.772,0.783,1.926
885,0.398,1.766,0.783,2.317
886,0.396,1.977,0.782,2.083
887,0.396,1.807,0.782,1.888
888,0.396,1.755,0.782,2.153
889,0.397,1.986,0.781,2.045
890,0.399,1.58,0.781,2.379
891,0.402,2.157,0.781,2.022
892,0.407,2.153,0.781,1.52
893,0.414,1.632,0.78,1.813
894,0.415,1.922,0.78,2.16
895,0.416,1.984,0.78,1.775
896,0.411,2.26,0.78,2.588
897,0.403,1.544,0.779,1.792
898,0.395,2.062,0.779,1.974
899,0.39,1.476,0.779,2.202
900,0.386,2.276,0.778,1.998
901,0.384,2.555,0.778,1.47
902,0.383,2.259,0.778,1.784
903,0.382,1.587,0.778,1.934
904,0.383,1.966,0.777,1.732
905,0.384,1.293,0.777,2.068
906,0.386,1.46,0.777,1.774
907,0.389,1.831,0.776,1.847
908,0.392,2.076,0.776,1.927
909,0.398,1.479,0.776,1.854
910,0.404,1.998,0.776,2.721
911,0.413,2.127,0.775,2.925
912,0.415,1.857,0.775,1.747
913,0.417,1.743,0.775,1.94
914,0.415,1.346,0.775,1.599
915,0.41,1.7,0.774,1.687
916,0.403,1.707,0.774,1.721
917,0.393,1.578,0.774,1.81
918,0.384,1.35,0.773,2.823
919,0.375,1.535,0.773,2.149
920,0.369,1.22,0.773,1.839
921,0.368,2.006,0.773,1.579
922,0.37,1.998,0.772,1.518
923,0.372,1.475,0.772,1.797
924,0.372,1.517,0.772,1.923
925,0.37,1.987,0.771,3.072
926,0.367,2.056,0.771,2.182
927,0.364,2.083,0.771,1.797
928,0.362,1.864,0.771,1.582
929,0.362,1.282,0.77,2.046
930,0.362,1.313,0.77,1.557
931,0.363,1.502,0.77,1.613
932,0.364,1.4,0.769,1.961
933,0.365,1.477,0.769,1.963
934,0.366,1.549,0.769,1.979
935,0.369,1.507,0.769,1.729
936,0.37,1.46,0.768,2.318
937,0.373,1.923,0.768,1.982
938,0.376,1.745,0.768,2.068
939,0.38,1.974,0.767,2.064
940,0.382,1.924,0.767,2.628
941,0.387,1.433,0.767,3.098
942,0.386,1.075,0.767,1.59
943,0.386,1.507,0.766,1.686
944,0.383,1.206,0.766,1.483
945,0.379,1.699,0.766,1.515
946,0.373,2.092,0.765,2.294
947,0.367,1.852,0.765,1.713
948,0.36,1.599,0.765,2.008
949,0.353,1.386,0.765,2.17
950,0.347,1.212,0.764,2.11
951,0.345,1.761,0.764,2.799
952,0.346,3.763,0.764,1.641
953,0.347,2.469,0.763,2.062
954,0.35,1.722,0.763,1.591
955,0.35,1.119,0.763,1.625
956,0.35,1.521,0.763,1.688
957,0.348,1.181,0.762,2.935
958,0.346,1.233,0.762,2.116
959,0.342,1.625,0.762,1.893
960,0.34,1.648,0.761,1.884
961,0.338,1.637,0.761,1.401
962,0.337,1.331,0.761,2.292
963,0.337,1.142,0.761,2.261
964,0.336,2.116,0.76,2.104
965,0.336,1.536,0.76,1.937
966,0.336,1.372,0.76,1.368
967,0.336,1.962,0.759,1.632
968,0.335,1.193,0.759,1.399
969,0.335,1.443,0.759,2.309
970,0.335,1.621,0.759,3.226
971,0.334,1.224,0.758,1.397
972,0.334,2.621,0.758,1.616
973,0.334,1.977,0.758,2.01
974,0.334,1.723,0.757,1.81
975,0.336,1.432,0.757,2.198
976,0.34,1.748,0.757,2.045
977,0.348,1.962,0.756,1.665
978,0.36,2.082,0.756,1.528
979,0.384,1.901,0.756,1.402
980,0.416,1.775,0.756,1.72
981,0.471,2.177,0.755,2.041
982,0.543,1.273,0.755,2.067
983,0.629,1.028,0.755,2.066
984,0.69,1.322,0.754,1.804
985,0.671,1.208,0.754,1.371
986,0.547,1.863,0.754,1.522
987,0.393,1.342,0.754,1.639
988,0.321,2.003,0.753,1.894
989,0.37,2.488,0.753,1.548
990,0.467,1.696,0.753,1.396
991,0.507,1.148,0.752,1.733
992,0.46,1.788,0.752,1.575
993,0.365,2.693,0.752,1.481
994,0.317,1.392,0.752,1.648
995,0.346,1.087,0.751,1.572
996,0.391,1.273,0.751,1.531
997,0.397,1.206,0.751,1.755
998,0.355,1.256,0.75,2.533
999,0.317,1.69,0.75,2.466
,,1.418,,1.675
,,1.222,,2.073
,,1.641,,2.439
,,1.586,,1.794
,,2.404,,1.725
,,1.629,,1.696
,,1.75,,1.954
,,1.586,,1.601
,,1.932,,1.911
,,1.413,,1.525
,,1.431,,1.568
,,1.647,,2.086
,,1.831,,2.478
,,1.492,,2.506
,,1.285,,1.874
,,1.186,,1.452
,,1.421,,1.301
,,1.176,,1.74
,,1.723,,1.57
,,1.296,,1.435
,,1.188,,1.665
,,1.493,,2.445
,,1.989,,1.469
,,1.966,,1.258
,,1.527,,1.362
,,1.175,,1.59
,,1.194,,1.922
,,1.318,,1.814
,,1.182,,1.928
,,0.959,,1.441
,,1.244,,1.583
,,2.354,,1.606
,,1.662,,1.567
,,1.198,,1.685
,,1.075,,1.436
,,1.35,,1.243
,,1.627,,1.853
,,1.941,,1.669
,,2.204,,1.456
,,1.603,,1.837
,,1.626,,2.423
,,1.113,,1.603
,,1.371,,2.046
,,1.192,,1.911
,,1.36,,1.928
,,1.797,,1.859
,,1.945,,1.343
,,2.348,,1.85
,,3.188,,1.955
,,1.545,,1.855
,,1.643,,1.744
,,1.021,,1.505
,,1.075,,1.321
,,1.055,,1.564
,,1.275,,1.895
,,1.375,,1.224
,,1.757,,2.048
,,2.125,,1.762
,,1.8,,2.015
,,1.814,,1.38
,,1.064,,2.336
,,1.231,,1.311
,,1.506,,1.344
,,1.622,,1.335
,,1.17,,1.824
,,1.274,,1.906
,,1.393,,2.005
,,1.129,,2.039
,,1.214,,1.437
,,1.267,,1.359
,,1.55,,1.658
,,1.101,,1.614
,,1.564,,2.292
,,1.649,,1.4
,,1.41,,1.282
,,1.256,,1.559
,,1.361,,1.732
,,1.961,,1.808
,,1.393,,1.786
,,1.242,,1.287
,,1.125,,1.915
,,1.195,,1.661
,,1.624,,1.52
,,1.437,,1.343
,,1.589,,1.568
,,1.345,,1.364
,,1.11,,1.499
,,1.204,,1.573
,,2.209,,1.706
,,1.707,,1.925
,,1.804,,2.114
,,1.209,,1.947
,,0.953,,1.77
,,1.053,,1.356
,,1.264,,1.989
,,1.589,,1.94
,,2.267,,1.515
,,1.201,,1.336
,,1.067,,1.943
,,1.012,,1.383
,,0.912,,1.531
,,1.122,,2.062
,,1.437,,2.05
,,1.64,,1.556
,,1.493,,1.602
,,2.745,,1.727
,,1.694,,1.635
,,1.234,,1.459
,,1.365,,1.191
,,1.86,,1.594
,,1.582,,1.586
,,1.191,,1.666
,,1.449,,2.065
,,1.058,,1.549
,,0.938,,1.649
,,2.197,,1.767
,,1.745,,1.737
,,1.262,,1.501
,,1.095,,1.429
,,1.045,,1.456
,,1.54,,2.142
,,1.131,,1.768
,,1.106,,1.335
,,2.874,,1.439
,,2.025,,1.554
,,1.213,,2.208
,,1.143,,1.261
,,1.386,,1.266
,,1.306,,1.828
,,1.267,,2.074
,,1.922,,1.681
,,1.553,,1.313
,,2.099,,1.236
,,1.777,,1.184
,,1.425,,1.635
,,1.294,,1.456
,,1.073,,2.33
,,1.315,,1.592
,,1.365,,1.142
,,0.99,,1.184
,,1.315,,2.41
,,2.297,,1.201
,,1.195,,1.672
,,1.736,,1.931
,,1.597,,1.348
,,1.72,,1.354
,,1.12,,1.071
,,1.08,,1.539
,,1.952,,1.105
,,1.608,,1.28
,,1.413,,1.546
,,1.073,,1.413
,,1.458,,1.271
,,1.644,,1.406
,,1.344,,1.903
,,1.464,,1.664
,,0.992,,1.556
,,1.144,,1.797
,,1.204,,1.387
,,1.104,,1.619
,,1.522,,1.475
,,2.047,,1.333
,,1.196,,1.86
,,1.172,,1.471
,,1.328,,1.78
,,2.283,,1.122
,,1.427,,1.106
,,1.255,,0.98
,,1.12,,1.916
,,1.249,,1.357
,,1.258,,1.577
,,1.439,,1.548
,,1.551,,1.525
,,1.397,,1.325
,,1.179,,1.661
,,1.081,,1.774
,,1.319,,1.252
,,1.068,,1.27
,,1.132,,1.724
,,1.071,,1.756
,,2.542,,1.436
,,1.67,,1.539
,,1.006,,2.337
,,1.269,,1.674
,,1.264,,1.554
,,1.558,,1.179
,,1.695,,1.763
,,1.228,,1.202
,,0.876,,1.226
,,1.215,,0.929
,,1.85,,1.396
,,1.52,,2.885
,,1.366,,1.697
,,1.707,,1.267
,,1.191,,1.286
,,1.393,,1.438
,,1.51,,1.233
,,1.667,,1.371
,,1.234,,1.511
,,1.233,,1.447
,,1.032,,1.543
,,1.385,,1.554
,,1.116,,1.049
,,1.281,,1.042
,,1.141,,1.228
,,1.182,,1.206
,,1.105,,1.297
,,0.935,,1.67
,,1.183,,1.74
,,2.48,,1.387
,,1.55,,1.045
,,1.599,,1.194
,,0.94,,1.575
,,1.22,,1.193
,,1.289,,1.186
,,1.348,,1.803
,,1.633,,1.221
,,1.348,,2.447
,,1.354,,1.223
,,1.629,,1.398
,,1.299,,0.888
,,1.435,,1.295
,,1.179,,1.297
,,1.062,,1.272
,,1.205,,1.193
,,1.374,,1.766
,,0.85,,2.62
,,0.912,,1.173
,,1.843,,1.058
,,1.505,,0.843
,,1.297,,1.656
,,1.485,,1.415
,,1.402,,1.529
,,1.063,,1.794
,,0.885,,1.628
,,0.946,,1.211
,,1.244,,1.506
,,1.202,,1.796
,,1.386,,1.324
,,1.645,,1.835
,,1.742,,1.643
,,0.951,,1.072
,,0.926,,1.393
,,1.313,,1.191
,,1.419,,0.975
,,1.046,,1.403
,,1.038,,1.932
,,0.946,,1.139
,,1.934,,1.143
,,0.992,,1.441
,,1.032,,1.853
,,1.156,,1.232
,,1.256,,0.828
,,1.018,,1.161
,,0.743,,1.302
,,0.911,,1.181
,,1.387,,1.007
,,1.181,,1.611
,,1.018,,1.325
,,1.184,,1.425
,,0.788,,1.481
,,0.932,,1.311
,,1.171,,0.965
,,0.967,,1.458
,,1.4,,1.273
,,1.272,,1.154
,,1.05,,1.426
,,0.816,,1.242
,,1.888,,1.27
,,1.692,,1.144
,,1.323,,1.237
,,0.821,,1.382
,,1.222,,1.806
,,1.44,,1.744
,,1.273,,1.177
,,1.178,,0.99
,,1.439,,0.918
,,1.198,,1.064
,,1.03,,1.234
,,1,,1.092
,,0.933,,1.328
,,1.423,,1.262
,,1.398,,1.407
,,1.354,,1.325
,,1.252,,2.102
,,1.205,,1.215
,,0.806,,1.226
,,0.996,,1.64
,,1.184,,1.425
,,1.21,,1.132
,,1.039,,1.37
,,1.132,,1.397
,,1.032,,1.155
,,1.702,,1.288
,,1.422,,1.038
,,1.37,,0.833
,,1.094,,1.76
,,1.182,,0.946
,,1.387,,1.583
,,1.132,,1.33
,,0.927,,1.264
,,0.823,,1.13
,,1.772,,1.207
,,1.171,,1.232
,,1.363,,1.191
,,0.958,,1.418
,,1.292,,1.586
,,1.144,,2.36
,,0.873,,2.33
,,1.419,,1.454
,,0.839,,1.285
,,1.089,,1.446
,,1.624,,1.205
,,1.111,,1.231
,,1.01,,1.075
,,1.196,,1.3
,,1.134,,1.992
,,1.626,,1.497
,,1.115,,1.151
,,1.089,,1.34
,,0.887,,1.264
,,0.785,,0.92
,,1.034,,1.123
,,1.495,,2.049
,,0.865,,1.498
,,1.203,,1.111
,,1.073,,1.309
,,1.022,,0.997
,,1.045,,1.768
,,0.951,,1.229
,,0.898,,1.03
,,0.859,,1.016
,,1.208,,0.862
,,1.118,,1.45
,,1.097,,1.234
,,1.429,,1.326
,,0.861,,1.112
,,1.405,,1.059
,,1.046,,1.491
,,1.993,,1.727
,,1.342,,1.22
,,0.984,,1.129
,,0.999,,1.236
,,0.831,,1.094
,,1.141,,1.101
,,1.075,,1.171
,,1.755,,1.328
,,0.998,,0.876
,,1.71,,1.157
,,1.307,,1.903
,,1.1,,1.281
,,0.967,,1.274
,,1.121,,1.038
,,1.107,,1.101
,,0.947,,0.995
,,0.994,,1.766
,,1.187,,0.834
,,1.061,,1.103
,,0.999,,0.935
,,0.883,,1.248
,,1.087,,1.446
,,0.97,,1.142
,,1.332,,0.986
,,1.218,,1.164
,,1.299,,1.664
,,1.44,,0.995
,,1.318,,0.863
,,1.102,,1.069
,,0.836,,2.945
,,0.725,,1.891
,,0.901,,1.191
,,0.844,,1.125
,,1.413,,1.079
,,1.556,,0.869
,,1.103,,0.957
,,1.115,,1.628
,,0.94,,1.354
,,0.803,,1.23
,,0.788,,1.101
,,1.127,,0.977
,,1.121,,1.367
,,0.892,,1.112
,,0.851,,1.284
,,1.763,,1.164
,,1.479,,1.017
,,1.101,,1.133
,,1.021,,1.033
,,1.084,,1.845
,,0.834,,1.941
,,0.714,,1.934
,,0.805,,1.875
,,0.985,,1.786
,,1.052,,0.983
,,1.127,,1.04
,,0.893,,1.05
,,0.789,,1.083
,,0.768,,1.255
,,0.942,,1.614
,,1.607,,1.569
,,0.748,,1.638
,,0.889,,1.267
,,1.295,,1.473
,,1.251,,1.143
,,1.27,,1.24
,,1.243,,1.933
,,1.004,,1.426
,,1.369,,1.158
,,1.182,,0.788
,,1.121,,1.072
,,0.912,,1.059
,,0.781,,1.743
,,0.816,,1.114
,,1.173,,1.712
,,0.841,,1.664
,,1.198,,1.129
,,1.333,,1.212
,,0.722,,1.103
,,0.996,,1.193
,,1.041,,1.19
,,1.437,,1.083
,,0.926,,0.875
,,0.865,,0.909
,,1.305,,1.337
,,0.956,,0.991
,,1.262,,1.095
,,0.947,,1.7
,,1.031,,1.576
,,1.337,,1.239
,,1.142,,1.268
,,1.248,,1.383
,,0.927,,1.49
,,1.02,,1.436
,,1.125,,1.045
,,1.191,,1.246
,,0.962,,1.175
,,1.79,,1.079
,,0.971,,1.329
,,0.818,,1.312
,,0.922,,1.195
,,0.891,,1.121
,,0.949,,1.171
,,1.324,,1.035
,,1.092,,0.989
,,0.927,,1.676
,,0.811,,0.902
,,0.993,,1.062
,,1.551,,1.133
,,1.093,,1.604
,,0.934,,1.087
,,1.398,,1.044
,,0.943,,0.864
,,0.896,,1.496
,,1.018,,1.313
,,0.912,,1.043
,,0.976,,1.077
,,1.209,,1.454
,,1.861,,1.36
,,1.036,,1.466
,,1.067,,0.971
,,0.917,,0.905
,,1.218,,1.092
,,1.326,,0.967
,,1.151,,1.149
,,1.681,,1.014
,,0.932,,1.592
,,1.013,,1.149
,,1.265,,1.006
,,1.109,,2.001
,,1.086,,1.269
,,1.246,,1.398
,,1.299,,1.198
,,0.925,,1.061
,,0.9,,1.222
,,0.73,,1.794
,,0.603,,1.796
,,0.999,,2.035
,,1.083,,1.045
,,1.266,,1.18
,,1.123,,1.149
,,0.818,,1.153
,,0.884,,1.09
,,0.936,,1.272
,,1.016,,1.497
,,1.1,,2.201
,,0.878,,1.331
,,1.039,,1.035
,,0.852,,1.387
,,0.874,,1.847
,,0.711,,1.13
,,1.506,,0.973
,,1.125,,1.147
,,0.932,,1.294
,,1.153,,1.219
,,0.848,,1.384
,,0.665,,1.181
,,0.675,,0.896
,,1.038,,1.492
,,1.061,,1.61
,,1.167,,1.071
,,1.042,,1.017
,,0.956,,1.306
,,1.015,,1.133
,,0.878,,1.313
,,1.046,,1.026
,,0.852,,1.427
,,1.174,,1.317
,,0.631,,1.092
,,1.256,,0.997
,,0.896,,0.961
,,0.728,,1.353
,,1.346,,1.069
,,0.844,,1.122
,,0.704,,0.944
,,0.91,,1.278
,,1.118,,1.75
,,0.689,,1.105
,,0.909,,1.038
,,1.268,,1.156
,,1.277,,1.305
,,0.934,,1.666
,,0.959,,0.929
,,0.773,,0.934
,,1.14,,1.169
,,1.56,,1.543
,,0.952,,1.261
,,1.065,,1.402
,,0.814,,0.965
,,0.858,,1.004
,,0.732,,1.312
,,0.693,,1.1
,,1.465,,1.147
,,1.409,,1.002
,,0.882,,1.305
,,0.724,,1.282
,,1.144,,1.37
,,1.176,,1.252
,,0.897,,1.049
,,0.836,,1.021
,,1.166,,1.155
,,1.001,,1.14
,,1.216,,0.956
,,1.053,,0.893
,,0.882,,1.493
,,1.175,,1.319
,,1.235,,1.4
,,0.973,,1.284
,,0.953,,2.34
,,0.846,,1.488
,,0.663,,0.994
,,0.696,,1.364
,,0.869,,1.273
,,0.763,,1.196
,,0.823,,1.158
,,1.073,,1.436
,,1.046,,1.331
,,0.753,,1.042
,,1.287,,1.104
,,1.715,,1.224
,,1.214,,1.745
,,0.895,,1.005
,,0.889,,0.967
,,0.78,,1.053
,,0.807,,1.216
,,1.527,,1.678
,,0.867,,1.551
,,0.788,,1.16
,,0.848,,1.222
,,0.608,,0.957
,,1.168,,1.148
,,2.522,,1.157
,,1.709,,1.243
,,0.959,,3.266
,,0.904,,1.691
,,0.899,,1.025
,,1.506,,0.954
,,1.223,,0.946
,,0.73,,1.469
,,0.734,,2.233
,,1.039,,1.369
,,0.748,,1.052
,,0.813,,1.049
,,1.256,,1.369
,,0.762,,1.108
,,1.088,,1.031
,,0.994,,1.341
,,0.969,,0.81
,,0.885,,0.908
,,1.03,,0.906
,,1.083,,1.286
,,0.968,,1.216
,,0.994,,1.05
,,1.261,,0.951
,,1.113,,0.809
,,1.284,,1.056
,,0.692,,1.045
,,0.81,,0.951
,,0.982,,1.426
,,1.176,,1.254
,,0.987,,1.054
,,0.955,,1.059
,,0.965,,0.769
,,0.925,,0.672
,,0.896,,1.168
,,0.923,,1.758
,,1.328,,1.513
,,0.953,,1.036
,,0.877,,1.224
,,1.254,,0.861
,,1.269,,1.013
,,1.055,,1.561
,,0.858,,1.349
,,0.852,,1.398
,,1.119,,1.277
,,1.117,,0.934
,,0.952,,1.004
,,0.742,,1.598
,,0.743,,1.968
,,0.736,,1.479
,,0.882,,1.288
,,1.052,,0.982
,,0.719,,0.917
,,1.114,,1.045
,,1.432,,0.909
,,0.689,,1.168
,,0.706,,1.212
,,1.675,,1.32
,,1.222,,1.11
,,0.866,,1.338
,,0.718,,1.03
,,1.324,,1.082
,,1.72,,0.922
,,0.938,,0.899
,,0.899,,0.951
,,0.686,,2.189
,,0.927,,2.174
,,0.82,,1.206
,,0.891,,1.451
,,0.96,,1.203
,,0.691,,1.067
,,0.888,,1.047
,,0.841,,0.817
,,0.927,,0.943
,,0.963,,0.998
,,0.732,,0.876
,,0.627,,1.184
,,0.953,,1.271
,,1.099,,0.922
,,0.913,,1.181
,,1.283,,1.517
,,1.373,,0.989
,,1.374,,1.073
,,1.029,,1.438
,,0.946,,1.329
,,0.943,,1.368
,,0.63,,1.107
,,1.901,,1.199
,,1.078,,1.155
,,0.984,,1.166
,,0.953,,1.474
,,0.89,,1.127
,,1.104,,0.97
,,1.035,,1.081
,,1.146,,0.863
,,0.906,,1.314
,,0.891,,1.351
,,0.795,,1.434
,,0.678,,0.965
,,1.063,,0.925
,,1.584,,1.099
,,1.022,,1.131
,,0.759,,0.985
,,1.033,,0.977
,,0.715,,0.938
,,0.856,,1.081
,,0.976,,1.307
,,1.001,,1.635
,,0.858,,1.365
,,0.988,,1.037
,,1.065,,1.2
,,0.97,,1.104
,,0.768,,1.144
,,0.893,,1.098
,,1.245,,1.043
,,1.12,,1.092
,,1.387,,1.402
,,1.038,,1.199
,,0.756,,1.05
,,1.269,,1.102
,,1.515,,1.139
,,1.919,,1.086
,,0.982,,0.867
,,0.948,,1.031
,,0.979,,1.235
,,1.193,,1.869
,,1.512,,1.091
,,0.998,,1.055
,,0.91,,0.807
,,0.894,,0.864
,,1.043,,0.952
,,1.107,,1.057
,,0.943,,1.112
,,0.87,,1.127
,,0.863,,1.125
,,1.155,,1.246
,,1.261,,1.071
,,0.882,,1.19
,,1.267,,1.881
,,1.059,,1.147
,,0.788,,1.156
,,1.074,,1.056
,,1.467,,1.342
,,0.915,,1.042
,,0.838,,0.954
,,0.81,,1.017
,,0.849,,1.058
,,0.906,,1.205
,,1.221,,2.705
,,0.846,,1.139
,,1.058,,0.801
,,0.985,,1.41
,,0.596,,1.036
,,0.863,,0.947
,,0.757,,1.065
,,1.21,,0.878
,,1.214,,0.846
,,0.791,,1.023
,,1.178,,0.947
,,1.153,,0.814
,,0.884,,0.908
,,0.619,,0.96
,,0.674,,1.573
,,0.854,,1.108
,,1.184,,0.863
,,1.22,,0.783
,,1.063,,0.986
,,0.73,,1.066
,,1.296,,0.922
,,0.879,,1.281
,,0.845,,1.215
,,0.838,,1.283
,,0.911,,1.159
,,1.224,,1.047
,,0.946,,0.925
,,0.911,,1.343
,,1.081,,0.951
,,0.64,,0.862
,,0.849,,0.775
,,0.932,,1.034
,,0.769,,0.858
,,1.483,,1.18
,,1.42,,1.529
,,0.845,,1.2
,,0.959,,0.838
,,0.691,,1.067
,,0.618,,1.19
,,0.753,,1.297
,,1.292,,0.84
,,0.809,,0.973
,,1.035,,1.156
,,0.926,,0.927
,,0.9,,0.834
,,0.928,,1.01
,,0.89,,1.063
,,1.174,,1.256
,,0.93,,1.824
,,1.151,,0.81
,,1.259,,1.156
,,0.714,,1.203
,,0.7,,1.111
,,0.947,,0.996
,,0.719,,0.981
,,0.844,,1.112
,,0.917,,1.267
,,0.817,,0.943
,,1.135,,0.823
,,1.184,,0.986
,,1.519,,1.268
,,0.684,,1.373
,,0.6,,1.045
,,0.999,,0.955
,,0.871,,1.245
,,0.801,,1.206
,,0.926,,1.073
,,0.695,,0.826
,,0.672,,1.203
,,0.757,,1.461
,,0.768,,1.407
,,0.622,,0.989
,,1.393,,1.399
,,0.939,,1.055
,,0.636,,0.897
,,0.873,,0.791
,,1.09,,0.818
,,0.987,,1.267
,,0.634,,1.172
,,0.72,,0.738
,,1.101,,0.743
,,0.854,,1.261
,,0.922,,1.248
,,0.686,,1.268
,,0.478,,1.111
,,0.801,,1.035
,,1.104,,1.518
,,1.056,,1.38
,,0.8,,1.053
,,0.943,,0.997
,,1.161,,1.128
,,1.041,,1.326
,,0.864,,1.144
,,0.717,,1.254
,,0.767,,1.095
,,1.589,,1.228
,,1.037,,0.896
,,0.534,,1.105
,,1.03,,1.38
,,1.177,,1.18
,,0.787,,1.095
,,0.855,,2.218
,,1.065,,2.014
,,0.999,,0.946
,,0.839,,1.346
,,0.683,,0.887
,,1.344,,1.079
,,0.983,,0.928
,,0.653,,0.874
,,0.852,,1.22
,,1.268,,0.958
,,0.981,,0.978
,,0.752,,0.981
,,0.955,,0.853
,,0.627,,1.187
,,0.59,,1.506
,,0.63,,0.795
,,1.332,,0.868
,,1.518,,0.982
,,0.907,,0.993
,,0.764,,0.917
,,1.12,,1.332
,,0.89,,1.358
,,1.299,,0.951
,,1.196,,0.904
,,0.651,,0.947
,,0.68,,0.885
,,0.611,,1.016
,,0.6,,0.968
,,0.65,,0.92
,,0.757,,1.191
,,0.86,,1.03
,,1.001,,0.988
,,0.644,,0.883
,,0.567,,1.067
,,0.844,,1.018
,,0.642,,1.093
,,0.905,,1.058
,,0.777,,0.783
,,0.728,,0.814
,,0.988,,1.775
,,0.597,,1.386
,,0.514,,1.152
,,1.334,,1.321
,,0.79,,0.811
,,0.835,,1.114
,,0.745,,0.891
,,0.798,,1.323
,,0.607,,1.187
,,1.096,,0.789
,,0.71,,0.863
,,0.72,,0.904
,,1.003,,1.149
,,0.842,,0.904
,,0.88,,1.374
,,1.103,,1.586
,,1.169,,0.83
,,0.929,,0.735
,,0.848,,0.825
,,0.733,,0.965
,,0.59,,1.407
,,1.095,,1.335
,,0.811,,0.915
,,0.825,,0.651
,,1.042,,1.037
,,0.732,,1.048
,,0.673,,1.124
,,0.66,,1.089
,,0.535,,0.914
,,0.863,,0.884
,,1.581,,1.053
,,1.459,,1.355
,,0.841,,1.315
,,0.59,,1.003
,,0.652,,0.815
,,0.534,,0.992
,,0.576,,1.155
,,1.493,,1.058
,,0.675,,0.947
,,0.611,,0.988
,,0.549,,0.828
,,1.075,,0.869
,,1.074,,1.077
,,0.603,,0.85
,,0.865,,0.894
,,0.806,,1.044
,,0.838,,1.142
,,0.564,,1.004
,,0.488,,1.527
,,1.153,,0.852
,,0.75,,1.052
,,0.764,,1.435
,,0.725,,1.079
,,0.924,,1.213
,,0.747,,0.861
,,1.022,,1.026
,,0.818,,0.998
,,0.573,,1.297
,,0.693,,1.111
,,0.65,,0.708
,,0.588,,0.738
,,0.599,,1.499
,,1.296,,1.219
,,1.229,,2.16
,,1.165,,0.954
,,0.755,,0.943
,,0.494,,0.901
,,0.537,,1.354
,,0.795,,0.916
,,0.746,,0.935
,,0.748,,0.895
,,0.747,,0.771
,,0.787,,1.049
,,0.783,,1.144
,,0.78,,0.985
,,0.93,,0.837
,,0.765,,0.901
,,0.491,,1.131
,,0.581,,1.368
,,0.763,,0.761
,,0.901,,0.729
,,0.668,,1.003
,,0.627,,0.849
,,1.173,,1.105
,,0.616,,0.937
,,0.793,,1.293
,,0.664,,0.813
,,0.763,,0.993
,,0.926,,1.045
,,0.683,,1.031
,,0.886,,1.016
,,0.589,,0.96
,,0.635,,1.006
,,0.645,,1.284
,,0.752,,0.803
,,0.78,,1.173
,,0.744,,0.793
,,0.883,,1.525
,,0.77,,0.9
,,0.587,,0.777
,,0.53,,0.686
,,0.598,,1.488
,,0.678,,0.979
,,0.815,,0.834
,,0.737,,0.871
,,1.265,,0.887
,,0.605,,0.701
,,0.47,,1.148
,,0.644,,0.759
,,0.57,,1.269
,,0.742,,0.954
,,0.607,,1.013
,,0.843,,0.997
,,0.55,,0.798
,,0.61,,0.888
,,0.768,,1.386
,,0.762,,0.769
,,1.375,,0.859
,,0.744,,1.093
,,0.466,,0.894
,,0.407,,0.977
,,0.544,,0.884
,,0.725,,0.875
,,0.807,,0.682
,,0.91,,1.055
,,0.598,,0.944
,,1.125,,1.126
,,0.536,,0.907
,,0.845,,1.579
,,0.801,,1
,,0.681,,1.051
,,0.542,,0.914
,,0.884,,1.409
,,0.595,,0.832
,,0.545,,0.962
,,0.726,,0.667
,,0.649,,0.923
,,0.573,,0.776
,,0.722,,1.009
,,0.652,,0.905
,,0.515,,1.006
,,1.161,,0.989
,,0.713,,0.913
,,0.535,,1.113
,,0.654,,0.999
,,0.726,,0.672
,,0.502,,0.639
,,0.74,,0.76
,,0.656,,1.092
,,0.608,,1.542
,,0.66,,1.359
,,0.747,,1.147
,,0.656,,1.021
,,0.629,,0.693
,,0.965,,0.792
,,0.794,,0.707
,,0.791,,0.957
,,0.738,,0.858
,,0.608,,0.886
,,0.804,,1.241
,,1.074,,1.018
,,0.785,,0.768
,,0.684,,0.822
,,0.694,,0.869
,,0.614,,1.202
,,0.618,,1.126
,,0.753,,0.695
,,0.635,,0.789
,,0.555,,0.895
,,0.732,,0.837
,,0.53,,0.595
,,0.723,,0.945
,,0.757,,1.132
,,0.636,,1.052
,,0.613,,1.026
,,0.476,,0.752
,,0.731,,0.628
,,0.528,,1.028
,,0.771,,0.912
,,0.753,,1.35
,,0.808,,0.911
,,1.135,,0.926
,,1.044,,0.959
,,0.705,,0.863
,,0.611,,1.159
,,0.929,,1.084
,,0.75,,1.056
,,0.768,,0.838
,,0.664,,0.796
,,0.578,,1.023
,,0.541,,1.168
,,0.681,,1.097
,,0.886,,1.209
,,0.736,,1.043
,,0.473,,0.805
,,0.743,,0.818
,,0.655,,0.859
,,0.528,,1.167
,,0.693,,1.095
,,0.543,,0.746
,,0.785,,1.093
,,0.549,,1.532
,,0.718,,0.775
,,0.89,,0.896
,,0.769,,0.898
,,0.503,,0.894
,,1.287,,0.732
,,1.161,,1.064
,,0.769,,1.74
,,0.643,,0.825
,,0.675,,0.612
,,0.567,,0.953
,,0.608,,1.383
,,0.622,,0.73
,,0.484,,0.669
,,0.632,,0.92
,,0.669,,0.807
,,0.654,,0.804
,,1.032,,0.648
,,0.808,,0.798
,,1.3,,0.965
,,0.501,,0.948
,,0.564,,0.838
,,0.496,,0.522
,,0.394,,0.948
,,0.966,,1.243
,,1.164,,0.617
,,0.66,,0.613
,,0.719,,0.752
,,0.44,,0.85
,,0.404,,0.726
,,0.586,,1.336
,,0.721,,0.844
,,0.847,,0.776
,,0.762,,0.955
,,0.484,,1.206
,,0.555,,0.847
,,1.133,,1.205
,,1.033,,1.066
,,0.592,,0.642
,,0.449,,0.724
,,0.63,,1.079
,,0.877,,0.995
,,0.939,,0.798
,,0.62,,1.536
,,0.539,,0.779
,,0.589,,0.865
,,0.492,,1.022
,,0.57,,1.106
,,0.933,,0.794
,,0.722,,0.966
,,0.692,,1.279
,,0.576,,0.902
,,0.577,,0.888
,,1.05,,1.158
,,0.675,,1.103
,,0.579,,0.873
,,0.819,,1.012
,,0.944,,0.753
,,0.512,,0.754
,,0.367,,0.682
,,0.423,,0.762
,,0.567,,1.208
,,0.575,,1.046
,,0.834,,0.917
,,1.095,,1.197
,,0.647,,1.145
,,0.918,,1.16
,,0.997,,0.771
,,0.689,,0.914
,,0.691,,0.7
,,0.65,,1.014
,,0.568,,0.703
,,0.872,,0.979
,,0.576,,0.604
,,0.66,,0.838
,,0.569,,1.171
,,1.343,,0.991
,,0.776,,0.76
,,0.698,,0.95
,,0.569,,0.802
,,0.747,,0.966
,,0.628,,0.889
,,0.652,,1.025
,,0.527,,0.78
,,0.507,,0.698
,,0.665,,0.754
,,0.711,,0.904
,,0.554,,0.785
,,0.454,,0.797
,,0.632,,1.192
,,0.961,,0.748
,,0.598,,0.853
,,0.598,,0.892
,,0.479,,0.758
,,1.104,,0.784
,,0.52,,0.947
,,0.505,,0.752
,,0.518,,1.025
,,0.573,,1.226
,,0.479,,0.864
,,0.734,,0.921
,,0.565,,0.999
,,0.514,,0.917
,,0.744,,1.341
,,0.747,,0.929
,,0.56,,0.792
,,0.692,,0.755
,,0.753,,0.647
,,0.732,,1.019
,,0.604,,1.004
,,0.737,,1.427
,,0.881,,1.495
,,0.732,,0.698
,,0.664,,0.625
,,0.588,,0.968
,,0.39,,1
,,0.61,,0.911
,,0.513,,0.903
,,0.688,,0.693
,,0.876,,0.831
,,0.712,,0.92
,,0.528,,0.709
,,0.54,,1.137
,,0.862,,0.962
,,0.54,,1.042
,,0.449,,0.778
,,0.988,,0.71
,,0.727,,1.152
,,0.591,,0.708
,,0.528,,1.138
,,0.899,,1.042
,,0.907,,1.487
,,0.638,,1.039
,,0.623,,1.043
,,0.672,,0.828
,,0.368,,0.665
,,0.639,,0.855
,,1.05,,1.306
,,0.649,,0.736
,,0.794,,0.843
,,0.538,,1.107
,,0.644,,0.697
,,0.835,,0.929
,,1.117,,0.999
,,1.015,,1.275
,,0.537,,1.686
,,0.433,,1.594
,,0.47,,0.765
,,0.477,,0.663
,,0.705,,0.875
,,0.878,,0.936
,,0.915,,0.946
,,0.775,,1.019
,,0.746,,0.883
,,0.599,,0.83
,,0.727,,1.03
,,0.614,,0.791
,,1.057,,0.828
,,0.689,,0.81
,,0.689,,0.739
,,0.612,,0.935
,,0.539,,1.208
,,0.563,,0.799
,,0.605,,0.897
,,0.634,,0.992
,,0.801,,1
,,0.66,,1.146
,,1.456,,0.896
,,1.401,,0.957
,,1.12,,0.819
,,0.528,,0.896
,,0.389,,1.208
,,0.437,,0.805
,,0.657,,0.734
,,0.689,,0.985
,,0.796,,0.687
,,0.984,,1.068
,,0.659,,0.843
,,0.495,,0.782
,,0.794,,1.135
,,0.971,,0.887
,,0.569,,0.745
,,0.594,,0.89
,,0.723,,0.886
,,1.116,,1.524
,,0.709,,1.002
,,0.46,,0.726
,,0.55,,0.766
,,0.464,,0.949
,,0.785,,0.893
,,0.576,,1.366
,,0.622,,1.286
,,0.613,,1.088
,,0.675,,0.931
,,0.567,,0.773
,,0.821,,1.07
,,0.685,,0.789
,,0.669,,1.209
,,0.504,,1.018
,,0.534,,1.15
,,0.555,,1.016
,,0.705,,0.681
,,0.495,,0.904
,,0.7,,0.768
,,0.768,,0.814
,,0.567,,0.709
,,0.613,,1.431
,,0.621,,0.982
,,0.613,,0.625
,,0.54,,0.803
,,0.517,,0.884
,,0.644,,0.961
,,0.901,,0.796
,,0.575,,0.606
,,0.478,,1.002
,,0.591,,0.815
,,0.643,,0.821
,,0.659,,0.791
,,0.709,,1.004
,,0.749,,0.945
,,0.438,,0.712
,,0.587,,0.612
,,0.541,,0.814
,,0.563,,0.61
,,0.615,,0.851
,,0.664,,0.776
,,0.586,,1.44
,,0.865,,0.955
,,1.023,,0.633
,,0.608,,0.947
,,0.492,,0.964
,,0.538,,0.751
,,0.569,,1.048
,,0.665,,0.875
,,0.61,,0.664
,,1.129,,0.749
,,0.694,,0.722
,,0.671,,0.869
,,0.771,,0.689
,,0.514,,0.884
,,0.62,,0.829
,,0.75,,1.472
,,0.674,,1.071
,,0.632,,0.752
,,0.651,,0.529
,,0.646,,0.443
,,0.5,,1.17
,,0.826,,1.456
,,0.573,,1.094
,,0.552,,0.693
,,0.711,,0.721
,,0.621,,0.794
,,0.742,,0.747
,,0.609,,0.693
,,0.396,,1.302
,,0.56,,1.293
,,0.738,,0.983
,,0.68,,0.628
,,0.46,,0.712
,,0.652,,0.536
,,0.65,,1.135
,,0.656,,0.968
,,0.48,,1.14
,,0.542,,0.696
,,0.586,,0.478
,,0.567,,0.526
,,0.883,,1.043
,,0.6,,0.988
,,0.713,,0.877
,,0.939,,0.776
,,0.604,,1.202
,,0.567,,2.001
,,0.471,,0.968
,,0.681,,0.639
,,0.456,,0.79
,,0.537,,0.773
,,0.802,,1.049
,,0.874,,0.853
,,0.658,,0.657
,,0.414,,1.606
,,0.612,,0.838
,,0.55,,0.742
,,0.636,,0.535
,,0.693,,0.48
,,0.676,,0.65
,,0.459,,0.938
,,0.459,,0.569
,,0.771,,1.038
,,0.751,,0.681
,,0.723,,0.841
,,0.542,,0.917
,,0.858,,1.329
,,0.771,,0.894
,,0.471,,0.779
,,0.461,,0.446
,,0.636,,0.986
,,0.795,,1.027
,,0.899,,1.095
,,0.859,,0.632
,,0.527,,0.558
,,0.473,,0.89
,,0.649,,0.585
,,0.558,,0.686
,,0.667,,1.084
,,0.771,,0.973
,,0.79,,1.05
,,0.699,,0.727
,,0.692,,0.796
,,0.684,,0.713
,,0.663,,0.668
,,0.51,,0.699
,,0.632,,1.017
,,0.458,,0.608
,,0.493,,0.652
,,0.737,,0.759
,,0.62,,0.862
,,0.497,,0.582
,,0.549,,1.329
,,0.485,,0.818
,,0.478,,0.885
,,0.763,,0.816
,,0.71,,0.565
,,1.001,,0.464
,,0.577,,0.691
,,0.701,,1.028
,,0.46,,0.94
,,1.108,,1.046
,,0.659,,1.227
,,0.565,,0.498
,,1.891,,0.822
,,1.122,,0.598
,,0.719,,0.542
,,0.544,,0.657
,,0.538,,1.046
,,0.985,,0.672
,,1.021,,0.592
,,0.789,,0.605
,,0.587,,0.571
,,0.686,,0.569
,,0.623,,0.861
,,0.605,,0.519
,,0.518,,0.727
,,0.651,,0.89
,,0.725,,0.629
,,0.662,,1.121
,,0.703,,1.214
,,0.591,,0.941
,,0.578,,0.75
,,0.678,,0.949
,,0.691,,0.673
,,0.428,,0.82
,,0.636,,0.713
,,0.567,,0.836
,,0.696,,0.844
,,1.062,,0.902
,,0.77,,0.491
,,0.509,,0.554
,,0.539,,1.268
,,0.863,,0.893
,,0.57,,0.524
,,0.625,,0.437
,,0.638,,0.62
,,0.499,,1.268
,,0.537,,0.966
,,0.589,,0.845
,,0.711,,0.827
,,0.667,,0.474
,,0.653,,0.474
,,0.577,,0.51
,,0.696,,0.558
,,0.81,,1.183
,,0.557,,0.949
,,0.721,,0.649
,,0.473,,0.911
,,0.653,,0.941
,,0.642,,0.88
,,0.592,,0.803
,,1.134,,1.01
,,0.826,,0.616
,,0.632,,0.742
,,0.613,,0.674
,,0.562,,0.592
,,0.548,,0.841
,,0.639,,0.458
,,0.689,,0.643
,,0.589,,1.078
,,0.77,,0.909
,,0.57,,0.749
,,0.628,,0.697
,,0.611,,1.179
,,0.529,,0.688
,,0.552,,0.71
,,0.643,,0.791
,,0.962,,0.631
,,0.676,,1.142
,,0.419,,0.612
,,0.554,,0.53
,,0.65,,1.116
,,0.614,,0.828
,,0.576,,0.992
,,0.768,,1.064
,,0.535,,1.165
,,0.599,,0.573
,,0.456,,0.657
,,0.584,,0.673
,,0.47,,0.582
,,0.8,,0.593
,,0.751,,0.643
,,0.571,,0.829
,,0.816,,0.943
,,0.614,,0.615
,,0.611,,0.632
,,0.443,,0.705
,,0.518,,1.029
,,0.653,,0.984
,,0.731,,1.06
,,0.685,,0.492
,,0.454,,0.698
,,0.979,,0.513
,,0.703,,1.26
,,0.472,,0.58
,,0.513,,0.637
,,0.568,,0.578
,,0.59,,0.725
,,0.73,,0.714
,,0.673,,0.637
,,0.603,,0.5
,,0.577,,0.777
,,0.51,,0.523
,,1.004,,1.007
,,0.752,,0.922
,,0.562,,0.821
,,0.662,,0.657
,,0.755,,0.613
,,0.562,,0.819
,,0.406,,0.639
,,0.58,,0.828
,,0.64,,0.562
,,0.794,,0.684
,,0.799,,0.709
,,0.599,,0.658
,,0.636,,0.753
,,1.098,,0.886
,,0.585,,0.666
,,0.758,,0.628
,,0.461,,0.55
,,0.731,,0.477
,,0.551,,0.49
,,0.462,,0.556
,,0.441,,0.655
,,0.478,,0.484
,,0.642,,0.557
,,0.444,,0.655
,,0.651,,0.861
,,0.576,,0.668
,,0.552,,0.508
,,0.638,,0.866
,,1.138,,0.685
,,1.371,,0.531
,,0.525,,0.673
,,0.372,,0.547
,,0.599,,1.542
,,0.486,,0.83
,,0.759,,0.795
,,0.623,,1.067
,,0.918,,0.582
,,0.428,,0.68
,,0.388,,0.653
,,0.423,,0.992
,,0.637,,1.318
,,0.595,,0.55
,,0.428,,0.711
,,0.397,,0.539
,,0.957,,0.974
,,1.143,,1.076
,,0.723,,0.695
,,0.451,,0.442
,,0.614,,0.42
,,0.569,,0.633
,,1.162,,0.927
,,0.478,,0.724
,,0.705,,0.508
,,0.604,,0.645
,,1.08,,0.579
,,0.789,,0.539
,,0.666,,0.83
,,0.541,,0.733
,,0.967,,0.667
,,0.595,,0.693
,,0.534,,0.972
,,0.603,,0.802
,,1.066,,0.693
,,0.677,,0.624
,,0.728,,0.586
,,0.636,,0.428
,,0.687,,0.418
,,0.378,,0.703
,,0.726,,1.106
,,0.638,,1.106
,,0.882,,1.062
,,0.708,,0.414
,,0.536,,0.643
,,0.406,,0.608
,,0.883,,0.864
,,0.687,,0.749
,,0.647,,0.6
,,0.513,,0.768
,,0.482,,1.153
,,0.837,,1.041
,,0.881,,0.834
,,0.683,,0.588
,,0.66,,0.539
,,0.544,,0.654
,,0.608,,0.653
,,0.451,,0.584
,,0.646,,1.465
,,0.571,,0.891
,,0.87,,0.638
,,0.637,,0.654
,,0.895,,0.954
,,0.549,,0.552
,,0.533,,0.574
,,0.564,,0.578
,,0.727,,0.5
,,0.822,,0.535
,,0.642,,0.64
,,0.482,,1.543
,,0.607,,0.797
,,0.439,,0.502
,,0.658,,0.52
,,0.47,,0.624
,,0.624,,0.837
,,0.795,,0.512
,,0.928,,0.43
,,0.7,,0.638
,,0.506,,0.792
,,0.447,,0.694
,,0.635,,0.513
,,0.724,,0.748
,,0.402,,0.654
,,0.547,,0.536
,,0.616,,0.608
,,0.48,,0.432
,,0.738,,0.597
,,0.878,,0.733
,,0.633,,1.223
,,0.522,,0.629
,,0.862,,0.825
,,0.807,,0.542
,,0.502,,0.574
,,0.671,,0.714
,,0.582,,0.795
,,0.423,,0.501
,,0.682,,0.592
,,0.667,,0.69
,,0.596,,1.166
,,0.443,,0.879
,,1.207,,0.555
,,0.582,,0.503
,,0.468,,0.717
,,0.742,,0.763
,,0.522,,0.909
,,0.385,,0.826
,,0.379,,0.779
,,0.589,,0.63
,,0.688,,0.535
,,0.434,,0.842
,,0.754,,0.791
,,0.584,,1.341
,,0.466,,0.747
,,0.568,,0.71
,,0.532,,0.443
,,0.752,,0.559
,,0.759,,1.017
,,0.485,,1.352
,,0.455,,0.455
,,0.528,,0.375
,,0.622,,0.719
,,0.385,,1.134
,,0.792,,0.707
,,1.302,,0.875
,,0.748,,0.798
,,0.413,,0.511
,,0.706,,0.538
,,0.603,,0.771
,,0.582,,0.886
,,0.522,,0.627
,,0.926,,0.565
,,0.549,,0.635
,,0.612,,0.691
,,0.589,,0.806
,,0.583,,0.96
,,0.609,,0.717
,,0.477,,0.464
,,0.661,,0.406
,,0.663,,0.747
,,0.625,,1.483
,,0.696,,1.118
,,0.595,,0.478
,,0.563,,0.365
,,0.425,,0.393
,,0.491,,0.656
,,0.578,,1.093
,,0.715,,0.647
,,0.95,,0.588
,,0.555,,0.684
,,0.663,,0.927
,,0.399,,0.494
,,0.392,,0.71
,,0.473,,1.091
,,0.972,,0.709
,,0.557,,0.764
,,0.717,,0.803
,,0.736,,0.566
,,0.418,,0.993
,,0.45,,0.617
,,0.566,,0.481
,,0.535,,0.561
,,0.523,,0.426
,,0.454,,1.001
,,0.4,,0.613
,,0.743,,0.494
,,0.618,,0.768
,,0.607,,0.629
,,0.885,,0.708
,,0.727,,1.012
,,0.534,,0.593
,,0.786,,0.469
,,0.647,,0.681
,,0.996,,1.017
,,0.837,,0.562
,,0.564,,0.395
,,0.504,,0.531
,,0.382,,0.971
,,0.554,,0.624
,,0.454,,0.509
,,0.641,,0.468
,,0.709,,0.454
,,0.561,,0.726
,,0.672,,0.68
,,0.529,,0.643
,,0.683,,0.641
,,0.65,,0.597
,,0.563,,0.715
,,0.831,,0.5
,,0.724,,0.535
,,0.46,,0.767
,,0.429,,0.531
,,0.451,,0.768
,,0.442,,0.614
,,0.441,,0.458
,,1.083,,0.622
,,0.637,,0.406
,,0.456,,0.761
,,0.563,,0.877
,,0.659,,0.867
,,0.613,,1.194
,,0.808,,0.562
,,0.56,,0.921
,,0.348,,0.729
,,0.533,,0.965
,,1.103,,0.939
,,0.573,,0.597
,,0.598,,0.525
,,0.462,,0.357
,,0.49,,0.389
,,0.963,,0.649
,,0.671,,0.75
,,0.445,,0.764
,,0.465,,1.111
,,1.069,,0.712
,,0.544,,0.538
,,0.417,,0.505
,,0.483,,0.728
,,0.685,,0.501
,,0.481,,0.701
,,0.584,,0.655
,,0.86,,0.792
,,0.592,,0.614
,,0.467,,0.83
,,0.501,,0.707
,,0.504,,0.83
,,0.947,,0.691
,,0.835,,0.872
,,0.632,,0.799
,,0.437,,0.454
,,0.428,,0.405
,,0.943,,0.694
,,0.716,,0.634
,,0.647,,0.926
,,0.661,,0.783
,,0.759,,0.464
,,0.584,,0.431
,,0.547,,0.494
,,0.49,,0.546
,,0.971,,0.533
,,0.574,,0.888
,,0.794,,0.6
,,0.515,,0.478
,,0.503,,0.521
,,0.454,,0.517
,,0.721,,0.6
,,0.726,,0.397
,,0.475,,1.293
,,0.424,,0.587
,,0.427,,0.602
,,0.722,,0.496
,,0.412,,0.557
,,0.467,,0.731
,,0.443,,2.02
,,1.226,,0.753
,,0.537,,0.63
,,0.629,,0.593
,,0.627,,0.941
,,0.326,,0.449
,,0.634,,0.377
,,0.456,,0.765
,,0.852,,0.679
,,0.758,,0.729
,,0.762,,0.625
,,0.497,,0.788
,,0.848,,0.644
,,0.461,,0.425
,,0.361,,0.722
,,0.554,,1.131
,,0.86,,0.7
,,0.757,,0.774
,,0.456,,0.586
,,0.41,,0.558
,,0.685,,0.692
,,0.558,,0.515
,,0.489,,0.625
,,0.456,,0.901
,,0.526,,1.843
,,0.974,,0.841
,,0.494,,0.33
,,0.582,,0.412
,,0.559,,0.926
,,0.736,,0.781
,,0.615,,0.524
,,0.484,,0.413
,,0.477,,0.567
,,0.831,,0.684
,,0.482,,0.82
,,0.611,,0.524
,,0.664,,0.634
,,0.524,,0.504
,,0.508,,0.883
,,0.368,,0.622
,,0.557,,0.547
,,0.634,,0.555
,,0.653,,0.526
,,0.434,,0.652
,,0.375,,0.722
,,0.637,,0.857
,,0.728,,0.479
,,0.456,,0.662
,,0.595,,0.751
,,0.714,,1.242
,,0.619,,0.972
,,0.473,,0.464
,,0.365,,0.52
,,1.229,,0.54
,,0.609,,0.75
,,0.488,,0.617
,,0.694,,0.632
,,0.563,,1.109
,,0.823,,0.762
,,1.044,,0.531
,,0.861,,0.768
,,0.383,,0.722
,,0.356,,0.995
,,0.394,,0.714
,,0.87,,0.446
,,1.093,,0.52
,,0.503,,0.87
,,0.484,,0.643
,,0.59,,0.543
,,0.705,,0.695
,,0.773,,0.49
,,0.396,,0.784
,,0.589,,0.546
,,0.405,,0.679
,,1.245,,0.474
,,0.54,,0.803
,,0.468,,0.545
,,0.378,,0.48
,,0.405,,0.496
,,1,,0.453
,,0.522,,0.595
,,0.566,,0.508
,,0.551,,0.5
,,0.51,,0.693
,,0.376,,0.698
,,0.686,,0.727
,,0.723,,0.678
,,0.481,,0.437
,,0.786,,0.552
,,0.722,,0.738
,,0.767,,0.974
,,0.518,,0.576
,,0.541,,0.595
,,0.486,,0.556
,,0.562,,0.451
,,0.568,,0.984
,,0.642,,0.597
,,0.451,,0.722
,,0.509,,0.369
,,0.699,,0.464
,,0.59,,0.654
,,0.453,,0.551
,,0.419,,0.889
,,0.542,,0.767
,,1.239,,0.802
,,0.462,,0.398
,,0.431,,0.43
,,0.958,,0.697
,,0.61,,0.697
,,0.68,,0.546
,,0.395,,0.671
,,0.482,,0.473
,,1.222,,0.479
,,0.579,,0.423
,,0.418,,0.609
,,0.403,,0.471
,,0.573,,0.633
,,0.59,,0.607
,,0.414,,1.641
,,0.51,,0.831
,,0.552,,0.445
,,0.765,,0.52
,,0.704,,0.558
,,0.529,,0.532
,,0.389,,0.498
,,0.756,,0.336
,,0.467,,0.645
,,0.546,,0.933
,,0.436,,0.545
,,0.759,,0.348
,,0.534,,0.724
,,0.526,,0.976
,,0.446,,0.545
,,0.306,,0.551
,,0.7,,0.549
,,1.065,,0.446
,,0.585,,0.662
,,0.386,,0.725
,,0.381,,0.553
,,0.736,,0.534
,,0.938,,0.816
,,0.54,,0.579
,,0.569,,0.847
,,0.718,,0.974
,,0.336,,0.571
,,0.609,,0.509
,,0.441,,0.634
,,1.081,,0.383
,,0.561,,0.686
,,0.51,,0.42
,,0.882,,0.573
,,0.724,,0.841
,,0.458,,0.767
,,0.609,,0.644
,,0.454,,0.589
,,0.341,,0.711
,,0.592,,1.001
,,0.426,,0.484
,,0.664,,0.467
,,0.742,,0.43
,,0.613,,0.445
,,0.489,,0.617
,,0.526,,0.593
,,0.455,,0.624
,,0.522,,0.649
,,0.8,,1.107
,,0.641,,1.277
,,0.481,,0.494
,,0.517,,0.546
,,0.378,,0.363
,,0.992,,0.575
,,0.711,,0.611
,,0.361,,0.443
,,0.433,,0.382
,,0.776,,0.881
,,0.493,,1.372
,,0.457,,0.387
,,0.52,,0.272
,,0.837,,0.329
,,0.471,,0.454
,,0.485,,0.774
,,0.501,,0.571
,,0.588,,0.467
,,0.892,,0.507
,,0.355,,0.544
,,0.363,,1.071
,,0.429,,1.02
,,0.908,,0.537
,,0.435,,0.44
,,0.511,,0.408
,,0.607,,0.496
,,0.49,,0.418
,,0.472,,0.446
,,0.483,,0.492
,,1.26,,0.665
,,0.535,,0.641
,,0.39,,0.501
,,0.432,,0.345
,,1.445,,0.49
,,0.609,,0.627
,,0.567,,0.696
,,0.393,,0.297
,,0.524,,0.389
,,0.423,,0.399
,,0.723,,0.789
,,0.734,,0.919
,,0.724,,0.721
,,0.596,,0.467
,,0.903,,0.444
,,0.82,,0.494
,,0.621,,0.569
,,0.419,,0.502
,,0.418,,0.61
,,0.392,,0.491
,,0.576,,0.505
,,0.765,,0.774
,,0.939,,0.537
,,0.439,,0.472
,,0.63,,0.521
,,0.333,,0.384
,,0.537,,0.434
,,0.655,,0.461
,,0.44,,0.905
,,0.451,,0.504
,,0.545,,0.459
,,0.412,,0.385
,,0.569,,0.823
,,0.538,,0.649
,,0.55,,0.416
,,0.504,,0.738
,,0.512,,0.51
,,0.56,,0.393
,,0.501,,0.329
,,0.677,,0.403
,,0.653,,0.842
,,0.769,,0.693
,,0.503,,0.473
,,0.633,,0.595
,,0.999,,0.523
,,0.823,,0.662
,,0.671,,0.488
,,0.467,,0.569
,,0.402,,0.596
,,0.403,,0.619
,,0.593,,0.415
,,1.03,,0.423
,,0.891,,0.409
,,0.547,,0.868
,,0.445,,0.752
,,0.494,,0.383
,,0.551,,0.331
,,0.736,,0.631
,,0.364,,0.498
,,0.531,,0.527
,,0.457,,0.79
,,0.448,,0.639
,,0.518,,0.973
,,0.664,,0.531
,,0.556,,0.345
,,0.617,,0.45
,,1.144,,0.516
,,0.43,,0.544
,,0.527,,0.982
,,0.851,,0.94
,,0.541,,0.372
,,0.636,,0.399
,,0.602,,0.429
,,0.84,,0.363
,,0.61,,0.498
,,0.318,,0.515
,,0.511,,0.585
,,0.436,,0.663
,,0.601,,0.626
,,0.476,,0.437
,,0.628,,0.394
,,0.564,,0.578
,,0.625,,0.699
,,0.526,,0.557
,,0.483,,0.555
,,0.45,,0.772
,,0.912,,0.436
,,0.441,,0.333
,,0.411,,0.416
,,0.394,,0.697
,,0.337,,0.699
,,1.091,,0.303
,,0.989,,0.61
,,0.432,,0.523
,,0.462,,0.426
,,0.323,,0.603
,,0.315,,0.399
,,0.551,,0.79
,,0.623,,0.542
,,0.688,,0.467
,,0.754,,0.326
,,0.967,,0.524
,,0.486,,0.502
,,0.441,,0.383
,,0.43,,1.125
,,0.584,,0.808
,,0.468,,0.409
,,1.081,,0.584
,,0.583,,0.421
,,0.851,,0.477
,,0.519,,0.385
,,0.5,,0.951
,,0.28,,0.669
,,0.834,,0.581
,,0.534,,0.656
,,0.687,,0.452
,,0.438,,0.446
,,0.571,,0.436
,,0.378,,0.448
,,0.658,,0.683
,,0.797,,0.418
,,0.517,,0.361
,,0.644,,0.493
,,0.433,,0.825
,,0.308,,0.65
,,0.346,,0.583
,,0.613,,0.533
,,0.525,,0.352
,,0.477,,0.494
,,0.55,,0.463
,,0.778,,0.421
,,0.643,,0.703
,,0.694,,0.452
,,0.441,,0.357
,,0.439,,0.346
,,0.382,,0.565
,,0.724,,0.5
,,0.763,,0.799
,,0.722,,0.61
,,0.515,,0.537
,,0.308,,0.436
,,0.346,,0.365
,,0.506,,0.695
,,0.851,,0.461
,,0.711,,0.456
,,0.355,,0.644
,,0.5,,0.586
,,0.686,,0.646
,,0.567,,0.805
,,0.701,,0.6
,,0.64,,0.424
,,0.9,,0.359
,,0.693,,0.388
,,0.426,,0.425
,,0.356,,1.106
,,0.607,,0.637
,,0.91,,0.567
,,0.459,,0.274
,,0.588,,0.758
,,0.443,,0.635
,,0.483,,0.52
,,0.661,,0.336
,,0.657,,0.42
,,0.367,,0.743
,,0.446,,0.451
,,0.771,,0.991
,,0.419,,0.616
,,0.597,,0.391
,,0.379,,0.453
,,0.419,,0.494
,,0.452,,0.412
,,0.537,,0.484
,,0.325,,0.55
,,0.658,,0.75
,,0.766,,0.359
,,0.488,,0.464
,,0.478,,1.019
,,0.437,,0.837
,,0.499,,0.448
,,0.43,,0.401
,,0.668,,0.636
,,0.582,,0.443
,,0.363,,0.33
,,0.485,,0.413
,,0.7,,0.669
,,0.661,,0.669
,,0.435,,0.444
,,0.53,,0.424
,,0.52,,0.446
,,0.555,,0.482
,,0.73,,0.49
,,0.52,,0.763
,,0.498,,0.399
,,0.474,,0.357
,,0.91,,0.414
,,0.381,,0.468
,,0.514,,0.776
,,0.484,,0.58
,,0.45,,0.856
,,0.371,,0.514
,,0.45,,0.315
,,0.432,,0.304
,,0.657,,0.296
,,0.472,,0.528
,,0.752,,0.503
,,0.538,,0.382
,,0.661,,1.124
,,0.468,,0.371
,,0.466,,0.299
,,0.847,,0.32
,,0.411,,0.317
,,0.426,,0.531
,,0.379,,0.281
,,0.707,,0.67
,,0.61,,0.565
,,0.466,,0.297
,,0.342,,0.331
,,0.588,,0.443
,,0.485,,0.446
,,0.456,,0.749
,,0.591,,0.396
,,1.044,,0.566
,,0.684,,0.532
,,0.724,,0.397
,,0.374,,0.351
,,0.514,,0.322
,,0.392,,0.701
,,0.679,,0.522
,,0.478,,0.559
,,0.283,,0.32
,,0.326,,0.371
,,0.804,,0.489
,,0.724,,0.608
,,0.543,,0.705
,,0.39,,0.408
,,0.33,,0.386
,,0.57,,0.599
,,0.509,,0.571
,,0.66,,0.351
,,0.39,,0.405
,,0.64,,0.424
,,0.329,,0.353
,,0.353,,1.063
,,0.37,,0.519
,,0.617,,0.485
,,0.764,,0.345
,,0.605,,0.563
,,0.756,,0.636
,,0.497,,0.312
,,0.593,,0.444
,,0.503,,0.376
,,0.585,,0.557
,,0.499,,1.23
,,0.393,,0.546
,,0.49,,0.646
,,0.489,,0.609
,,0.551,,0.355
,,0.63,,0.701
,,0.95,,0.512
,,0.441,,0.511
,,0.486,,0.721
,,0.549,,0.541
,,0.447,,0.561
,,0.415,,0.529
,,0.764,,0.562
,,0.72,,0.451
,,0.419,,0.802
,,0.803,,0.586
,,0.561,,0.444
,,0.427,,0.424
,,0.644,,0.411
,,0.408,,0.498
,,0.309,,0.374
,,0.575,,0.484
,,0.827,,0.598
,,0.544,,0.544
,,0.617,,0.503
,,0.474,,0.721
,,0.436,,0.637
,,0.584,,0.408
,,0.415,,1.367
,,0.433,,0.583
,,0.382,,0.44
,,0.797,,0.283
,,0.674,,0.695
,,0.458,,0.742
,,0.402,,0.762
,,0.453,,0.656
,,0.44,,0.327
,,0.814,,0.56
,,0.854,,0.647
,,0.72,,0.574
,,0.488,,0.434
,,0.401,,0.396
,,0.294,,0.358
,,0.392,,0.381
,,0.594,,0.569
,,0.738,,0.525
,,0.489,,0.458
,,0.463,,0.451
,,0.439,,1.144
,,0.321,,0.646
,,0.414,,0.711
,,0.798,,0.582
,,0.536,,0.313
,,0.332,,0.484
,,0.388,,0.465
,,0.439,,0.377
,,0.441,,0.434
,,0.414,,0.39
,,0.718,,0.456
,,0.63,,0.831
,,0.482,,0.782
,,0.379,,1.237
,,0.485,,0.801
,,0.499,,0.508
,,0.612,,0.393
,,0.466,,0.34
,,0.378,,0.453
,,0.484,,0.662
,,0.598,,0.735
,,0.374,,0.447
,,0.402,,0.372
,,0.574,,0.35
,,0.288,,0.506
,,0.437,,0.761
,,0.79,,0.692
,,0.356,,0.685
,,0.417,,0.662
,,0.507,,0.368
,,0.443,,0.408
,,0.29,,0.564
,,0.312,,0.395
,,0.487,,0.579
,,0.768,,0.274
,,0.481,,0.543
,,0.743,,0.638
,,0.305,,0.417
,,0.283,,0.357
,,0.469,,0.531
,,0.547,,0.523
,,0.703,,0.325
,,0.485,,0.395
,,0.56,,0.502
,,0.365,,0.643
,,0.365,,0.493
,,0.389,,0.467
,,0.772,,0.735
,,0.423,,0.655
,,0.615,,0.653
,,0.479,,0.621
,,0.345,,0.396
,,0.667,,0.513
,,0.754,,0.438
,,0.469,,0.507
,,0.548,,0.364
,,0.516,,0.379
,,0.54,,0.395
,,0.468,,0.613
,,0.402,,0.58
,,0.482,,0.42
,,0.604,,0.359
,,0.385,,0.648
,,0.679,,0.777
,,0.624,,0.42
,,0.532,,0.561
,,0.423,,0.289
,,0.384,,0.502
,,0.445,,0.62
,,0.542,,0.93
,,0.596,,0.531
,,0.284,,0.477
,,0.562,,0.377
,,0.69,,0.362
,,0.461,,0.812
,,0.61,,0.605
,,0.463,,0.34
,,0.308,,0.444
,,1.037,,0.546
,,0.419,,0.377
,,0.371,,0.458
,,0.343,,0.405
,,0.358,,0.641
,,0.61,,1.597
,,0.499,,0.389
,,0.431,,0.366
,,0.45,,0.386
,,0.482,,0.356
,,0.39,,0.407
,,0.608,,0.428
,,0.535,,0.292
,,0.576,,0.443
,,0.731,,0.413
,,0.29,,0.891
,,0.34,,0.755
,,0.573,,0.397
,,0.452,,0.309
,,0.513,,0.295
,,0.494,,0.54
,,0.336,,0.461
,,0.365,,0.676
,,0.505,,0.324
,,0.447,,0.314
,,0.724,,0.444
,,0.307,,0.818
,,0.398,,0.475
,,0.749,,0.539
,,0.795,,0.479
,,0.333,,0.5
,,0.326,,0.42
,,0.416,,0.508
,,0.405,,0.591
,,0.379,,0.494
,,0.407,,0.355
,,0.466,,0.389
,,0.612,,0.494
,,0.84,,0.459
,,0.46,,0.542
,,0.295,,0.402
,,0.542,,0.361
,,0.482,,0.402
,,0.346,,0.586
,,0.676,,0.451
,,0.431,,0.338
,,0.352,,0.373
,,0.462,,0.57
,,0.468,,0.716
,,0.534,,0.454
,,0.337,,1.014
,,0.367,,1.024
,,0.96,,0.304
,,0.496,,0.455
,,0.666,,0.319
,,0.35,,0.358
,,0.469,,0.419
,,0.687,,0.79
,,0.481,,0.806
,,0.518,,0.399
,,0.34,,0.245
,,0.54,,0.237
,,0.729,,0.386
,,0.467,,0.621
,,0.696,,0.696
,,0.393,,0.779
,,0.352,,0.546
,,0.309,,0.53
,,0.496,,0.55
,,0.71,,0.274
,,0.381,,0.565
,,0.607,,0.46
,,0.571,,0.448
,,0.499,,0.494
,,0.315,,0.384
,,0.536,,0.387
,,0.673,,0.451
,,0.489,,0.54
,,0.622,,0.399
,,0.375,,0.398
,,0.551,,0.617
,,0.414,,0.561
,,0.285,,0.342
,,0.442,,0.722
,,0.413,,1.22
,,0.532,,0.596
,,0.505,,0.273
,,0.33,,0.27
,,0.51,,0.375
,,0.407,,0.451
,,0.384,,0.447
,,0.425,,0.788
,,0.454,,0.452
,,0.749,,0.78
,,0.468,,0.373
,,0.392,,0.608
,,0.344,,0.642
,,0.551,,0.55
,,0.444,,0.353
,,0.503,,0.274
,,0.413,,0.279
,,0.353,,0.476
,,0.474,,0.539
,,0.572,,0.42
,,0.611,,0.488
,,0.366,,0.344
,,0.735,,0.417
,,0.502,,0.396
,,0.638,,0.584
,,0.525,,0.807
,,0.408,,0.405
,,0.362,,0.519
,,0.402,,0.333
,,0.614,,0.44
,,0.379,,0.327
,,0.523,,0.323
,,0.462,,0.345
,,0.504,,0.453
,,0.624,,0.426
,,0.405,,0.401
,,0.468,,0.316
,,0.248,,0.305
,,0.937,,0.375
,,0.414,,0.409
,,0.323,,0.55
,,0.352,,0.637
,,0.569,,0.428
,,0.45,,0.484
,,0.591,,0.688
,,0.404,,0.435
,,0.264,,0.335
,,0.334,,0.468
,,0.458,,0.554
,,0.689,,0.659
,,0.744,,0.923
,,0.47,,1.051
,,0.5,,0.45
,,0.541,,0.326
,,0.308,,0.257
,,0.539,,0.247
,,0.407,,0.307
,,0.391,,0.379
,,0.5,,0.411
,,0.753,,0.725
,,0.495,,0.745
,,0.511,,0.388
,,0.375,,0.54
,,0.917,,0.339
,,0.82,,0.766
,,0.428,,0.944
,,0.242,,0.36
,,0.317,,0.372
,,0.349,,0.315
,,0.363,,0.284
,,0.429,,0.369
,,0.377,,0.505
,,0.327,,0.526
,,0.566,,0.399
,,0.501,,0.42
,,0.5,,0.441
,,0.286,,0.48
,,0.402,,0.525
,,0.295,,0.398
,,0.559,,0.709
,,0.474,,0.526
,,0.597,,0.353
,,0.344,,0.378
,,0.415,,0.539
,,0.53,,0.426
,,0.53,,0.697
,,0.415,,0.703
,,0.402,,0.418
,,0.4,,0.403
,,0.258,,0.395
,,0.338,,0.468
,,0.73,,0.311
,,0.495,,0.286
,,0.381,,0.278
,,0.405,,0.404
,,0.315,,0.568
,,0.285,,0.502
,,0.382,,0.264
,,0.47,,0.243
,,0.732,,0.336
,,0.523,,0.343
,,0.326,,0.585
,,0.444,,0.589
,,0.502,,0.589
,,0.294,,0.501
,,0.483,,0.277
,,0.461,,0.364
,,0.673,,0.385
,,0.551,,0.296
,,0.449,,0.925
,,0.402,,0.353
,,0.31,,0.427
,,0.776,,0.381
,,0.387,,0.462
,,0.495,,0.793
,,0.337,,0.371
,,0.348,,0.326
,,0.515,,0.536
,,0.511,,0.447
,,0.243,,0.41
,,0.551,,0.393
,,0.772,,0.385
,,0.757,,0.424
,,0.598,,0.46
,,0.259,,0.229
,,0.274,,0.36
,,0.556,,0.745
,,0.6,,0.437
,,0.458,,0.526
,,0.408,,0.328
,,0.461,,0.337
,,0.376,,0.458
,,0.281,,0.393
,,0.355,,0.477
,,0.69,,0.394
,,0.737,,0.331
,,0.47,,0.293
,,0.413,,0.296
,,0.528,,0.369
,,0.308,,0.773
,,0.335,,0.778
,,0.366,,0.496
,,0.678,,0.666
,,0.442,,0.44
,,0.483,,0.342
,,0.508,,0.378
,,0.545,,0.662
,,0.56,,0.461
,,0.334,,0.523
,,0.385,,0.325
,,0.311,,0.455
,,0.309,,0.698
,,0.534,,0.599
,,0.604,,0.364
,,0.319,,0.333
,,0.662,,0.263
,,0.481,,0.375
,,0.515,,0.929
,,0.268,,0.423
,,0.238,,0.638
,,0.449,,0.308
,,0.759,,0.292
,,0.36,,0.381
,,0.293,,1.159
,,0.508,,0.386
,,0.633,,0.553
,,0.945,,0.587
,,0.419,,0.282
,,0.401,,0.391
,,0.301,,0.287
,,0.308,,0.434
,,0.362,,0.682
,,0.436,,0.533
,,0.464,,0.335
,,0.423,,0.393
,,0.402,,0.368
,,0.353,,0.51
,,0.399,,0.397
,,0.519,,0.317
,,0.589,,0.443
,,0.337,,0.668
,,0.433,,0.679
,,0.568,,0.435
,,0.433,,0.382
,,0.479,,0.458
,,0.336,,0.615
,,0.554,,0.503
,,0.431,,0.389
,,0.38,,0.632
,,0.353,,0.406
,,0.747,,0.375
,,0.33,,0.319
,,0.402,,0.798
,,0.32,,0.489
,,0.446,,0.909
,,0.567,,0.47
,,0.508,,0.346
,,0.476,,0.358
,,0.456,,0.402
,,0.377,,0.5
,,0.695,,0.693
,,0.443,,0.371
,,0.348,,0.286
,,0.394,,0.434
,,0.636,,0.543
,,0.559,,0.315
,,0.499,,0.367
,,0.364,,0.358
,,0.334,,0.45
,,0.286,,0.245
,,0.639,,0.497
,,0.416,,0.456
,,0.42,,0.484
,,0.553,,0.511
,,0.376,,0.396
,,0.301,,1.05
,,0.438,,0.773
,,0.418,,0.44
,,0.404,,0.302
,,0.535,,0.289
,,0.533,,0.34
,,0.415,,0.348
,,0.302,,0.388
,,0.385,,1.261
,,0.88,,0.775
,,0.549,,0.528
,,0.351,,0.331
,,0.329,,0.345
,,0.595,,0.372
,,0.48,,0.456
,,0.444,,0.825
,,0.276,,0.571
,,0.421,,0.733
,,0.496,,0.453
,,0.382,,0.344
,,0.373,,0.316
,,0.313,,0.402
,,0.382,,0.437
,,0.509,,0.559
,,0.592,,0.411
,,0.352,,0.622
,,0.485,,0.286
,,0.27,,0.275
,,0.381,,0.391
,,0.51,,0.517
,,0.52,,0.364
,,0.679,,0.389
,,0.411,,0.661
,,0.38,,0.606
,,0.254,,0.244
,,0.417,,0.355
,,0.526,,0.199
,,0.692,,0.777
,,0.85,,0.379
,,0.396,,0.308
,,0.335,,0.666
,,0.343,,0.46
,,0.379,,0.822
,,0.295,,0.336
,,0.423,,0.271
,,0.439,,0.818
,,0.389,,0.61
,,0.48,,0.427
,,0.587,,0.342
,,0.291,,0.289
,,0.292,,0.247
,,0.426,,0.622
,,0.389,,0.9
,,0.546,,0.552
,,0.435,,0.48
,,0.316,,0.343
,,0.285,,0.261
,,0.447,,0.315
,,0.304,,0.415
,,0.582,,0.362
,,0.381,,0.732
,,0.294,,0.435
,,0.572,,0.314
,,0.295,,0.617
,,0.291,,1.488
,,0.955,,0.443
,,0.498,,0.55
,,0.291,,0.617
,,0.217,,0.586
,,0.743,,0.259
,,0.621,,0.429
,,0.421,,0.379
,,0.314,,0.671
,,0.197,,0.312
,,0.539,,0.357
,,0.68,,0.296
,,0.595,,0.447
,,0.344,,0.323
,,0.368,,0.527
,,0.956,,0.357
,,0.28,,0.358
,,0.244,,0.284
,,0.27,,1.077
,,0.861,,0.466
,,0.41,,0.364
,,0.414,,0.423
,,0.271,,0.311
,,0.408,,0.464
,,0.619,,0.532
,,0.616,,0.815
,,0.357,,0.367
,,0.371,,0.279
,,0.518,,0.243
,,0.368,,0.288
,,0.404,,0.528
,,0.276,,0.536
,,0.633,,0.445
,,0.712,,0.505
,,0.391,,0.673
,,0.323,,0.386
,,0.301,,0.411
,,0.333,,0.319
,,0.845,,0.296
,,0.537,,0.299
,,0.605,,0.338
,,0.393,,0.433
,,0.246,,0.536
,,0.585,,0.44
,,0.264,,0.419
,,0.343,,0.388
,,0.327,,0.366
,,0.623,,0.548
,,0.381,,0.414
,,0.455,,0.368
,,0.436,,0.266
,,0.344,,0.431
,,0.414,,0.586
,,0.714,,0.513
,,0.449,,0.349
,,0.265,,0.239
,,0.265,,0.274
,,0.374,,0.4
,,0.235,,0.52
,,0.557,,0.728
,,0.766,,0.4
,,0.498,,0.288
,,0.75,,0.331
,,0.349,,0.644
,,0.316,,0.499
,,0.571,,0.364
,,0.603,,0.443
,,0.383,,0.227
,,0.295,,0.426
,,0.372,,0.88
,,0.668,,1.286
,,0.339,,0.466
,,0.408,,0.313
,,0.481,,0.262
,,0.336,,0.329
,,0.416,,0.251
,,0.306,,0.295
,,0.266,,0.487
,,0.763,,0.714
,,0.579,,0.581
,,0.496,,0.325
,,0.407,,0.417
,,0.312,,0.327
,,0.424,,0.292
,,0.291,,0.337
,,0.331,,0.659
,,0.585,,0.586
,,0.575,,0.604
,,0.327,,0.78
,,0.454,,0.392
,,0.304,,0.339
,,0.319,,0.318
,,0.422,,0.362
,,0.488,,0.429
,,0.43,,1.129
,,0.481,,0.481
,,0.65,,0.458
,,0.502,,0.515
,,0.416,,0.522
,,0.386,,0.449
,,0.485,,0.528
,,0.342,,0.446
,,0.456,,0.708
,,0.339,,0.614
,,0.458,,0.352
,,0.305,,0.297
,,0.569,,0.294
,,0.445,,0.398
,,0.305,,0.578
,,0.235,,0.856
,,0.285,,0.463
,,0.447,,0.338
,,0.638,,0.287
,,0.632,,0.322
,,0.43,,0.458
,,0.452,,0.321
,,0.561,,0.38
,,0.348,,0.375
,,0.454,,0.432
,,0.496,,0.442
,,0.518,,0.368
,,0.299,,0.485
,,0.37,,0.274
,,0.47,,0.35
,,0.407,,0.307
,,0.373,,0.386
,,0.421,,0.46
,,0.37,,0.877
,,0.408,,0.596
,,0.45,,0.424
,,0.59,,0.46
,,0.409,,0.477
,,0.28,,0.638
,,0.267,,0.398
,,0.495,,0.465
,,0.646,,0.592
,,0.389,,0.666
,,0.29,,0.347
,,0.365,,0.328
,,0.567,,0.857
,,0.283,,0.373
,,0.266,,0.287
,,0.322,,0.562
,,0.354,,0.514
,,0.445,,0.634
,,0.398,,0.491
,,0.423,,0.385
,,0.867,,0.324
,,0.605,,0.355
,,0.337,,0.42
,,0.34,,0.367
,,0.332,,0.502
,,0.683,,0.42
,,0.546,,0.584
,,0.374,,0.82
,,0.414,,0.448
,,0.487,,0.304
,,0.281,,0.258
,,0.441,,0.406
,,0.792,,0.362
,,0.344,,0.243
,,0.285,,0.357
,,0.46,,0.356
,,0.284,,0.505
,,0.327,,0.405
,,0.568,,0.296
,,0.519,,0.458
,,0.299,,0.49
,,0.267,,0.615
,,0.418,,0.514
,,0.36,,0.867
,,0.723,,0.356
,,0.443,,0.339
,,0.424,,0.286
,,0.339,,0.257
,,0.678,,0.35
,,0.718,,0.41
,,0.38,,0.471
,,0.235,,0.336
,,0.272,,0.457
,,0.542,,0.401
,,0.581,,0.41
,,0.354,,0.349
,,0.345,,0.41
,,0.376,,0.406
,,0.666,,0.474
,,0.283,,0.496
,,0.457,,0.348
,,0.416,,0.516
,,0.344,,0.412
,,0.392,,0.208
,,0.638,,0.506
,,0.284,,0.357
,,0.271,,0.457
,,0.384,,0.225
,,0.528,,0.223
,,0.336,,0.545
,,0.408,,0.856
,,0.704,,0.323
,,0.644,,0.255
,,0.506,,0.331
,,0.442,,0.258
,,0.6,,0.485
,,0.39,,0.788
,,0.666,,0.849
,,0.579,,0.477
,,0.442,,0.223
,,0.343,,0.184
,,0.512,,0.231
,,0.508,,0.49
,,0.46,,0.398
,,0.269,,0.357
,,0.309,,0.358
,,0.427,,0.571
,,0.489,,0.492
,,0.439,,0.622
,,0.59,,0.856
,,0.261,,0.556
,,0.366,,0.642
,,0.361,,0.275
,,0.419,,0.269
,,0.732,,0.247
,,0.801,,0.403
,,0.286,,0.488
,,0.257,,0.307
,,0.412,,0.781
,,0.356,,0.659
,,0.505,,0.817
,,0.464,,0.28
,,0.35,,0.28
,,0.325,,0.317
,,0.407,,0.338
,,0.435,,0.747
,,0.459,,0.649
,,0.444,,0.568
,,0.35,,0.429
,,0.42,,0.319
,,0.457,,0.376
,,0.418,,0.483
,,0.586,,0.435
,,0.527,,0.473
,,0.364,,0.411
,,0.415,,0.269
,,0.303,,0.34
,,0.395,,0.318
,,0.373,,0.432
,,0.438,,0.387
,,0.543,,0.733
,,0.441,,0.253
,,0.506,,0.505
,,0.383,,0.314
,,0.403,,0.358
,,0.301,,0.263
,,0.654,,0.376
,,0.575,,0.784
,,0.347,,0.873
,,0.371,,0.497
,,0.283,,0.296
,,0.587,,0.627
,,0.399,,0.328
,,0.335,,0.535
,,0.469,,0.341
,,0.386,,0.747
,,0.407,,0.414
,,0.607,,0.236
,,0.583,,0.305
,,0.377,,0.343
,,0.396,,0.48
,,0.368,,0.797
,,0.515,,0.336
,,0.522,,0.297
,,0.52,,0.321
,,0.507,,0.283
,,0.311,,0.352
,,0.438,,0.392
,,0.455,,0.731
,,0.555,,0.369
,,0.317,,0.318
,,0.38,,0.301
,,0.358,,0.593
,,0.533,,0.34
,,0.38,,0.368
,,0.542,,0.259
,,0.75,,0.273
,,0.331,,1.316
,,0.45,,0.933
,,0.385,,0.455
,,0.255,,0.432
,,0.232,,0.409
,,0.807,,0.248
,,0.507,,0.338
,,0.519,,0.394
,,0.351,,0.895
,,0.58,,0.49
,,0.411,,0.318
,,0.53,,0.202
,,0.431,,0.267
,,0.361,,0.418
,,0.307,,0.406
,,0.413,,1.065
,,0.301,,0.503
,,0.334,,0.301
,,0.398,,0.3
,,1.056,,0.415
,,0.576,,0.301
,,0.433,,0.378
,,0.348,,0.448
,,0.482,,0.348
,,0.452,,0.34
,,0.279,,0.428
,,0.315,,0.348
,,0.388,,0.307
,,0.381,,0.72
,,0.322,,0.431
,,1.238,,0.34
,,0.662,,0.33
,,0.274,,0.688
,,0.245,,0.599
,,0.594,,0.226
,,0.487,,0.32
,,0.324,,0.456
,,0.35,,0.32
,,0.532,,0.33
,,0.441,,0.282
,,0.264,,0.57
,,0.632,,0.386
,,0.425,,0.812
,,0.355,,1.046
,,0.362,,0.321
,,0.845,,0.334
,,0.424,,0.299
,,0.286,,0.392
,,0.334,,0.351
,,0.384,,0.41
,,0.329,,0.632
,,0.457,,0.306
,,0.664,,0.552
,,0.276,,0.306
,,0.39,,0.312
,,0.349,,0.613
,,0.446,,0.585
,,0.483,,0.323
,,0.279,,0.183
,,0.243,,0.268
,,0.608,,0.311
,,0.628,,0.367
,,0.312,,0.391
,,0.282,,0.652
,,0.373,,0.371
,,0.471,,0.354
,,0.63,,0.249
,,0.353,,0.413
,,0.304,,0.519
,,0.361,,0.597
,,0.53,,0.341
,,0.715,,0.336
,,0.35,,0.684
,,0.503,,0.729
,,0.294,,0.375
,,0.384,,0.286
,,0.297,,0.359
,,0.337,,0.286
,,0.478,,0.27
,,0.414,,0.383
,,0.374,,0.715
,,0.42,,0.338
,,0.516,,0.324
,,0.7,,0.385
,,0.284,,0.3
,,0.364,,0.248
,,0.451,,0.347
,,0.302,,0.636
,,0.304,,0.542
,,0.391,,0.367
,,0.376,,0.438
,,0.674,,0.477
,,0.707,,0.722
,,0.317,,0.309
,,0.331,,0.289
,,0.26,,0.237
,,0.452,,0.273
,,0.648,,0.364
,,0.599,,0.901
,,0.284,,0.33
,,0.259,,0.379
,,0.291,,0.249
,,0.528,,0.3
,,0.371,,0.267
,,0.295,,0.496
,,0.322,,0.784
,,0.347,,0.505
,,0.464,,0.24
,,0.339,,0.526
,,0.36,,0.55
,,0.306,,0.689
,,0.554,,0.544
,,0.319,,0.514
,,0.422,,0.292
,,0.665,,0.342
,,0.449,,0.558
,,0.32,,0.239
,,0.285,,0.403
,,0.268,,0.3
,,0.312,,0.226
,,0.663,,0.34
,,0.415,,0.375
,,0.383,,0.653
,,0.434,,0.497
,,0.447,,0.317
,,0.299,,0.21
,,0.39,,0.528
,,0.619,,0.554
,,0.627,,0.355
,,0.553,,0.376
,,0.324,,0.772
,,0.329,,0.659
,,0.455,,0.454
,,0.238,,0.437
,,0.311,,0.319
,,0.433,,0.368
,,0.307,,0.256
,,0.35,,0.282
,,0.456,,0.289
,,0.596,,0.353
,,0.527,,0.535
,,0.264,,0.373
,,0.387,,0.559
,,0.289,,0.376
,,0.744,,0.999
,,0.567,,0.499
,,0.367,,0.357
,,0.2,,0.269
,,0.24,,0.37
,,0.807,,0.387
,,0.4,,0.299
,,0.376,,0.414
,,0.411,,0.372
,,0.394,,0.409
,,0.419,,0.429
,,0.582,,0.642
,,0.499,,0.285
,,0.284,,0.251
,,0.303,,0.391
,,0.341,,0.422
,,0.364,,0.841
,,0.246,,0.409
,,0.486,,0.321
,,0.497,,0.172
,,0.303,,0.262
,,0.62,,0.657
,,0.925,,0.582
,,0.319,,0.618
,,0.307,,0.334
,,0.31,,0.282
,,0.37,,0.255
,,0.402,,0.378
,,0.612,,0.503
,,0.306,,0.31
,,0.443,,0.537
,,0.361,,0.418
,,0.337,,0.382
,,0.473,,0.441
,,0.523,,0.314
,,0.397,,0.23
,,0.454,,0.432
,,0.334,,0.494
,,0.526,,0.54
,,0.411,,0.367
,,0.322,,0.317
,,0.424,,0.321
,,0.512,,0.535
,,0.5,,0.27
,,0.383,,0.492
,,0.36,,0.557
,,0.345,,0.405
,,0.567,,0.434
,,0.526,,0.469
,,0.305,,0.414
,,0.358,,0.33
,,0.527,,0.346
,,0.349,,0.254
,,0.455,,0.342
,,0.317,,0.29
,,0.418,,0.937
,,0.297,,0.597
,,0.308,,0.607
,,0.321,,0.371
,,0.544,,0.318
,,0.473,,0.353
,,0.252,,0.486
,,0.498,,0.633
,,0.445,,0.56
,,0.34,,0.732
,,0.261,,0.263
,,0.311,,0.37
,,0.645,,0.305
,,0.557,,0.262
,,0.302,,0.254
,,0.434,,0.469
,,0.549,,0.775
,,0.327,,0.396
,,0.442,,0.422
,,0.408,,0.399
,,0.463,,0.35
,,0.443,,0.244
,,0.454,,0.308
,,0.267,,0.595
,,0.247,,0.785
,,0.253,,0.295
,,0.448,,0.274
,,0.374,,0.44
,,0.269,,0.745
,,0.859,,0.47
,,0.383,,0.501
,,0.396,,0.249
,,0.258,,0.178
,,0.483,,0.6
,,0.292,,0.477
,,0.218,,0.286
,,0.322,,0.364
,,0.372,,0.325
,,0.542,,0.465
,,0.292,,0.25
,,0.326,,0.258
,,0.39,,0.345
,,0.387,,0.518
,,0.455,,0.606
,,0.339,,0.324
,,0.581,,0.257
,,0.46,,0.307
,,0.406,,0.468
,,0.498,,0.563
,,0.737,,0.351
,,0.348,,0.37
,,0.257,,0.303
,,0.37,,0.437
,,0.524,,0.588
,,0.361,,0.615
,,0.441,,0.388
,,0.325,,0.449
,,0.401,,0.395
,,0.419,,0.292
,,0.35,,0.213
,,0.486,,0.379
,,0.395,,0.298
,,0.285,,0.596
,,0.345,,0.322
,,0.403,,0.815
,,0.766,,0.569
,,0.431,,0.281
,,0.35,,0.223
,,0.394,,0.353
,,0.404,,0.38
,,0.372,,0.419
,,0.283,,0.358
,,0.378,,0.571
,,0.288,,0.53
,,0.536,,0.396
,,0.482,,0.653
,,0.518,,0.641
,,0.375,,0.304
,,0.494,,0.288
,,0.303,,0.35
,,0.47,,0.331
,,0.306,,0.576
,,0.545,,0.283
,,0.372,,0.23
,,0.455,,0.401
,,0.362,,0.373
,,0.529,,0.335
,,0.51,,0.539
,,0.306,,0.567
,,0.294,,0.344
,,0.358,,0.249
,,0.367,,0.554
,,0.57,,0.72
,,0.334,,0.658
,,0.444,,0.451
,,0.377,,0.235
,,0.304,,0.305
,,0.295,,0.342
,,0.351,,0.458
,,0.379,,0.469
,,0.351,,0.611
,,0.499,,0.405
,,0.487,,0.391
,,0.309,,0.917
,,0.391,,0.492
,,0.332,,0.258
,,0.463,,0.266
,,0.597,,0.339
,,0.5,,0.289
,,0.308,,0.365
,,0.621,,0.58
,,0.307,,0.452
,,0.411,,0.546
,,0.338,,0.357
,,0.369,,0.447
,,0.378,,0.311
,,0.235,,0.794
,,0.238,,0.437
,,0.361,,0.504
,,0.377,,0.291
,,0.374,,0.251
,,0.345,,0.212
,,0.408,,0.414
,,0.981,,0.514
,,0.375,,0.369
,,0.259,,0.326
,,0.244,,0.305
,,0.578,,0.555
,,0.489,,0.426
,,0.391,,0.368
,,0.561,,0.557
,,0.297,,0.364
,,0.323,,0.362
,,0.435,,0.613
,,0.306,,0.987
,,0.544,,0.306
,,0.563,,0.534
,,0.595,,0.393
,,0.349,,0.406
,,0.222,,0.372
,,0.447,,0.63
,,0.425,,0.387
,,0.449,,0.497
,,0.413,,0.335
,,0.571,,0.594
,,0.276,,0.534
,,0.243,,0.479
,,0.238,,0.634
,,0.485,,0.35
,,0.459,,0.488
,,0.439,,0.283
,,0.378,,0.322
,,0.355,,0.264
,,0.386,,0.613
,,0.266,,0.406
,,0.399,,0.325
,,0.287,,0.298
,,0.569,,0.878
,,0.358,,0.958
,,0.177,,0.397
,,0.283,,0.473
,,0.707,,0.26
,,0.353,,0.282
,,0.267,,0.539
,,0.286,,0.27
,,0.365,,0.743
,,0.601,,0.507
,,0.661,,0.369
,,0.49,,0.246
,,0.26,,0.254
,,0.317,,0.293
,,0.325,,0.894
,,0.383,,0.546
,,0.551,,0.343
,,0.289,,0.195
,,0.331,,0.397
,,0.283,,0.231
,,0.3,,0.448
,,0.397,,0.516
,,0.27,,0.307
,,0.42,,0.513
,,0.482,,0.672
,,0.469,,0.377
,,0.237,,0.218
,,0.343,,0.298
,,1.198,,0.31
,,0.651,,0.702
,,0.469,,0.598
,,0.552,,0.359
,,0.329,,0.332
,,0.306,,0.281
,,0.279,,0.234
,,0.449,,0.451
,,0.38,,0.442
,,0.466,,0.409
,,0.413,,0.505
,,0.243,,0.544
,,0.428,,0.65
,,0.378,,0.526
,,0.475,,0.355
,,0.294,,0.292
,,0.377,,0.333
,,0.418,,0.375
,,0.517,,0.809
,,0.467,,0.52
,,0.462,,0.309
,,0.269,,0.368
,,0.338,,0.343
,,0.395,,0.315
,,0.407,,0.383
,,0.33,,0.815
,,0.38,,0.574
,,0.401,,0.463
,,0.508,,0.469
,,0.393,,0.427
,,0.323,,0.474
,,0.254,,0.289
,,0.56,,0.276
,,0.569,,0.391
,,0.428,,0.321
,,0.25,,0.47
,,0.22,,0.472
,,0.537,,0.409
,,0.433,,0.355
,,0.36,,0.267
,,0.415,,0.308
,,0.391,,0.259
,,0.356,,0.493
,,0.592,,0.519
,,0.392,,0.333
,,0.295,,0.399
,,0.61,,0.279
,,0.442,,0.434
,,1.033,,0.408
,,0.393,,0.368
,,0.254,,0.353
,,0.564,,0.464
,,0.48,,0.462
,,0.383,,0.326
,,0.66,,0.25
,,0.426,,0.342
,,0.34,,0.535
,,0.459,,0.421
,,0.446,,0.426
,,0.542,,0.393
,,0.509,,0.302
,,0.402,,0.461
,,0.432,,0.61
,,0.325,,0.894
,,0.706,,0.799
,,0.272,,0.6
,,0.342,,0.302
,,0.394,,0.268
,,0.366,,0.247
,,0.416,,0.451
,,0.479,,0.48
,,0.502,,0.832
,,0.339,,0.299
,,0.279,,0.314
,,0.476,,0.221
,,0.325,,0.297
,,0.427,,0.255
,,0.315,,0.545
,,0.618,,0.461
,,0.389,,0.228
,,0.289,,0.269
,,0.386,,0.479
,,0.306,,0.506
,,0.517,,0.239
,,0.346,,0.368
,,0.278,,0.35
,,0.608,,0.618
,,0.348,,0.646
,,0.253,,0.359
,,0.202,,0.261
,,0.328,,0.307
,,0.388,,0.756
,,0.707,,0.299
,,0.309,,0.269
,,0.217,,0.361
,,0.226,,0.223
,,0.362,,0.217
,,0.865,,0.389
,,0.354,,0.271
,,0.31,,0.432
,,0.277,,0.405
,,0.362,,0.293
,,0.307,,0.217
,,0.43,,0.368
,,0.364,,0.348
,,0.447,,0.393
,,0.268,,0.32
,,0.439,,0.476
,,0.325,,0.42
,,0.181,,0.416
,,0.54,,0.673
,,0.376,,0.516
,,0.316,,0.58
,,0.342,,0.357
,,0.284,,0.224
,,0.421,,0.313
,,0.416,,0.321
,,0.312,,0.306
,,0.241,,0.362
,,0.316,,0.329
,,0.355,,0.414
,,0.553,,0.284
,,0.315,,0.434
,,0.298,,0.259
,,0.451,,0.35
,,0.543,,0.357
,,0.433,,0.366
,,0.274,,0.44
,,0.251,,0.61
,,0.292,,0.519
,,0.737,,0.474
,,0.37,,0.246
,,0.363,,0.353
,,0.41,,0.391
,,0.248,,0.37
,,0.521,,0.208
,,0.294,,0.287
,,0.492,,0.286
,,0.701,,0.228
,,0.337,,0.405
,,0.265,,0.455
,,0.329,,0.635
,,0.33,,0.977
,,0.35,,0.457
,,0.519,,0.475
,,0.333,,0.276
,,0.525,,0.242
,,0.464,,0.214
,,0.364,,0.386
,,0.257,,0.429
,,0.306,,0.374
,,0.419,,0.259
,,0.405,,0.48
,,0.305,,0.539
,,0.378,,0.333
,,0.548,,0.408
,,0.33,,1.085
,,0.337,,0.329
,,0.264,,0.82
,,0.493,,0.578
,,0.282,,0.342
,,0.271,,0.322
,,0.397,,0.264
,,0.773,,0.319
,,0.36,,0.492
,,0.275,,0.705
,,0.308,,0.449
,,0.477,,0.317
,,0.361,,0.256
,,0.43,,0.319
,,0.365,,0.39
,,0.748,,0.279
,,0.596,,0.353
,,0.274,,0.474
,,0.509,,0.54
,,0.431,,0.303
,,0.291,,0.331
,,0.442,,0.467
,,0.34,,0.655
,,0.409,,0.413
,,0.363,,0.582
,,0.568,,0.275
,,0.669,,0.472
,,0.352,,0.433
,,0.297,,0.316
,,0.574,,0.267
,,0.48,,0.426
,,0.21,,0.41
,,0.749,,0.28
,,0.309,,0.383
,,0.339,,0.281
,,0.27,,0.284
,,0.298,,0.691
,,0.613,,0.532
,,0.884,,0.293
,,0.324,,0.223
,,0.424,,0.203
,,0.38,,0.233
,,0.43,,0.334
,,0.365,,0.896
,,0.199,,0.531
,,0.541,,0.211
,,0.329,,0.3
,,0.35,,0.34
,,0.376,,0.314
,,0.287,,0.683
,,0.309,,0.409
,,0.336,,0.411
,,0.461,,0.199
,,0.23,,0.595
,,0.268,,0.353
,,0.331,,0.375
,,0.786,,0.361
,,0.764,,0.443
,,0.375,,0.359
,,0.256,,0.502
,,0.199,,0.501
,,0.267,,0.322
,,0.634,,0.282
,,0.318,,0.395
,,0.302,,0.257
,,0.45,,0.328
,,0.345,,0.388
,,0.426,,0.27
,,0.467,,0.306
,,0.405,,0.409
,,0.375,,0.606
,,0.289,,0.527
,,0.259,,0.256
,,0.464,,0.357
,,0.341,,0.237
,,0.338,,0.515
,,0.29,,0.242
,,0.292,,0.293
,,0.45,,0.566
,,0.841,,0.84
,,0.465,,0.463
,,0.304,,0.489
,,0.214,,0.247
,,0.391,,0.369
,,0.692,,0.264
,,0.374,,0.276
,,0.248,,0.319
,,0.307,,0.385
,,0.391,,0.281
,,0.55,,0.399
,,0.297,,0.585
,,0.242,,0.314
,,0.391,,0.407
,,0.523,,0.345
,,0.382,,0.441
,,0.342,,0.52
,,0.268,,0.428
,,0.335,,0.313
,,0.423,,0.295
,,0.549,,0.312
,,0.379,,0.281
,,0.264,,0.239
,,0.312,,0.806
,,0.542,,0.523
,,0.366,,0.365
,,0.352,,0.204
,,0.241,,0.262
,,0.446,,0.273
,,0.431,,0.41
,,0.338,,0.486
,,0.449,,0.351
,,0.513,,0.218
,,0.357,,0.462
,,0.291,,0.608
,,0.308,,0.492
,,0.31,,0.278
,,0.299,,0.218
,,0.302,,0.217
,,0.471,,0.216
,,0.383,,0.782
,,0.735,,0.535
,,0.361,,0.411
,,0.247,,0.358
,,0.513,,0.297
,,0.296,,0.346
,,0.311,,0.434
,,0.36,,0.451
,,0.395,,0.322
,,0.445,,0.274
,,0.36,,0.346
,,0.276,,0.266
,,0.282,,0.233
,,0.478,,0.332
,,0.366,,0.474
,,0.243,,0.295
,,0.42,,0.188
,,0.232,,0.314
,,0.318,,0.639
,,0.497,,0.559
,,0.334,,0.279
,,0.344,,0.255
,,0.301,,0.188
,,0.27,,0.609
,,0.251,,0.394
,,0.503,,0.354
,,0.447,,0.38
,,0.424,,0.277
,,0.419,,0.278
,,0.217,,0.405
,,0.318,,0.395
,,0.436,,0.332
,,0.245,,0.3
,,0.547,,0.664
,,0.304,,0.671
,,0.425,,0.351
,,0.539,,0.27
,,0.481,,0.38
,,0.218,,0.267
,,0.252,,0.354
,,0.268,,0.341
,,0.369,,0.95
,,0.397,,0.484
,,0.404,,0.239
,,0.454,,0.316
,,0.379,,0.344
,,0.27,,0.494
,,0.259,,0.38
,,0.361,,0.559
,,0.426,,0.368
,,0.304,,0.509
,,0.19,,0.245
,,0.639,,0.31
,,0.593,,0.272
,,0.243,,0.363
,,0.337,,0.361
,,0.249,,0.382
,,0.352,,0.254
,,0.491,,0.327
,,0.441,,0.213
,,0.434,,0.278
,,0.281,,0.823
,,0.586,,0.301
,,0.3,,0.256
,,0.345,,0.245
,,0.242,,0.239
,,0.324,,0.277
,,0.372,,0.476
,,0.47,,0.254
,,0.403,,0.36
,,0.226,,1.281
,,0.318,,0.34
,,0.289,,0.273
,,0.388,,0.424
,,0.28,,0.391
,,0.344,,0.307
,,0.553,,0.315
,,0.293,,0.415
,,0.371,,0.479
,,1.095,,0.36
,,0.39,,0.3
,,0.4,,0.228
,,0.289,,0.42
,,0.326,,0.334
,,0.463,,0.394
,,0.304,,0.46
,,0.45,,0.23
,,0.399,,0.262
,,0.374,,0.32
,,0.256,,0.291
,,0.436,,0.25
,,0.568,,0.256
,,0.597,,0.41
,,0.368,,0.299
,,0.275,,0.284
,,0.486,,0.509
,,0.408,,0.558
,,0.492,,0.352
,,0.436,,0.214
,,0.338,,0.277
,,0.262,,0.585
,,0.278,,0.811
,,0.373,,0.214
,,0.75,,0.22
,,0.557,,0.299
,,0.363,,0.248
,,0.66,,0.342
,,0.295,,0.47
,,0.296,,0.437
,,0.297,,0.302
,,0.382,,0.404
,,0.573,,0.243
,,0.385,,0.751
,,0.472,,0.259
,,1.363,,0.301
,,0.543,,0.187
,,0.325,,0.554
,,0.343,,0.532
,,0.253,,0.381
,,0.334,,0.433
,,0.336,,0.303
,,0.331,,0.296
,,0.42,,0.372
,,0.375,,0.378
,,0.431,,0.301
,,0.436,,0.227
,,0.374,,0.324
,,0.308,,0.48
,,0.29,,0.356
,,0.431,,0.269
,,0.252,,0.212
,,0.481,,0.261
,,0.475,,0.276
,,0.416,,0.654
,,0.347,,0.382
,,0.295,,0.311
,,0.351,,0.312
,,0.51,,0.357
,,0.292,,0.321
,,0.323,,0.395
,,0.295,,0.554
,,0.418,,1.141
,,0.372,,0.575
,,0.203,,0.285
,,0.31,,0.382
,,0.706,,0.274
,,0.788,,0.367
,,0.361,,0.388
,,0.258,,0.353
,,0.307,,0.381
,,0.335,,0.399
,,0.424,,0.483
,,0.424,,0.377
,,0.36,,0.357
,,0.525,,0.276
,,0.3,,0.401
,,0.243,,0.436
,,0.306,,0.24
,,0.357,,0.485
,,0.414,,0.283
,,0.31,,0.438
,,0.4,,0.365
,,0.307,,0.221
,,0.33,,0.442
,,0.547,,0.248
,,0.671,,0.249
,,0.472,,0.269
,,0.279,,0.738
,,0.348,,0.416
,,0.36,,0.361
,,0.324,,0.375
,,0.442,,0.417
,,0.466,,0.468
,,0.308,,0.375
,,0.253,,0.508
,,0.236,,0.631
,,0.321,,0.24
,,0.402,,0.198
,,0.422,,0.285
,,0.373,,0.448
,,0.252,,0.282
,,0.295,,0.359
,,0.373,,0.677
,,0.458,,0.366
,,0.378,,0.374
,,0.34,,0.18
,,0.295,,0.277
,,0.326,,0.526
,,0.491,,0.353
,,0.309,,0.286
,,0.345,,0.215
,,0.281,,0.315
,,0.412,,0.536
,,0.49,,0.511
,,0.474,,0.253
,,0.389,,0.239
,,0.213,,0.398
,,0.423,,0.493
,,0.396,,0.306
,,0.376,,0.314
,,0.46,,0.222
,,0.304,,0.412
,,0.32,,0.46
,,0.28,,0.248
,,0.272,,0.326
,,0.354,,0.264
,,0.342,,0.532
,,0.496,,0.309
,,0.316,,0.65
,,0.31,,0.4
,,0.224,,0.335
,,0.277,,0.211
,,0.315,,0.334
,,0.33,,0.246
,,0.526,,0.262
,,0.242,,0.234
,,0.331,,0.418
,,0.477,,0.371
,,0.66,,0.307
,,0.285,,0.301
,,0.304,,0.322
,,0.322,,0.363
,,0.385,,0.224
,,0.273,,0.396
,,0.316,,0.358
,,0.302,,0.513
,,0.351,,0.347
,,0.438,,0.813
,,0.468,,0.448
,,0.234,,0.288
,,0.231,,0.245
,,0.27,,0.169
,,0.371,,0.27
,,0.38,,0.195
,,0.323,,0.274
,,0.488,,0.36
,,0.366,,0.347
,,0.29,,0.692
,,0.302,,0.377
,,0.444,,0.41
,,0.276,,0.344
,,0.479,,0.242
,,0.326,,0.259
,,0.372,,0.346
,,0.278,,0.298
,,0.27,,0.471
,,0.256,,0.519
,,0.494,,0.35
,,0.822,,0.234
,,0.44,,0.261
,,0.22,,0.575
,,0.229,,0.459
,,0.265,,0.408
,,0.374,,0.551
,,0.327,,0.612
,,0.303,,0.38
,,0.263,,0.224
,,0.295,,0.242
,,0.357,,0.385
,,0.305,,0.731
,,0.257,,0.344
,,0.379,,0.219
,,0.407,,0.212
,,0.503,,0.253
,,0.349,,0.377
,,0.359,,0.498
,,0.217,,0.25
,,0.362,,0.359
,,0.319,,0.331
,,0.315,,0.343
,,0.409,,0.462
,,0.286,,0.322
,,0.517,,0.326
,,0.278,,0.334
,,0.334,,0.224
,,0.252,,0.903
,,0.26,,0.339
,,0.333,,0.223
,,0.626,,0.279
,,0.271,,0.33
,,0.227,,0.186
,,0.583,,0.335
,,0.242,,0.371
,,0.251,,0.379
,,0.357,,0.425
,,0.429,,0.336
,,0.34,,0.195
,,0.273,,0.41
,,0.27,,0.663
,,0.216,,0.653
,,0.327,,0.357
,,0.71,,0.199
,,0.496,,0.27
,,0.295,,0.214
,,0.304,,0.558
,,0.265,,0.308
,,0.384,,0.279
,,0.23,,0.207
,,0.266,,0.219
,,0.461,,0.302
,,0.649,,0.375
,,0.29,,0.405
,,0.229,,0.5
,,0.48,,0.381
,,0.243,,0.296
,,0.229,,0.275
,,0.314,,0.28
,,0.419,,0.32
,,0.218,,0.301
,,0.188,,0.81
,,0.384,,0.701
,,0.619,,0.329
,,0.334,,0.47
,,0.283,,0.232
,,0.374,,0.17
,,0.348,,0.44
,,0.259,,0.536
,,0.209,,0.228
,,0.207,,0.366
,,0.413,,0.244
,,0.545,,0.232
,,0.217,,0.381
,,0.271,,0.457
,,0.604,,0.281
,,0.663,,0.277
,,0.339,,0.324
,,0.248,,0.386
,,0.281,,0.34
,,0.847,,0.247
,,0.406,,0.2
,,0.364,,0.292
,,0.274,,0.515
,,0.167,,0.554
,,0.353,,0.496
,,0.257,,0.268
,,0.419,,0.269
,,0.619,,0.217
,,0.303,,0.261
,,0.217,,0.241
,,0.225,,0.537
,,0.286,,0.313
,,0.373,,0.239
,,0.633,,0.209
,,0.261,,0.389
,,0.245,,0.372
,,0.244,,0.662
,,0.482,,0.458
,,0.386,,0.351
,,0.308,,0.199
,,0.376,,0.18
,,0.354,,0.242
,,0.316,,0.471
,,0.358,,0.422
,,0.254,,0.664
,,0.327,,0.354
,,0.253,,0.233