,inputs,outputs,nb_plays-50-units-50-__activation__-elu-__nb_plays__-25-__units__-25-ensemble-1=predictions,nb_plays-50-units-50-__activation__-elu-__nb_plays__-25-__units__-25-ensemble-2=predictions,nb_plays-50-units-50-__activation__-elu-__nb_plays__-25-__units__-25-ensemble-3=predictions,nb_plays-50-units-50-__activation__-elu-__nb_plays__-25-__units__-25-ensemble-4=predictions,nb_plays-50-units-50-__activation__-elu-__nb_plays__-25-__units__-25-ensemble-5=predictions,nb_plays-50-units-50-__activation__-elu-__nb_plays__-25-__units__-25-ensemble-6=predictions,nb_plays-50-units-50-__activation__-elu-__nb_plays__-25-__units__-25-ensemble-7=predictions,nb_plays-50-units-50-__activation__-elu-__nb_plays__-25-__units__-25-ensemble-8=predictions,nb_plays-50-units-50-__activation__-elu-__nb_plays__-25-__units__-25-ensemble-9=predictions,nb_plays-50-units-50-__activation__-elu-__nb_plays__-25-__units__-25-ensemble-10=predictions,nb_plays-50-units-50-__activation__-elu-__nb_plays__-25-__units__-25-ensemble-11=predictions,nb_plays-50-units-50-__activation__-elu-__nb_plays__-25-__units__-25-ensemble-12=predictions,nb_plays-50-units-50-__activation__-elu-__nb_plays__-25-__units__-25-ensemble-13=predictions,nb_plays-50-units-50-__activation__-elu-__nb_plays__-25-__units__-25-ensemble-14=predictions,nb_plays-50-units-50-__activation__-elu-__nb_plays__-25-__units__-25-ensemble-15=predictions,nb_plays-50-units-50-__activation__-elu-__nb_plays__-25-__units__-25-ensemble-16=predictions,nb_plays-50-units-50-__activation__-elu-__nb_plays__-25-__units__-25-ensemble-17=predictions,nb_plays-50-units-50-__activation__-elu-__nb_plays__-25-__units__-25-ensemble-18=predictions,nb_plays-50-units-50-__activation__-elu-__nb_plays__-25-__units__-25-ensemble-19=predictions,nb_plays-50-units-50-__activation__-elu-__nb_plays__-25-__units__-25-ensemble-20=predictions,lower,higher,average
0,0,9.354,9.28,9.27,9.277,9.331,9.276,9.32,9.286,9.281,9.283,9.254,9.274,9.323,9.356,9.236,9.337,9.324,9.315,9.273,9.293,9.25,9.236,9.356,9.29195
1,0.3,9.628,9.524,9.533,9.532,9.543,9.478,9.569,9.552,9.668,9.535,9.558,9.542,9.6,9.601,9.53,9.579,9.608,9.541,9.451,9.56,9.529,9.451,9.668,9.55165
2,0.1,9.628,9.491,9.488,9.492,9.506,9.448,9.523,9.504,9.595,9.497,9.501,9.502,9.551,9.557,9.472,9.531,9.562,9.503,9.433,9.512,9.49,9.433,9.595,9.5079
3,0.5,10.312,10.102,10.192,10.126,10.246,10.105,10.217,10.209,10.29,10.101,10.183,10.117,10.225,10.226,10.151,10.193,10.284,10.077,10.104,10.175,10.108,10.077,10.29,10.17155
4,0,9.354,9.28,9.27,9.277,9.331,9.276,9.32,9.286,9.281,9.283,9.254,9.274,9.323,9.356,9.236,9.337,9.324,9.315,9.273,9.293,9.25,9.236,9.356,9.29195
5,0.1,9.354,9.28,9.27,9.277,9.331,9.276,9.32,9.286,9.281,9.283,9.254,9.274,9.323,9.356,9.236,9.337,9.324,9.315,9.273,9.293,9.25,9.236,9.356,9.29195
6,0.5,10.312,10.102,10.192,10.126,10.246,10.105,10.217,10.209,10.29,10.101,10.183,10.117,10.225,10.226,10.151,10.193,10.284,10.077,10.104,10.175,10.108,10.077,10.29,10.17155
7,0,9.354,9.28,9.27,9.277,9.331,9.276,9.32,9.286,9.281,9.283,9.254,9.274,9.323,9.356,9.236,9.337,9.324,9.315,9.273,9.293,9.25,9.236,9.356,9.29195
8,0.3,9.628,9.524,9.533,9.532,9.543,9.478,9.569,9.552,9.668,9.535,9.558,9.542,9.6,9.601,9.53,9.579,9.608,9.541,9.451,9.56,9.529,9.451,9.668,9.55165
9,0.1,9.628,9.491,9.488,9.492,9.506,9.448,9.523,9.504,9.595,9.497,9.501,9.502,9.551,9.557,9.472,9.531,9.562,9.503,9.433,9.512,9.49,9.433,9.595,9.5079
10,0.5,10.312,10.102,10.192,10.126,10.246,10.105,10.217,10.209,10.29,10.101,10.183,10.117,10.225,10.226,10.151,10.193,10.284,10.077,10.104,10.175,10.108,10.077,10.29,10.17155
11,0,9.354,9.28,9.27,9.277,9.331,9.276,9.32,9.286,9.281,9.283,9.254,9.274,9.323,9.356,9.236,9.337,9.324,9.315,9.273,9.293,9.25,9.236,9.356,9.29195
12,0.1,9.354,9.28,9.27,9.277,9.331,9.276,9.32,9.286,9.281,9.283,9.254,9.274,9.323,9.356,9.236,9.337,9.324,9.315,9.273,9.293,9.25,9.236,9.356,9.29195
13,0.5,10.312,10.102,10.192,10.126,10.246,10.105,10.217,10.209,10.29,10.101,10.183,10.117,10.225,10.226,10.151,10.193,10.284,10.077,10.104,10.175,10.108,10.077,10.29,10.17155
14,0,9.354,9.28,9.27,9.277,9.331,9.276,9.32,9.286,9.281,9.283,9.254,9.274,9.323,9.356,9.236,9.337,9.324,9.315,9.273,9.293,9.25,9.236,9.356,9.29195
15,0.3,9.628,9.524,9.533,9.532,9.543,9.478,9.569,9.552,9.668,9.535,9.558,9.542,9.6,9.601,9.53,9.579,9.608,9.541,9.451,9.56,9.529,9.451,9.668,9.55165
16,0.1,9.628,9.491,9.488,9.492,9.506,9.448,9.523,9.504,9.595,9.497,9.501,9.502,9.551,9.557,9.472,9.531,9.562,9.503,9.433,9.512,9.49,9.433,9.595,9.5079
17,0.5,10.312,10.102,10.192,10.126,10.246,10.105,10.217,10.209,10.29,10.101,10.183,10.117,10.225,10.226,10.151,10.193,10.284,10.077,10.104,10.175,10.108,10.077,10.29,10.17155
18,0,9.354,9.28,9.27,9.277,9.331,9.276,9.32,9.286,9.281,9.283,9.254,9.274,9.323,9.356,9.236,9.337,9.324,9.315,9.273,9.293,9.25,9.236,9.356,9.29195
19,0.1,9.354,9.28,9.27,9.277,9.331,9.276,9.32,9.286,9.281,9.283,9.254,9.274,9.323,9.356,9.236,9.337,9.324,9.315,9.273,9.293,9.25,9.236,9.356,9.29195
20,0.5,10.312,10.102,10.192,10.126,10.246,10.105,10.217,10.209,10.29,10.101,10.183,10.117,10.225,10.226,10.151,10.193,10.284,10.077,10.104,10.175,10.108,10.077,10.29,10.17155
21,0,9.354,9.28,9.27,9.277,9.331,9.276,9.32,9.286,9.281,9.283,9.254,9.274,9.323,9.356,9.236,9.337,9.324,9.315,9.273,9.293,9.25,9.236,9.356,9.29195
22,0.3,9.628,9.524,9.533,9.532,9.543,9.478,9.569,9.552,9.668,9.535,9.558,9.542,9.6,9.601,9.53,9.579,9.608,9.541,9.451,9.56,9.529,9.451,9.668,9.55165
23,0.1,9.628,9.491,9.488,9.492,9.506,9.448,9.523,9.504,9.595,9.497,9.501,9.502,9.551,9.557,9.472,9.531,9.562,9.503,9.433,9.512,9.49,9.433,9.595,9.5079
24,0.5,10.312,10.102,10.192,10.126,10.246,10.105,10.217,10.209,10.29,10.101,10.183,10.117,10.225,10.226,10.151,10.193,10.284,10.077,10.104,10.175,10.108,10.077,10.29,10.17155
25,0,9.354,9.28,9.27,9.277,9.331,9.276,9.32,9.286,9.281,9.283,9.254,9.274,9.323,9.356,9.236,9.337,9.324,9.315,9.273,9.293,9.25,9.236,9.356,9.29195
26,0.1,9.354,9.28,9.27,9.277,9.331,9.276,9.32,9.286,9.281,9.283,9.254,9.274,9.323,9.356,9.236,9.337,9.324,9.315,9.273,9.293,9.25,9.236,9.356,9.29195
27,0.5,10.312,10.102,10.192,10.126,10.246,10.105,10.217,10.209,10.29,10.101,10.183,10.117,10.225,10.226,10.151,10.193,10.284,10.077,10.104,10.175,10.108,10.077,10.29,10.17155
28,0,9.354,9.28,9.27,9.277,9.331,9.276,9.32,9.286,9.281,9.283,9.254,9.274,9.323,9.356,9.236,9.337,9.324,9.315,9.273,9.293,9.25,9.236,9.356,9.29195
29,0.3,9.628,9.524,9.533,9.532,9.543,9.478,9.569,9.552,9.668,9.535,9.558,9.542,9.6,9.601,9.53,9.579,9.608,9.541,9.451,9.56,9.529,9.451,9.668,9.55165
30,0.1,9.628,9.491,9.488,9.492,9.506,9.448,9.523,9.504,9.595,9.497,9.501,9.502,9.551,9.557,9.472,9.531,9.562,9.503,9.433,9.512,9.49,9.433,9.595,9.5079
31,0.5,10.312,10.102,10.192,10.126,10.246,10.105,10.217,10.209,10.29,10.101,10.183,10.117,10.225,10.226,10.151,10.193,10.284,10.077,10.104,10.175,10.108,10.077,10.29,10.17155
32,0,9.354,9.28,9.27,9.277,9.331,9.276,9.32,9.286,9.281,9.283,9.254,9.274,9.323,9.356,9.236,9.337,9.324,9.315,9.273,9.293,9.25,9.236,9.356,9.29195
33,0.1,9.354,9.28,9.27,9.277,9.331,9.276,9.32,9.286,9.281,9.283,9.254,9.274,9.323,9.356,9.236,9.337,9.324,9.315,9.273,9.293,9.25,9.236,9.356,9.29195
34,0.5,10.312,10.102,10.192,10.126,10.246,10.105,10.217,10.209,10.29,10.101,10.183,10.117,10.225,10.226,10.151,10.193,10.284,10.077,10.104,10.175,10.108,10.077,10.29,10.17155
35,0,9.354,9.28,9.27,9.277,9.331,9.276,9.32,9.286,9.281,9.283,9.254,9.274,9.323,9.356,9.236,9.337,9.324,9.315,9.273,9.293,9.25,9.236,9.356,9.29195
36,0.3,9.628,9.524,9.533,9.532,9.543,9.478,9.569,9.552,9.668,9.535,9.558,9.542,9.6,9.601,9.53,9.579,9.608,9.541,9.451,9.56,9.529,9.451,9.668,9.55165
37,0.1,9.628,9.491,9.488,9.492,9.506,9.448,9.523,9.504,9.595,9.497,9.501,9.502,9.551,9.557,9.472,9.531,9.562,9.503,9.433,9.512,9.49,9.433,9.595,9.5079
38,0.5,10.312,10.102,10.192,10.126,10.246,10.105,10.217,10.209,10.29,10.101,10.183,10.117,10.225,10.226,10.151,10.193,10.284,10.077,10.104,10.175,10.108,10.077,10.29,10.17155
39,0,9.354,9.28,9.27,9.277,9.331,9.276,9.32,9.286,9.281,9.283,9.254,9.274,9.323,9.356,9.236,9.337,9.324,9.315,9.273,9.293,9.25,9.236,9.356,9.29195
40,0.1,9.354,9.28,9.27,9.277,9.331,9.276,9.32,9.286,9.281,9.283,9.254,9.274,9.323,9.356,9.236,9.337,9.324,9.315,9.273,9.293,9.25,9.236,9.356,9.29195
41,0.5,10.312,10.102,10.192,10.126,10.246,10.105,10.217,10.209,10.29,10.101,10.183,10.117,10.225,10.226,10.151,10.193,10.284,10.077,10.104,10.175,10.108,10.077,10.29,10.17155
42,0,9.354,9.28,9.27,9.277,9.331,9.276,9.32,9.286,9.281,9.283,9.254,9.274,9.323,9.356,9.236,9.337,9.324,9.315,9.273,9.293,9.25,9.236,9.356,9.29195
43,0.3,9.628,9.524,9.533,9.532,9.543,9.478,9.569,9.552,9.668,9.535,9.558,9.542,9.6,9.601,9.53,9.579,9.608,9.541,9.451,9.56,9.529,9.451,9.668,9.55165
44,0.1,9.628,9.491,9.488,9.492,9.506,9.448,9.523,9.504,9.595,9.497,9.501,9.502,9.551,9.557,9.472,9.531,9.562,9.503,9.433,9.512,9.49,9.433,9.595,9.5079
45,0.5,10.312,10.102,10.192,10.126,10.246,10.105,10.217,10.209,10.29,10.101,10.183,10.117,10.225,10.226,10.151,10.193,10.284,10.077,10.104,10.175,10.108,10.077,10.29,10.17155
46,0,9.354,9.28,9.27,9.277,9.331,9.276,9.32,9.286,9.281,9.283,9.254,9.274,9.323,9.356,9.236,9.337,9.324,9.315,9.273,9.293,9.25,9.236,9.356,9.29195
47,0.1,9.354,9.28,9.27,9.277,9.331,9.276,9.32,9.286,9.281,9.283,9.254,9.274,9.323,9.356,9.236,9.337,9.324,9.315,9.273,9.293,9.25,9.236,9.356,9.29195
48,0.5,10.312,10.102,10.192,10.126,10.246,10.105,10.217,10.209,10.29,10.101,10.183,10.117,10.225,10.226,10.151,10.193,10.284,10.077,10.104,10.175,10.108,10.077,10.29,10.17155
49,0,9.354,9.28,9.27,9.277,9.331,9.276,9.32,9.286,9.281,9.283,9.254,9.274,9.323,9.356,9.236,9.337,9.324,9.315,9.273,9.293,9.25,9.236,9.356,9.29195
50,0.429,10.019,9.855,9.934,9.91,9.964,9.836,9.944,9.941,10.051,9.888,9.946,9.881,9.954,9.953,9.899,9.906,10.017,9.842,9.842,9.952,9.87,9.836,10.051,9.91925
51,0.143,9.784,9.667,9.708,9.709,9.835,9.68,9.736,9.735,9.773,9.712,9.752,9.69,9.747,9.753,9.683,9.72,9.801,9.658,9.714,9.733,9.652,9.652,9.835,9.7229
52,0.714,11.297,11.062,11.1,10.995,11.169,11.046,11.136,11.04,11.144,10.97,11.14,10.984,11.082,11.208,11.069,11.222,11.208,10.913,11.043,11.11,10.989,10.913,11.222,11.0815
53,0,9.354,9.28,9.27,9.277,9.331,9.276,9.32,9.286,9.281,9.283,9.254,9.274,9.323,9.356,9.236,9.337,9.324,9.315,9.273,9.293,9.25,9.236,9.356,9.29195
54,0.143,9.354,9.28,9.27,9.277,9.331,9.276,9.32,9.286,9.281,9.283,9.254,9.274,9.323,9.356,9.236,9.337,9.324,9.315,9.273,9.293,9.25,9.236,9.356,9.29195
55,0.714,11.297,11.062,11.1,10.995,11.169,11.046,11.136,11.04,11.144,10.97,11.14,10.984,11.082,11.208,11.069,11.222,11.208,10.913,11.043,11.11,10.989,10.913,11.222,11.0815
56,0,9.354,9.28,9.27,9.277,9.331,9.276,9.32,9.286,9.281,9.283,9.254,9.274,9.323,9.356,9.236,9.337,9.324,9.315,9.273,9.293,9.25,9.236,9.356,9.29195
57,0.429,10.019,9.855,9.934,9.91,9.964,9.836,9.944,9.941,10.051,9.888,9.946,9.881,9.954,9.953,9.899,9.906,10.017,9.842,9.842,9.952,9.87,9.836,10.051,9.91925
58,0.143,9.784,9.667,9.708,9.709,9.835,9.68,9.736,9.735,9.773,9.712,9.752,9.69,9.747,9.753,9.683,9.72,9.801,9.658,9.714,9.733,9.652,9.652,9.835,9.7229
59,0.714,11.297,11.062,11.1,10.995,11.169,11.046,11.136,11.04,11.144,10.97,11.14,10.984,11.082,11.208,11.069,11.222,11.208,10.913,11.043,11.11,10.989,10.913,11.222,11.0815
60,0,9.354,9.28,9.27,9.277,9.331,9.276,9.32,9.286,9.281,9.283,9.254,9.274,9.323,9.356,9.236,9.337,9.324,9.315,9.273,9.293,9.25,9.236,9.356,9.29195
61,0.143,9.354,9.28,9.27,9.277,9.331,9.276,9.32,9.286,9.281,9.283,9.254,9.274,9.323,9.356,9.236,9.337,9.324,9.315,9.273,9.293,9.25,9.236,9.356,9.29195
62,0.714,11.297,11.062,11.1,10.995,11.169,11.046,11.136,11.04,11.144,10.97,11.14,10.984,11.082,11.208,11.069,11.222,11.208,10.913,11.043,11.11,10.989,10.913,11.222,11.0815
63,0,9.354,9.28,9.27,9.277,9.331,9.276,9.32,9.286,9.281,9.283,9.254,9.274,9.323,9.356,9.236,9.337,9.324,9.315,9.273,9.293,9.25,9.236,9.356,9.29195
64,0.429,10.019,9.855,9.934,9.91,9.964,9.836,9.944,9.941,10.051,9.888,9.946,9.881,9.954,9.953,9.899,9.906,10.017,9.842,9.842,9.952,9.87,9.836,10.051,9.91925
65,0.143,9.784,9.667,9.708,9.709,9.835,9.68,9.736,9.735,9.773,9.712,9.752,9.69,9.747,9.753,9.683,9.72,9.801,9.658,9.714,9.733,9.652,9.652,9.835,9.7229
66,0.714,11.297,11.062,11.1,10.995,11.169,11.046,11.136,11.04,11.144,10.97,11.14,10.984,11.082,11.208,11.069,11.222,11.208,10.913,11.043,11.11,10.989,10.913,11.222,11.0815
67,0,9.354,9.28,9.27,9.277,9.331,9.276,9.32,9.286,9.281,9.283,9.254,9.274,9.323,9.356,9.236,9.337,9.324,9.315,9.273,9.293,9.25,9.236,9.356,9.29195
68,0.143,9.354,9.28,9.27,9.277,9.331,9.276,9.32,9.286,9.281,9.283,9.254,9.274,9.323,9.356,9.236,9.337,9.324,9.315,9.273,9.293,9.25,9.236,9.356,9.29195
69,0.714,11.297,11.062,11.1,10.995,11.169,11.046,11.136,11.04,11.144,10.97,11.14,10.984,11.082,11.208,11.069,11.222,11.208,10.913,11.043,11.11,10.989,10.913,11.222,11.0815
70,0,9.354,9.28,9.27,9.277,9.331,9.276,9.32,9.286,9.281,9.283,9.254,9.274,9.323,9.356,9.236,9.337,9.324,9.315,9.273,9.293,9.25,9.236,9.356,9.29195
71,0.429,10.019,9.855,9.934,9.91,9.964,9.836,9.944,9.941,10.051,9.888,9.946,9.881,9.954,9.953,9.899,9.906,10.017,9.842,9.842,9.952,9.87,9.836,10.051,9.91925
72,0.143,9.784,9.667,9.708,9.709,9.835,9.68,9.736,9.735,9.773,9.712,9.752,9.69,9.747,9.753,9.683,9.72,9.801,9.658,9.714,9.733,9.652,9.652,9.835,9.7229
73,0.714,11.297,11.062,11.1,10.995,11.169,11.046,11.136,11.04,11.144,10.97,11.14,10.984,11.082,11.208,11.069,11.222,11.208,10.913,11.043,11.11,10.989,10.913,11.222,11.0815
74,0,9.354,9.28,9.27,9.277,9.331,9.276,9.32,9.286,9.281,9.283,9.254,9.274,9.323,9.356,9.236,9.337,9.324,9.315,9.273,9.293,9.25,9.236,9.356,9.29195
75,0.143,9.354,9.28,9.27,9.277,9.331,9.276,9.32,9.286,9.281,9.283,9.254,9.274,9.323,9.356,9.236,9.337,9.324,9.315,9.273,9.293,9.25,9.236,9.356,9.29195
76,0.714,11.297,11.062,11.1,10.995,11.169,11.046,11.136,11.04,11.144,10.97,11.14,10.984,11.082,11.208,11.069,11.222,11.208,10.913,11.043,11.11,10.989,10.913,11.222,11.0815
77,0,9.354,9.28,9.27,9.277,9.331,9.276,9.32,9.286,9.281,9.283,9.254,9.274,9.323,9.356,9.236,9.337,9.324,9.315,9.273,9.293,9.25,9.236,9.356,9.29195
78,0.429,10.019,9.855,9.934,9.91,9.964,9.836,9.944,9.941,10.051,9.888,9.946,9.881,9.954,9.953,9.899,9.906,10.017,9.842,9.842,9.952,9.87,9.836,10.051,9.91925
79,0.143,9.784,9.667,9.708,9.709,9.835,9.68,9.736,9.735,9.773,9.712,9.752,9.69,9.747,9.753,9.683,9.72,9.801,9.658,9.714,9.733,9.652,9.652,9.835,9.7229
80,0.714,11.297,11.062,11.1,10.995,11.169,11.046,11.136,11.04,11.144,10.97,11.14,10.984,11.082,11.208,11.069,11.222,11.208,10.913,11.043,11.11,10.989,10.913,11.222,11.0815
81,0,9.354,9.28,9.27,9.277,9.331,9.276,9.32,9.286,9.281,9.283,9.254,9.274,9.323,9.356,9.236,9.337,9.324,9.315,9.273,9.293,9.25,9.236,9.356,9.29195
82,0.143,9.354,9.28,9.27,9.277,9.331,9.276,9.32,9.286,9.281,9.283,9.254,9.274,9.323,9.356,9.236,9.337,9.324,9.315,9.273,9.293,9.25,9.236,9.356,9.29195
83,0.714,11.297,11.062,11.1,10.995,11.169,11.046,11.136,11.04,11.144,10.97,11.14,10.984,11.082,11.208,11.069,11.222,11.208,10.913,11.043,11.11,10.989,10.913,11.222,11.0815
84,0,9.354,9.28,9.27,9.277,9.331,9.276,9.32,9.286,9.281,9.283,9.254,9.274,9.323,9.356,9.236,9.337,9.324,9.315,9.273,9.293,9.25,9.236,9.356,9.29195
85,0.429,10.019,9.855,9.934,9.91,9.964,9.836,9.944,9.941,10.051,9.888,9.946,9.881,9.954,9.953,9.899,9.906,10.017,9.842,9.842,9.952,9.87,9.836,10.051,9.91925
86,0.143,9.784,9.667,9.708,9.709,9.835,9.68,9.736,9.735,9.773,9.712,9.752,9.69,9.747,9.753,9.683,9.72,9.801,9.658,9.714,9.733,9.652,9.652,9.835,9.7229
87,0.714,11.297,11.062,11.1,10.995,11.169,11.046,11.136,11.04,11.144,10.97,11.14,10.984,11.082,11.208,11.069,11.222,11.208,10.913,11.043,11.11,10.989,10.913,11.222,11.0815
88,0,9.354,9.28,9.27,9.277,9.331,9.276,9.32,9.286,9.281,9.283,9.254,9.274,9.323,9.356,9.236,9.337,9.324,9.315,9.273,9.293,9.25,9.236,9.356,9.29195
89,0.143,9.354,9.28,9.27,9.277,9.331,9.276,9.32,9.286,9.281,9.283,9.254,9.274,9.323,9.356,9.236,9.337,9.324,9.315,9.273,9.293,9.25,9.236,9.356,9.29195
90,0.714,11.297,11.062,11.1,10.995,11.169,11.046,11.136,11.04,11.144,10.97,11.14,10.984,11.082,11.208,11.069,11.222,11.208,10.913,11.043,11.11,10.989,10.913,11.222,11.0815
91,0,9.354,9.28,9.27,9.277,9.331,9.276,9.32,9.286,9.281,9.283,9.254,9.274,9.323,9.356,9.236,9.337,9.324,9.315,9.273,9.293,9.25,9.236,9.356,9.29195
92,0.429,10.019,9.855,9.934,9.91,9.964,9.836,9.944,9.941,10.051,9.888,9.946,9.881,9.954,9.953,9.899,9.906,10.017,9.842,9.842,9.952,9.87,9.836,10.051,9.91925
93,0.143,9.784,9.667,9.708,9.709,9.835,9.68,9.736,9.735,9.773,9.712,9.752,9.69,9.747,9.753,9.683,9.72,9.801,9.658,9.714,9.733,9.652,9.652,9.835,9.7229
94,0.714,11.297,11.062,11.1,10.995,11.169,11.046,11.136,11.04,11.144,10.97,11.14,10.984,11.082,11.208,11.069,11.222,11.208,10.913,11.043,11.11,10.989,10.913,11.222,11.0815
95,0,9.354,9.28,9.27,9.277,9.331,9.276,9.32,9.286,9.281,9.283,9.254,9.274,9.323,9.356,9.236,9.337,9.324,9.315,9.273,9.293,9.25,9.236,9.356,9.29195
96,0.143,9.354,9.28,9.27,9.277,9.331,9.276,9.32,9.286,9.281,9.283,9.254,9.274,9.323,9.356,9.236,9.337,9.324,9.315,9.273,9.293,9.25,9.236,9.356,9.29195
97,0.714,11.297,11.062,11.1,10.995,11.169,11.046,11.136,11.04,11.144,10.97,11.14,10.984,11.082,11.208,11.069,11.222,11.208,10.913,11.043,11.11,10.989,10.913,11.222,11.0815
98,0,9.354,9.28,9.27,9.277,9.331,9.276,9.32,9.286,9.281,9.283,9.254,9.274,9.323,9.356,9.236,9.337,9.324,9.315,9.273,9.293,9.25,9.236,9.356,9.29195
99,0.429,10.019,9.855,9.934,9.91,9.964,9.836,9.944,9.941,10.051,9.888,9.946,9.881,9.954,9.953,9.899,9.906,10.017,9.842,9.842,9.952,9.87,9.836,10.051,9.91925
100,0.167,9.85,9.712,9.759,9.756,9.865,9.717,9.782,9.781,9.835,9.754,9.796,9.735,9.794,9.797,9.731,9.761,9.851,9.7,9.746,9.782,9.704,9.7,9.865,9.7679
101,0.833,11.917,11.691,11.703,11.634,11.771,11.694,11.702,11.67,11.683,11.587,11.759,11.601,11.644,11.808,11.684,11.855,11.831,11.564,11.603,11.728,11.605,11.564,11.855,11.69085
102,0,9.354,9.28,9.27,9.277,9.331,9.276,9.32,9.286,9.281,9.283,9.254,9.274,9.323,9.356,9.236,9.337,9.324,9.315,9.273,9.293,9.25,9.236,9.356,9.29195
103,0.167,9.354,9.28,9.27,9.277,9.331,9.276,9.32,9.286,9.281,9.283,9.254,9.274,9.323,9.356,9.236,9.337,9.324,9.315,9.273,9.293,9.25,9.236,9.356,9.29195
104,0.833,11.917,11.691,11.703,11.634,11.771,11.694,11.702,11.67,11.683,11.587,11.759,11.601,11.644,11.808,11.684,11.855,11.831,11.564,11.603,11.728,11.605,11.564,11.855,11.69085
105,0,9.354,9.28,9.27,9.277,9.331,9.276,9.32,9.286,9.281,9.283,9.254,9.274,9.323,9.356,9.236,9.337,9.324,9.315,9.273,9.293,9.25,9.236,9.356,9.29195
106,0.5,10.312,10.102,10.192,10.126,10.246,10.105,10.217,10.209,10.29,10.101,10.183,10.117,10.225,10.226,10.151,10.193,10.284,10.077,10.104,10.175,10.108,10.077,10.29,10.17155
107,0.167,9.947,9.835,9.845,9.821,10.024,9.862,9.901,9.9,9.91,9.859,9.897,9.851,9.939,9.944,9.848,9.936,9.96,9.817,9.886,9.842,9.796,9.796,10.024,9.88365
108,0.833,11.917,11.691,11.703,11.634,11.771,11.694,11.702,11.67,11.683,11.587,11.759,11.601,11.644,11.808,11.684,11.855,11.831,11.564,11.603,11.728,11.605,11.564,11.855,11.69085
109,0,9.354,9.28,9.27,9.277,9.331,9.276,9.32,9.286,9.281,9.283,9.254,9.274,9.323,9.356,9.236,9.337,9.324,9.315,9.273,9.293,9.25,9.236,9.356,9.29195
110,0.167,9.354,9.28,9.27,9.277,9.331,9.276,9.32,9.286,9.281,9.283,9.254,9.274,9.323,9.356,9.236,9.337,9.324,9.315,9.273,9.293,9.25,9.236,9.356,9.29195
111,0.833,11.917,11.691,11.703,11.634,11.771,11.694,11.702,11.67,11.683,11.587,11.759,11.601,11.644,11.808,11.684,11.855,11.831,11.564,11.603,11.728,11.605,11.564,11.855,11.69085
112,0,9.354,9.28,9.27,9.277,9.331,9.276,9.32,9.286,9.281,9.283,9.254,9.274,9.323,9.356,9.236,9.337,9.324,9.315,9.273,9.293,9.25,9.236,9.356,9.29195
113,0.5,10.312,10.102,10.192,10.126,10.246,10.105,10.217,10.209,10.29,10.101,10.183,10.117,10.225,10.226,10.151,10.193,10.284,10.077,10.104,10.175,10.108,10.077,10.29,10.17155
114,0.167,9.947,9.835,9.845,9.821,10.024,9.862,9.901,9.9,9.91,9.859,9.897,9.851,9.939,9.944,9.848,9.936,9.96,9.817,9.886,9.842,9.796,9.796,10.024,9.88365
115,0.833,11.917,11.691,11.703,11.634,11.771,11.694,11.702,11.67,11.683,11.587,11.759,11.601,11.644,11.808,11.684,11.855,11.831,11.564,11.603,11.728,11.605,11.564,11.855,11.69085
116,0,9.354,9.28,9.27,9.277,9.331,9.276,9.32,9.286,9.281,9.283,9.254,9.274,9.323,9.356,9.236,9.337,9.324,9.315,9.273,9.293,9.25,9.236,9.356,9.29195
117,0.167,9.354,9.28,9.27,9.277,9.331,9.276,9.32,9.286,9.281,9.283,9.254,9.274,9.323,9.356,9.236,9.337,9.324,9.315,9.273,9.293,9.25,9.236,9.356,9.29195
118,0.833,11.917,11.691,11.703,11.634,11.771,11.694,11.702,11.67,11.683,11.587,11.759,11.601,11.644,11.808,11.684,11.855,11.831,11.564,11.603,11.728,11.605,11.564,11.855,11.69085
119,0,9.354,9.28,9.27,9.277,9.331,9.276,9.32,9.286,9.281,9.283,9.254,9.274,9.323,9.356,9.236,9.337,9.324,9.315,9.273,9.293,9.25,9.236,9.356,9.29195
120,0.5,10.312,10.102,10.192,10.126,10.246,10.105,10.217,10.209,10.29,10.101,10.183,10.117,10.225,10.226,10.151,10.193,10.284,10.077,10.104,10.175,10.108,10.077,10.29,10.17155
121,0.167,9.947,9.835,9.845,9.821,10.024,9.862,9.901,9.9,9.91,9.859,9.897,9.851,9.939,9.944,9.848,9.936,9.96,9.817,9.886,9.842,9.796,9.796,10.024,9.88365
122,0.833,11.917,11.691,11.703,11.634,11.771,11.694,11.702,11.67,11.683,11.587,11.759,11.601,11.644,11.808,11.684,11.855,11.831,11.564,11.603,11.728,11.605,11.564,11.855,11.69085
123,0,9.354,9.28,9.27,9.277,9.331,9.276,9.32,9.286,9.281,9.283,9.254,9.274,9.323,9.356,9.236,9.337,9.324,9.315,9.273,9.293,9.25,9.236,9.356,9.29195
124,0.167,9.354,9.28,9.27,9.277,9.331,9.276,9.32,9.286,9.281,9.283,9.254,9.274,9.323,9.356,9.236,9.337,9.324,9.315,9.273,9.293,9.25,9.236,9.356,9.29195
125,0.833,11.917,11.691,11.703,11.634,11.771,11.694,11.702,11.67,11.683,11.587,11.759,11.601,11.644,11.808,11.684,11.855,11.831,11.564,11.603,11.728,11.605,11.564,11.855,11.69085
126,0,9.354,9.28,9.27,9.277,9.331,9.276,9.32,9.286,9.281,9.283,9.254,9.274,9.323,9.356,9.236,9.337,9.324,9.315,9.273,9.293,9.25,9.236,9.356,9.29195
127,0.5,10.312,10.102,10.192,10.126,10.246,10.105,10.217,10.209,10.29,10.101,10.183,10.117,10.225,10.226,10.151,10.193,10.284,10.077,10.104,10.175,10.108,10.077,10.29,10.17155
128,0.167,9.947,9.835,9.845,9.821,10.024,9.862,9.901,9.9,9.91,9.859,9.897,9.851,9.939,9.944,9.848,9.936,9.96,9.817,9.886,9.842,9.796,9.796,10.024,9.88365
129,0.833,11.917,11.691,11.703,11.634,11.771,11.694,11.702,11.67,11.683,11.587,11.759,11.601,11.644,11.808,11.684,11.855,11.831,11.564,11.603,11.728,11.605,11.564,11.855,11.69085
130,0,9.354,9.28,9.27,9.277,9.331,9.276,9.32,9.286,9.281,9.283,9.254,9.274,9.323,9.356,9.236,9.337,9.324,9.315,9.273,9.293,9.25,9.236,9.356,9.29195
131,0.167,9.354,9.28,9.27,9.277,9.331,9.276,9.32,9.286,9.281,9.283,9.254,9.274,9.323,9.356,9.236,9.337,9.324,9.315,9.273,9.293,9.25,9.236,9.356,9.29195
132,0.833,11.917,11.691,11.703,11.634,11.771,11.694,11.702,11.67,11.683,11.587,11.759,11.601,11.644,11.808,11.684,11.855,11.831,11.564,11.603,11.728,11.605,11.564,11.855,11.69085
133,0,9.354,9.28,9.27,9.277,9.331,9.276,9.32,9.286,9.281,9.283,9.254,9.274,9.323,9.356,9.236,9.337,9.324,9.315,9.273,9.293,9.25,9.236,9.356,9.29195
134,0.5,10.312,10.102,10.192,10.126,10.246,10.105,10.217,10.209,10.29,10.101,10.183,10.117,10.225,10.226,10.151,10.193,10.284,10.077,10.104,10.175,10.108,10.077,10.29,10.17155
135,0.167,9.947,9.835,9.845,9.821,10.024,9.862,9.901,9.9,9.91,9.859,9.897,9.851,9.939,9.944,9.848,9.936,9.96,9.817,9.886,9.842,9.796,9.796,10.024,9.88365
136,0.833,11.917,11.691,11.703,11.634,11.771,11.694,11.702,11.67,11.683,11.587,11.759,11.601,11.644,11.808,11.684,11.855,11.831,11.564,11.603,11.728,11.605,11.564,11.855,11.69085
137,0,9.354,9.28,9.27,9.277,9.331,9.276,9.32,9.286,9.281,9.283,9.254,9.274,9.323,9.356,9.236,9.337,9.324,9.315,9.273,9.293,9.25,9.236,9.356,9.29195
138,0.167,9.354,9.28,9.27,9.277,9.331,9.276,9.32,9.286,9.281,9.283,9.254,9.274,9.323,9.356,9.236,9.337,9.324,9.315,9.273,9.293,9.25,9.236,9.356,9.29195
139,0.833,11.917,11.691,11.703,11.634,11.771,11.694,11.702,11.67,11.683,11.587,11.759,11.601,11.644,11.808,11.684,11.855,11.831,11.564,11.603,11.728,11.605,11.564,11.855,11.69085
140,0,9.354,9.28,9.27,9.277,9.331,9.276,9.32,9.286,9.281,9.283,9.254,9.274,9.323,9.356,9.236,9.337,9.324,9.315,9.273,9.293,9.25,9.236,9.356,9.29195
141,0.5,10.312,10.102,10.192,10.126,10.246,10.105,10.217,10.209,10.29,10.101,10.183,10.117,10.225,10.226,10.151,10.193,10.284,10.077,10.104,10.175,10.108,10.077,10.29,10.17155
142,0.167,9.947,9.835,9.845,9.821,10.024,9.862,9.901,9.9,9.91,9.859,9.897,9.851,9.939,9.944,9.848,9.936,9.96,9.817,9.886,9.842,9.796,9.796,10.024,9.88365
143,0.833,11.917,11.691,11.703,11.634,11.771,11.694,11.702,11.67,11.683,11.587,11.759,11.601,11.644,11.808,11.684,11.855,11.831,11.564,11.603,11.728,11.605,11.564,11.855,11.69085
144,0,9.354,9.28,9.27,9.277,9.331,9.276,9.32,9.286,9.281,9.283,9.254,9.274,9.323,9.356,9.236,9.337,9.324,9.315,9.273,9.293,9.25,9.236,9.356,9.29195
145,0.167,9.354,9.28,9.27,9.277,9.331,9.276,9.32,9.286,9.281,9.283,9.254,9.274,9.323,9.356,9.236,9.337,9.324,9.315,9.273,9.293,9.25,9.236,9.356,9.29195
146,0.833,11.917,11.691,11.703,11.634,11.771,11.694,11.702,11.67,11.683,11.587,11.759,11.601,11.644,11.808,11.684,11.855,11.831,11.564,11.603,11.728,11.605,11.564,11.855,11.69085
147,0,9.354,9.28,9.27,9.277,9.331,9.276,9.32,9.286,9.281,9.283,9.254,9.274,9.323,9.356,9.236,9.337,9.324,9.315,9.273,9.293,9.25,9.236,9.356,9.29195
148,0.5,10.312,10.102,10.192,10.126,10.246,10.105,10.217,10.209,10.29,10.101,10.183,10.117,10.225,10.226,10.151,10.193,10.284,10.077,10.104,10.175,10.108,10.077,10.29,10.17155
149,0.167,9.947,9.835,9.845,9.821,10.024,9.862,9.901,9.9,9.91,9.859,9.897,9.851,9.939,9.944,9.848,9.936,9.96,9.817,9.886,9.842,9.796,9.796,10.024,9.88365
150,1,12.868,12.695,12.672,12.697,12.775,12.647,12.726,12.739,12.64,12.619,12.681,12.646,12.647,12.792,12.649,12.82,12.736,12.656,12.598,12.661,12.592,12.592,12.82,12.6844
151,0,9.354,9.28,9.27,9.277,9.331,9.276,9.32,9.286,9.281,9.283,9.254,9.274,9.323,9.356,9.236,9.337,9.324,9.315,9.273,9.293,9.25,9.236,9.356,9.29195
152,0.2,9.354,9.318,9.317,9.322,9.384,9.311,9.37,9.342,9.372,9.33,9.332,9.324,9.383,9.404,9.306,9.392,9.378,9.356,9.295,9.345,9.295,9.295,9.404,9.3438
153,1,12.868,12.695,12.672,12.697,12.775,12.647,12.726,12.739,12.64,12.619,12.681,12.646,12.647,12.792,12.649,12.82,12.736,12.656,12.598,12.661,12.592,12.592,12.82,12.6844
154,0,9.354,9.28,9.27,9.277,9.331,9.276,9.32,9.286,9.281,9.283,9.254,9.274,9.323,9.356,9.236,9.337,9.324,9.315,9.273,9.293,9.25,9.236,9.356,9.29195
155,0.6,10.723,10.498,10.606,10.482,10.674,10.493,10.609,10.572,10.694,10.486,10.572,10.503,10.597,10.658,10.576,10.643,10.654,10.432,10.524,10.583,10.526,10.432,10.694,10.5691
156,0.2,10.176,10.081,10.054,10.002,10.28,10.11,10.103,10.095,10.14,10.068,10.12,10.075,10.143,10.201,10.092,10.231,10.151,10.014,10.129,10.058,10.051,10.002,10.28,10.1099
157,1,12.868,12.695,12.672,12.697,12.775,12.647,12.726,12.739,12.64,12.619,12.681,12.646,12.647,12.792,12.649,12.82,12.736,12.656,12.598,12.661,12.592,12.592,12.82,12.6844
158,0,9.354,9.28,9.27,9.277,9.331,9.276,9.32,9.286,9.281,9.283,9.254,9.274,9.323,9.356,9.236,9.337,9.324,9.315,9.273,9.293,9.25,9.236,9.356,9.29195
159,0.2,9.354,9.318,9.317,9.322,9.384,9.311,9.37,9.342,9.372,9.33,9.332,9.324,9.383,9.404,9.306,9.392,9.378,9.356,9.295,9.345,9.295,9.295,9.404,9.3438
160,1,12.868,12.695,12.672,12.697,12.775,12.647,12.726,12.739,12.64,12.619,12.681,12.646,12.647,12.792,12.649,12.82,12.736,12.656,12.598,12.661,12.592,12.592,12.82,12.6844
161,0,9.354,9.28,9.27,9.277,9.331,9.276,9.32,9.286,9.281,9.283,9.254,9.274,9.323,9.356,9.236,9.337,9.324,9.315,9.273,9.293,9.25,9.236,9.356,9.29195
162,0.6,10.723,10.498,10.606,10.482,10.674,10.493,10.609,10.572,10.694,10.486,10.572,10.503,10.597,10.658,10.576,10.643,10.654,10.432,10.524,10.583,10.526,10.432,10.694,10.5691
163,0.2,10.176,10.081,10.054,10.002,10.28,10.11,10.103,10.095,10.14,10.068,10.12,10.075,10.143,10.201,10.092,10.231,10.151,10.014,10.129,10.058,10.051,10.002,10.28,10.1099
164,1,12.868,12.695,12.672,12.697,12.775,12.647,12.726,12.739,12.64,12.619,12.681,12.646,12.647,12.792,12.649,12.82,12.736,12.656,12.598,12.661,12.592,12.592,12.82,12.6844
165,0,9.354,9.28,9.27,9.277,9.331,9.276,9.32,9.286,9.281,9.283,9.254,9.274,9.323,9.356,9.236,9.337,9.324,9.315,9.273,9.293,9.25,9.236,9.356,9.29195
166,0.2,9.354,9.318,9.317,9.322,9.384,9.311,9.37,9.342,9.372,9.33,9.332,9.324,9.383,9.404,9.306,9.392,9.378,9.356,9.295,9.345,9.295,9.295,9.404,9.3438
167,1,12.868,12.695,12.672,12.697,12.775,12.647,12.726,12.739,12.64,12.619,12.681,12.646,12.647,12.792,12.649,12.82,12.736,12.656,12.598,12.661,12.592,12.592,12.82,12.6844
168,0,9.354,9.28,9.27,9.277,9.331,9.276,9.32,9.286,9.281,9.283,9.254,9.274,9.323,9.356,9.236,9.337,9.324,9.315,9.273,9.293,9.25,9.236,9.356,9.29195
169,0.6,10.723,10.498,10.606,10.482,10.674,10.493,10.609,10.572,10.694,10.486,10.572,10.503,10.597,10.658,10.576,10.643,10.654,10.432,10.524,10.583,10.526,10.432,10.694,10.5691
170,0.2,10.176,10.081,10.054,10.002,10.28,10.11,10.103,10.095,10.14,10.068,10.12,10.075,10.143,10.201,10.092,10.231,10.151,10.014,10.129,10.058,10.051,10.002,10.28,10.1099
171,1,12.868,12.695,12.672,12.697,12.775,12.647,12.726,12.739,12.64,12.619,12.681,12.646,12.647,12.792,12.649,12.82,12.736,12.656,12.598,12.661,12.592,12.592,12.82,12.6844
172,0,9.354,9.28,9.27,9.277,9.331,9.276,9.32,9.286,9.281,9.283,9.254,9.274,9.323,9.356,9.236,9.337,9.324,9.315,9.273,9.293,9.25,9.236,9.356,9.29195
173,0.2,9.354,9.318,9.317,9.322,9.384,9.311,9.37,9.342,9.372,9.33,9.332,9.324,9.383,9.404,9.306,9.392,9.378,9.356,9.295,9.345,9.295,9.295,9.404,9.3438
174,1,12.868,12.695,12.672,12.697,12.775,12.647,12.726,12.739,12.64,12.619,12.681,12.646,12.647,12.792,12.649,12.82,12.736,12.656,12.598,12.661,12.592,12.592,12.82,12.6844
175,0,9.354,9.28,9.27,9.277,9.331,9.276,9.32,9.286,9.281,9.283,9.254,9.274,9.323,9.356,9.236,9.337,9.324,9.315,9.273,9.293,9.25,9.236,9.356,9.29195
176,0.6,10.723,10.498,10.606,10.482,10.674,10.493,10.609,10.572,10.694,10.486,10.572,10.503,10.597,10.658,10.576,10.643,10.654,10.432,10.524,10.583,10.526,10.432,10.694,10.5691
177,0.2,10.176,10.081,10.054,10.002,10.28,10.11,10.103,10.095,10.14,10.068,10.12,10.075,10.143,10.201,10.092,10.231,10.151,10.014,10.129,10.058,10.051,10.002,10.28,10.1099
178,1,12.868,12.695,12.672,12.697,12.775,12.647,12.726,12.739,12.64,12.619,12.681,12.646,12.647,12.792,12.649,12.82,12.736,12.656,12.598,12.661,12.592,12.592,12.82,12.6844
179,0,9.354,9.28,9.27,9.277,9.331,9.276,9.32,9.286,9.281,9.283,9.254,9.274,9.323,9.356,9.236,9.337,9.324,9.315,9.273,9.293,9.25,9.236,9.356,9.29195
180,0.2,9.354,9.318,9.317,9.322,9.384,9.311,9.37,9.342,9.372,9.33,9.332,9.324,9.383,9.404,9.306,9.392,9.378,9.356,9.295,9.345,9.295,9.295,9.404,9.3438
181,1,12.868,12.695,12.672,12.697,12.775,12.647,12.726,12.739,12.64,12.619,12.681,12.646,12.647,12.792,12.649,12.82,12.736,12.656,12.598,12.661,12.592,12.592,12.82,12.6844
182,0,9.354,9.28,9.27,9.277,9.331,9.276,9.32,9.286,9.281,9.283,9.254,9.274,9.323,9.356,9.236,9.337,9.324,9.315,9.273,9.293,9.25,9.236,9.356,9.29195
183,0.6,10.723,10.498,10.606,10.482,10.674,10.493,10.609,10.572,10.694,10.486,10.572,10.503,10.597,10.658,10.576,10.643,10.654,10.432,10.524,10.583,10.526,10.432,10.694,10.5691
184,0.2,10.176,10.081,10.054,10.002,10.28,10.11,10.103,10.095,10.14,10.068,10.12,10.075,10.143,10.201,10.092,10.231,10.151,10.014,10.129,10.058,10.051,10.002,10.28,10.1099
185,1,12.868,12.695,12.672,12.697,12.775,12.647,12.726,12.739,12.64,12.619,12.681,12.646,12.647,12.792,12.649,12.82,12.736,12.656,12.598,12.661,12.592,12.592,12.82,12.6844
186,0,9.354,9.28,9.27,9.277,9.331,9.276,9.32,9.286,9.281,9.283,9.254,9.274,9.323,9.356,9.236,9.337,9.324,9.315,9.273,9.293,9.25,9.236,9.356,9.29195
187,0.2,9.354,9.318,9.317,9.322,9.384,9.311,9.37,9.342,9.372,9.33,9.332,9.324,9.383,9.404,9.306,9.392,9.378,9.356,9.295,9.345,9.295,9.295,9.404,9.3438
188,1,12.868,12.695,12.672,12.697,12.775,12.647,12.726,12.739,12.64,12.619,12.681,12.646,12.647,12.792,12.649,12.82,12.736,12.656,12.598,12.661,12.592,12.592,12.82,12.6844
189,0,9.354,9.28,9.27,9.277,9.331,9.276,9.32,9.286,9.281,9.283,9.254,9.274,9.323,9.356,9.236,9.337,9.324,9.315,9.273,9.293,9.25,9.236,9.356,9.29195
190,0.6,10.723,10.498,10.606,10.482,10.674,10.493,10.609,10.572,10.694,10.486,10.572,10.503,10.597,10.658,10.576,10.643,10.654,10.432,10.524,10.583,10.526,10.432,10.694,10.5691
191,0.2,10.176,10.081,10.054,10.002,10.28,10.11,10.103,10.095,10.14,10.068,10.12,10.075,10.143,10.201,10.092,10.231,10.151,10.014,10.129,10.058,10.051,10.002,10.28,10.1099
192,1,12.868,12.695,12.672,12.697,12.775,12.647,12.726,12.739,12.64,12.619,12.681,12.646,12.647,12.792,12.649,12.82,12.736,12.656,12.598,12.661,12.592,12.592,12.82,12.6844
193,0,9.354,9.28,9.27,9.277,9.331,9.276,9.32,9.286,9.281,9.283,9.254,9.274,9.323,9.356,9.236,9.337,9.324,9.315,9.273,9.293,9.25,9.236,9.356,9.29195
194,0.2,9.354,9.318,9.317,9.322,9.384,9.311,9.37,9.342,9.372,9.33,9.332,9.324,9.383,9.404,9.306,9.392,9.378,9.356,9.295,9.345,9.295,9.295,9.404,9.3438
195,1,12.868,12.695,12.672,12.697,12.775,12.647,12.726,12.739,12.64,12.619,12.681,12.646,12.647,12.792,12.649,12.82,12.736,12.656,12.598,12.661,12.592,12.592,12.82,12.6844
196,0,9.354,9.28,9.27,9.277,9.331,9.276,9.32,9.286,9.281,9.283,9.254,9.274,9.323,9.356,9.236,9.337,9.324,9.315,9.273,9.293,9.25,9.236,9.356,9.29195
197,0.6,10.723,10.498,10.606,10.482,10.674,10.493,10.609,10.572,10.694,10.486,10.572,10.503,10.597,10.658,10.576,10.643,10.654,10.432,10.524,10.583,10.526,10.432,10.694,10.5691
198,0.2,10.176,10.081,10.054,10.002,10.28,10.11,10.103,10.095,10.14,10.068,10.12,10.075,10.143,10.201,10.092,10.231,10.151,10.014,10.129,10.058,10.051,10.002,10.28,10.1099
199,1,12.868,12.695,12.672,12.697,12.775,12.647,12.726,12.739,12.64,12.619,12.681,12.646,12.647,12.792,12.649,12.82,12.736,12.656,12.598,12.661,12.592,12.592,12.82,12.6844
200,0,9.354,9.28,9.27,9.277,9.331,9.276,9.32,9.286,9.281,9.283,9.254,9.274,9.323,9.356,9.236,9.337,9.324,9.315,9.273,9.293,9.25,9.236,9.356,9.29195
201,0.25,9.491,9.425,9.426,9.43,9.47,9.398,9.471,9.45,9.528,9.438,9.453,9.438,9.496,9.505,9.423,9.489,9.498,9.45,9.376,9.454,9.416,9.376,9.528,9.4517
202,1.25,14.454,14.373,14.233,14.5,14.353,14.097,14.365,14.567,14.248,14.262,14.106,14.214,14.338,14.49,14.104,14.534,14.154,14.324,14.155,14.125,14.242,14.097,14.567,14.2892
203,0,9.354,9.28,9.27,9.277,9.331,9.276,9.32,9.286,9.281,9.283,9.254,9.274,9.323,9.356,9.236,9.337,9.324,9.315,9.273,9.293,9.25,9.236,9.356,9.29195
204,0.75,11.476,11.243,11.271,11.169,11.348,11.244,11.301,11.206,11.287,11.149,11.321,11.153,11.245,11.385,11.246,11.415,11.399,11.092,11.213,11.295,11.157,11.092,11.415,11.25695
205,0.25,10.518,10.526,10.387,10.422,10.624,10.535,10.45,10.421,10.447,10.47,10.596,10.444,10.447,10.581,10.459,10.639,10.583,10.379,10.507,10.481,10.404,10.379,10.639,10.4901
206,1.25,14.454,14.373,14.233,14.5,14.353,14.097,14.365,14.567,14.248,14.262,14.106,14.214,14.338,14.49,14.104,14.534,14.154,14.324,14.155,14.125,14.242,14.097,14.567,14.2892
207,0,9.354,9.28,9.27,9.277,9.331,9.276,9.32,9.286,9.281,9.283,9.254,9.274,9.323,9.356,9.236,9.337,9.324,9.315,9.273,9.293,9.25,9.236,9.356,9.29195
208,0.25,9.491,9.425,9.426,9.43,9.47,9.398,9.471,9.45,9.528,9.438,9.453,9.438,9.496,9.505,9.423,9.489,9.498,9.45,9.376,9.454,9.416,9.376,9.528,9.4517
209,1.25,14.454,14.373,14.233,14.5,14.353,14.097,14.365,14.567,14.248,14.262,14.106,14.214,14.338,14.49,14.104,14.534,14.154,14.324,14.155,14.125,14.242,14.097,14.567,14.2892
210,0,9.354,9.28,9.27,9.277,9.331,9.276,9.32,9.286,9.281,9.283,9.254,9.274,9.323,9.356,9.236,9.337,9.324,9.315,9.273,9.293,9.25,9.236,9.356,9.29195
211,0.75,11.476,11.243,11.271,11.169,11.348,11.244,11.301,11.206,11.287,11.149,11.321,11.153,11.245,11.385,11.246,11.415,11.399,11.092,11.213,11.295,11.157,11.092,11.415,11.25695
212,0.25,10.518,10.526,10.387,10.422,10.624,10.535,10.45,10.421,10.447,10.47,10.596,10.444,10.447,10.581,10.459,10.639,10.583,10.379,10.507,10.481,10.404,10.379,10.639,10.4901
213,1.25,14.454,14.373,14.233,14.5,14.353,14.097,14.365,14.567,14.248,14.262,14.106,14.214,14.338,14.49,14.104,14.534,14.154,14.324,14.155,14.125,14.242,14.097,14.567,14.2892
214,0,9.354,9.28,9.27,9.277,9.331,9.276,9.32,9.286,9.281,9.283,9.254,9.274,9.323,9.356,9.236,9.337,9.324,9.315,9.273,9.293,9.25,9.236,9.356,9.29195
215,0.25,9.491,9.425,9.426,9.43,9.47,9.398,9.471,9.45,9.528,9.438,9.453,9.438,9.496,9.505,9.423,9.489,9.498,9.45,9.376,9.454,9.416,9.376,9.528,9.4517
216,1.25,14.454,14.373,14.233,14.5,14.353,14.097,14.365,14.567,14.248,14.262,14.106,14.214,14.338,14.49,14.104,14.534,14.154,14.324,14.155,14.125,14.242,14.097,14.567,14.2892
217,0,9.354,9.28,9.27,9.277,9.331,9.276,9.32,9.286,9.281,9.283,9.254,9.274,9.323,9.356,9.236,9.337,9.324,9.315,9.273,9.293,9.25,9.236,9.356,9.29195
218,0.75,11.476,11.243,11.271,11.169,11.348,11.244,11.301,11.206,11.287,11.149,11.321,11.153,11.245,11.385,11.246,11.415,11.399,11.092,11.213,11.295,11.157,11.092,11.415,11.25695
219,0.25,10.518,10.526,10.387,10.422,10.624,10.535,10.45,10.421,10.447,10.47,10.596,10.444,10.447,10.581,10.459,10.639,10.583,10.379,10.507,10.481,10.404,10.379,10.639,10.4901
220,1.25,14.454,14.373,14.233,14.5,14.353,14.097,14.365,14.567,14.248,14.262,14.106,14.214,14.338,14.49,14.104,14.534,14.154,14.324,14.155,14.125,14.242,14.097,14.567,14.2892
221,0,9.354,9.28,9.27,9.277,9.331,9.276,9.32,9.286,9.281,9.283,9.254,9.274,9.323,9.356,9.236,9.337,9.324,9.315,9.273,9.293,9.25,9.236,9.356,9.29195
222,0.25,9.491,9.425,9.426,9.43,9.47,9.398,9.471,9.45,9.528,9.438,9.453,9.438,9.496,9.505,9.423,9.489,9.498,9.45,9.376,9.454,9.416,9.376,9.528,9.4517
223,1.25,14.454,14.373,14.233,14.5,14.353,14.097,14.365,14.567,14.248,14.262,14.106,14.214,14.338,14.49,14.104,14.534,14.154,14.324,14.155,14.125,14.242,14.097,14.567,14.2892
224,0,9.354,9.28,9.27,9.277,9.331,9.276,9.32,9.286,9.281,9.283,9.254,9.274,9.323,9.356,9.236,9.337,9.324,9.315,9.273,9.293,9.25,9.236,9.356,9.29195
225,0.75,11.476,11.243,11.271,11.169,11.348,11.244,11.301,11.206,11.287,11.149,11.321,11.153,11.245,11.385,11.246,11.415,11.399,11.092,11.213,11.295,11.157,11.092,11.415,11.25695
226,0.25,10.518,10.526,10.387,10.422,10.624,10.535,10.45,10.421,10.447,10.47,10.596,10.444,10.447,10.581,10.459,10.639,10.583,10.379,10.507,10.481,10.404,10.379,10.639,10.4901
227,1.25,14.454,14.373,14.233,14.5,14.353,14.097,14.365,14.567,14.248,14.262,14.106,14.214,14.338,14.49,14.104,14.534,14.154,14.324,14.155,14.125,14.242,14.097,14.567,14.2892
228,0,9.354,9.28,9.27,9.277,9.331,9.276,9.32,9.286,9.281,9.283,9.254,9.274,9.323,9.356,9.236,9.337,9.324,9.315,9.273,9.293,9.25,9.236,9.356,9.29195
229,0.25,9.491,9.425,9.426,9.43,9.47,9.398,9.471,9.45,9.528,9.438,9.453,9.438,9.496,9.505,9.423,9.489,9.498,9.45,9.376,9.454,9.416,9.376,9.528,9.4517
230,1.25,14.454,14.373,14.233,14.5,14.353,14.097,14.365,14.567,14.248,14.262,14.106,14.214,14.338,14.49,14.104,14.534,14.154,14.324,14.155,14.125,14.242,14.097,14.567,14.2892
231,0,9.354,9.28,9.27,9.277,9.331,9.276,9.32,9.286,9.281,9.283,9.254,9.274,9.323,9.356,9.236,9.337,9.324,9.315,9.273,9.293,9.25,9.236,9.356,9.29195
232,0.75,11.476,11.243,11.271,11.169,11.348,11.244,11.301,11.206,11.287,11.149,11.321,11.153,11.245,11.385,11.246,11.415,11.399,11.092,11.213,11.295,11.157,11.092,11.415,11.25695
233,0.25,10.518,10.526,10.387,10.422,10.624,10.535,10.45,10.421,10.447,10.47,10.596,10.444,10.447,10.581,10.459,10.639,10.583,10.379,10.507,10.481,10.404,10.379,10.639,10.4901
234,1.25,14.454,14.373,14.233,14.5,14.353,14.097,14.365,14.567,14.248,14.262,14.106,14.214,14.338,14.49,14.104,14.534,14.154,14.324,14.155,14.125,14.242,14.097,14.567,14.2892
235,0,9.354,9.28,9.27,9.277,9.331,9.276,9.32,9.286,9.281,9.283,9.254,9.274,9.323,9.356,9.236,9.337,9.324,9.315,9.273,9.293,9.25,9.236,9.356,9.29195
236,0.25,9.491,9.425,9.426,9.43,9.47,9.398,9.471,9.45,9.528,9.438,9.453,9.438,9.496,9.505,9.423,9.489,9.498,9.45,9.376,9.454,9.416,9.376,9.528,9.4517
237,1.25,14.454,14.373,14.233,14.5,14.353,14.097,14.365,14.567,14.248,14.262,14.106,14.214,14.338,14.49,14.104,14.534,14.154,14.324,14.155,14.125,14.242,14.097,14.567,14.2892
238,0,9.354,9.28,9.27,9.277,9.331,9.276,9.32,9.286,9.281,9.283,9.254,9.274,9.323,9.356,9.236,9.337,9.324,9.315,9.273,9.293,9.25,9.236,9.356,9.29195
239,0.75,11.476,11.243,11.271,11.169,11.348,11.244,11.301,11.206,11.287,11.149,11.321,11.153,11.245,11.385,11.246,11.415,11.399,11.092,11.213,11.295,11.157,11.092,11.415,11.25695
240,0.25,10.518,10.526,10.387,10.422,10.624,10.535,10.45,10.421,10.447,10.47,10.596,10.444,10.447,10.581,10.459,10.639,10.583,10.379,10.507,10.481,10.404,10.379,10.639,10.4901
241,1.25,14.454,14.373,14.233,14.5,14.353,14.097,14.365,14.567,14.248,14.262,14.106,14.214,14.338,14.49,14.104,14.534,14.154,14.324,14.155,14.125,14.242,14.097,14.567,14.2892
242,0,9.354,9.28,9.27,9.277,9.331,9.276,9.32,9.286,9.281,9.283,9.254,9.274,9.323,9.356,9.236,9.337,9.324,9.315,9.273,9.293,9.25,9.236,9.356,9.29195
243,0.25,9.491,9.425,9.426,9.43,9.47,9.398,9.471,9.45,9.528,9.438,9.453,9.438,9.496,9.505,9.423,9.489,9.498,9.45,9.376,9.454,9.416,9.376,9.528,9.4517
244,1.25,14.454,14.373,14.233,14.5,14.353,14.097,14.365,14.567,14.248,14.262,14.106,14.214,14.338,14.49,14.104,14.534,14.154,14.324,14.155,14.125,14.242,14.097,14.567,14.2892
245,0,9.354,9.28,9.27,9.277,9.331,9.276,9.32,9.286,9.281,9.283,9.254,9.274,9.323,9.356,9.236,9.337,9.324,9.315,9.273,9.293,9.25,9.236,9.356,9.29195
246,0.75,11.476,11.243,11.271,11.169,11.348,11.244,11.301,11.206,11.287,11.149,11.321,11.153,11.245,11.385,11.246,11.415,11.399,11.092,11.213,11.295,11.157,11.092,11.415,11.25695
247,0.25,10.518,10.526,10.387,10.422,10.624,10.535,10.45,10.421,10.447,10.47,10.596,10.444,10.447,10.581,10.459,10.639,10.583,10.379,10.507,10.481,10.404,10.379,10.639,10.4901
248,1.25,14.454,14.373,14.233,14.5,14.353,14.097,14.365,14.567,14.248,14.262,14.106,14.214,14.338,14.49,14.104,14.534,14.154,14.324,14.155,14.125,14.242,14.097,14.567,14.2892
249,0,9.354,9.28,9.27,9.277,9.331,9.276,9.32,9.286,9.281,9.283,9.254,9.274,9.323,9.356,9.236,9.337,9.324,9.315,9.273,9.293,9.25,9.236,9.356,9.29195
250,0.333,9.719,9.587,9.629,9.625,9.646,9.563,9.658,9.644,9.755,9.594,9.653,9.606,9.666,9.663,9.604,9.635,9.708,9.599,9.538,9.653,9.605,9.538,9.755,9.63155
251,1.667,17.376,17.286,17.152,17.694,17.262,16.942,17.564,17.81,17.396,17.335,16.876,17.316,17.292,17.742,16.919,17.754,17.08,17.385,17.016,16.96,17.149,16.876,17.81,17.2965
252,0,9.354,9.28,9.27,9.277,9.331,9.276,9.32,9.286,9.281,9.283,9.254,9.274,9.323,9.356,9.236,9.337,9.324,9.315,9.273,9.293,9.25,9.236,9.356,9.29195
253,1,12.868,12.695,12.672,12.697,12.775,12.647,12.726,12.739,12.64,12.619,12.681,12.646,12.647,12.792,12.649,12.82,12.736,12.656,12.598,12.661,12.592,12.592,12.82,12.6844
254,0.333,11.164,11.345,11.128,11.347,11.441,11.301,11.198,11.409,11.207,11.371,11.312,11.364,11.25,11.298,11.216,11.309,11.314,11.357,11.27,11.206,11.236,11.128,11.441,11.29395
255,1.667,17.376,17.286,17.152,17.694,17.262,16.942,17.564,17.81,17.396,17.335,16.876,17.316,17.292,17.742,16.919,17.754,17.08,17.385,17.016,16.96,17.149,16.876,17.81,17.2965
256,0,9.354,9.28,9.27,9.277,9.331,9.276,9.32,9.286,9.281,9.283,9.254,9.274,9.323,9.356,9.236,9.337,9.324,9.315,9.273,9.293,9.25,9.236,9.356,9.29195
257,0.333,9.719,9.587,9.629,9.625,9.646,9.563,9.658,9.644,9.755,9.594,9.653,9.606,9.666,9.663,9.604,9.635,9.708,9.599,9.538,9.653,9.605,9.538,9.755,9.63155
258,1.667,17.376,17.286,17.152,17.694,17.262,16.942,17.564,17.81,17.396,17.335,16.876,17.316,17.292,17.742,16.919,17.754,17.08,17.385,17.016,16.96,17.149,16.876,17.81,17.2965
259,0,9.354,9.28,9.27,9.277,9.331,9.276,9.32,9.286,9.281,9.283,9.254,9.274,9.323,9.356,9.236,9.337,9.324,9.315,9.273,9.293,9.25,9.236,9.356,9.29195
260,1,12.868,12.695,12.672,12.697,12.775,12.647,12.726,12.739,12.64,12.619,12.681,12.646,12.647,12.792,12.649,12.82,12.736,12.656,12.598,12.661,12.592,12.592,12.82,12.6844
261,0.333,11.164,11.345,11.128,11.347,11.441,11.301,11.198,11.409,11.207,11.371,11.312,11.364,11.25,11.298,11.216,11.309,11.314,11.357,11.27,11.206,11.236,11.128,11.441,11.29395
262,1.667,17.376,17.286,17.152,17.694,17.262,16.942,17.564,17.81,17.396,17.335,16.876,17.316,17.292,17.742,16.919,17.754,17.08,17.385,17.016,16.96,17.149,16.876,17.81,17.2965
263,0,9.354,9.28,9.27,9.277,9.331,9.276,9.32,9.286,9.281,9.283,9.254,9.274,9.323,9.356,9.236,9.337,9.324,9.315,9.273,9.293,9.25,9.236,9.356,9.29195
264,0.333,9.719,9.587,9.629,9.625,9.646,9.563,9.658,9.644,9.755,9.594,9.653,9.606,9.666,9.663,9.604,9.635,9.708,9.599,9.538,9.653,9.605,9.538,9.755,9.63155
265,1.667,17.376,17.286,17.152,17.694,17.262,16.942,17.564,17.81,17.396,17.335,16.876,17.316,17.292,17.742,16.919,17.754,17.08,17.385,17.016,16.96,17.149,16.876,17.81,17.2965
266,0,9.354,9.28,9.27,9.277,9.331,9.276,9.32,9.286,9.281,9.283,9.254,9.274,9.323,9.356,9.236,9.337,9.324,9.315,9.273,9.293,9.25,9.236,9.356,9.29195
267,1,12.868,12.695,12.672,12.697,12.775,12.647,12.726,12.739,12.64,12.619,12.681,12.646,12.647,12.792,12.649,12.82,12.736,12.656,12.598,12.661,12.592,12.592,12.82,12.6844
268,0.333,11.164,11.345,11.128,11.347,11.441,11.301,11.198,11.409,11.207,11.371,11.312,11.364,11.25,11.298,11.216,11.309,11.314,11.357,11.27,11.206,11.236,11.128,11.441,11.29395
269,1.667,17.376,17.286,17.152,17.694,17.262,16.942,17.564,17.81,17.396,17.335,16.876,17.316,17.292,17.742,16.919,17.754,17.08,17.385,17.016,16.96,17.149,16.876,17.81,17.2965
270,0,9.354,9.28,9.27,9.277,9.331,9.276,9.32,9.286,9.281,9.283,9.254,9.274,9.323,9.356,9.236,9.337,9.324,9.315,9.273,9.293,9.25,9.236,9.356,9.29195
271,0.333,9.719,9.587,9.629,9.625,9.646,9.563,9.658,9.644,9.755,9.594,9.653,9.606,9.666,9.663,9.604,9.635,9.708,9.599,9.538,9.653,9.605,9.538,9.755,9.63155
272,1.667,17.376,17.286,17.152,17.694,17.262,16.942,17.564,17.81,17.396,17.335,16.876,17.316,17.292,17.742,16.919,17.754,17.08,17.385,17.016,16.96,17.149,16.876,17.81,17.2965
273,0,9.354,9.28,9.27,9.277,9.331,9.276,9.32,9.286,9.281,9.283,9.254,9.274,9.323,9.356,9.236,9.337,9.324,9.315,9.273,9.293,9.25,9.236,9.356,9.29195
274,1,12.868,12.695,12.672,12.697,12.775,12.647,12.726,12.739,12.64,12.619,12.681,12.646,12.647,12.792,12.649,12.82,12.736,12.656,12.598,12.661,12.592,12.592,12.82,12.6844
275,0.333,11.164,11.345,11.128,11.347,11.441,11.301,11.198,11.409,11.207,11.371,11.312,11.364,11.25,11.298,11.216,11.309,11.314,11.357,11.27,11.206,11.236,11.128,11.441,11.29395
276,1.667,17.376,17.286,17.152,17.694,17.262,16.942,17.564,17.81,17.396,17.335,16.876,17.316,17.292,17.742,16.919,17.754,17.08,17.385,17.016,16.96,17.149,16.876,17.81,17.2965
277,0,9.354,9.28,9.27,9.277,9.331,9.276,9.32,9.286,9.281,9.283,9.254,9.274,9.323,9.356,9.236,9.337,9.324,9.315,9.273,9.293,9.25,9.236,9.356,9.29195
278,0.333,9.719,9.587,9.629,9.625,9.646,9.563,9.658,9.644,9.755,9.594,9.653,9.606,9.666,9.663,9.604,9.635,9.708,9.599,9.538,9.653,9.605,9.538,9.755,9.63155
279,1.667,17.376,17.286,17.152,17.694,17.262,16.942,17.564,17.81,17.396,17.335,16.876,17.316,17.292,17.742,16.919,17.754,17.08,17.385,17.016,16.96,17.149,16.876,17.81,17.2965
280,0,9.354,9.28,9.27,9.277,9.331,9.276,9.32,9.286,9.281,9.283,9.254,9.274,9.323,9.356,9.236,9.337,9.324,9.315,9.273,9.293,9.25,9.236,9.356,9.29195
281,1,12.868,12.695,12.672,12.697,12.775,12.647,12.726,12.739,12.64,12.619,12.681,12.646,12.647,12.792,12.649,12.82,12.736,12.656,12.598,12.661,12.592,12.592,12.82,12.6844
282,0.333,11.164,11.345,11.128,11.347,11.441,11.301,11.198,11.409,11.207,11.371,11.312,11.364,11.25,11.298,11.216,11.309,11.314,11.357,11.27,11.206,11.236,11.128,11.441,11.29395
283,1.667,17.376,17.286,17.152,17.694,17.262,16.942,17.564,17.81,17.396,17.335,16.876,17.316,17.292,17.742,16.919,17.754,17.08,17.385,17.016,16.96,17.149,16.876,17.81,17.2965
284,0,9.354,9.28,9.27,9.277,9.331,9.276,9.32,9.286,9.281,9.283,9.254,9.274,9.323,9.356,9.236,9.337,9.324,9.315,9.273,9.293,9.25,9.236,9.356,9.29195
285,0.333,9.719,9.587,9.629,9.625,9.646,9.563,9.658,9.644,9.755,9.594,9.653,9.606,9.666,9.663,9.604,9.635,9.708,9.599,9.538,9.653,9.605,9.538,9.755,9.63155
286,1.667,17.376,17.286,17.152,17.694,17.262,16.942,17.564,17.81,17.396,17.335,16.876,17.316,17.292,17.742,16.919,17.754,17.08,17.385,17.016,16.96,17.149,16.876,17.81,17.2965
287,0,9.354,9.28,9.27,9.277,9.331,9.276,9.32,9.286,9.281,9.283,9.254,9.274,9.323,9.356,9.236,9.337,9.324,9.315,9.273,9.293,9.25,9.236,9.356,9.29195
288,1,12.868,12.695,12.672,12.697,12.775,12.647,12.726,12.739,12.64,12.619,12.681,12.646,12.647,12.792,12.649,12.82,12.736,12.656,12.598,12.661,12.592,12.592,12.82,12.6844
289,0.333,11.164,11.345,11.128,11.347,11.441,11.301,11.198,11.409,11.207,11.371,11.312,11.364,11.25,11.298,11.216,11.309,11.314,11.357,11.27,11.206,11.236,11.128,11.441,11.29395
290,1.667,17.376,17.286,17.152,17.694,17.262,16.942,17.564,17.81,17.396,17.335,16.876,17.316,17.292,17.742,16.919,17.754,17.08,17.385,17.016,16.96,17.149,16.876,17.81,17.2965
291,0,9.354,9.28,9.27,9.277,9.331,9.276,9.32,9.286,9.281,9.283,9.254,9.274,9.323,9.356,9.236,9.337,9.324,9.315,9.273,9.293,9.25,9.236,9.356,9.29195
292,0.333,9.719,9.587,9.629,9.625,9.646,9.563,9.658,9.644,9.755,9.594,9.653,9.606,9.666,9.663,9.604,9.635,9.708,9.599,9.538,9.653,9.605,9.538,9.755,9.63155
293,1.667,17.376,17.286,17.152,17.694,17.262,16.942,17.564,17.81,17.396,17.335,16.876,17.316,17.292,17.742,16.919,17.754,17.08,17.385,17.016,16.96,17.149,16.876,17.81,17.2965
294,0,9.354,9.28,9.27,9.277,9.331,9.276,9.32,9.286,9.281,9.283,9.254,9.274,9.323,9.356,9.236,9.337,9.324,9.315,9.273,9.293,9.25,9.236,9.356,9.29195
295,1,12.868,12.695,12.672,12.697,12.775,12.647,12.726,12.739,12.64,12.619,12.681,12.646,12.647,12.792,12.649,12.82,12.736,12.656,12.598,12.661,12.592,12.592,12.82,12.6844
296,0.333,11.164,11.345,11.128,11.347,11.441,11.301,11.198,11.409,11.207,11.371,11.312,11.364,11.25,11.298,11.216,11.309,11.314,11.357,11.27,11.206,11.236,11.128,11.441,11.29395
297,1.667,17.376,17.286,17.152,17.694,17.262,16.942,17.564,17.81,17.396,17.335,16.876,17.316,17.292,17.742,16.919,17.754,17.08,17.385,17.016,16.96,17.149,16.876,17.81,17.2965
298,0,9.354,9.28,9.27,9.277,9.331,9.276,9.32,9.286,9.281,9.283,9.254,9.274,9.323,9.356,9.236,9.337,9.324,9.315,9.273,9.293,9.25,9.236,9.356,9.29195
299,0.333,9.719,9.587,9.629,9.625,9.646,9.563,9.658,9.644,9.755,9.594,9.653,9.606,9.666,9.663,9.604,9.635,9.708,9.599,9.538,9.653,9.605,9.538,9.755,9.63155
300,5,47.907,47.909,47.901,47.9,47.902,47.901,47.898,47.9,47.9,47.902,47.902,47.901,47.893,47.905,47.899,47.905,47.897,47.899,47.9,47.9,47.904,47.893,47.909,47.9009
301,0,9.354,9.28,9.27,9.277,9.331,9.276,9.32,9.286,9.281,9.283,9.254,9.274,9.323,9.356,9.236,9.337,9.324,9.315,9.273,9.293,9.25,9.236,9.356,9.29195
302,3,28.397,28.382,28.38,28.386,28.381,28.39,28.396,28.409,28.394,28.391,28.362,28.392,28.43,28.378,28.342,28.343,28.417,28.399,28.404,28.404,28.373,28.342,28.43,28.38765
303,1,17.833,17.929,18.016,17.994,17.936,18.018,17.94,17.935,18.016,18.019,18.065,18.026,17.956,17.902,18.156,17.957,17.903,17.976,18.03,17.987,18.09,17.902,18.156,17.99255
304,5,47.907,47.909,47.901,47.9,47.902,47.901,47.898,47.9,47.9,47.902,47.902,47.901,47.893,47.905,47.899,47.905,47.897,47.899,47.9,47.9,47.904,47.893,47.909,47.9009
305,0,9.354,9.28,9.27,9.277,9.331,9.276,9.32,9.286,9.281,9.283,9.254,9.274,9.323,9.356,9.236,9.337,9.324,9.315,9.273,9.293,9.25,9.236,9.356,9.29195
306,1,12.868,12.695,12.672,12.697,12.775,12.647,12.726,12.739,12.64,12.619,12.681,12.646,12.647,12.792,12.649,12.82,12.736,12.656,12.598,12.661,12.592,12.592,12.82,12.6844
307,5,47.907,47.909,47.901,47.9,47.902,47.901,47.898,47.9,47.9,47.902,47.902,47.901,47.893,47.905,47.899,47.905,47.897,47.899,47.9,47.9,47.904,47.893,47.909,47.9009
308,0,9.354,9.28,9.27,9.277,9.331,9.276,9.32,9.286,9.281,9.283,9.254,9.274,9.323,9.356,9.236,9.337,9.324,9.315,9.273,9.293,9.25,9.236,9.356,9.29195
309,3,28.397,28.382,28.38,28.386,28.381,28.39,28.396,28.409,28.394,28.391,28.362,28.392,28.43,28.378,28.342,28.343,28.417,28.399,28.404,28.404,28.373,28.342,28.43,28.38765
310,1,17.833,17.929,18.016,17.994,17.936,18.018,17.94,17.935,18.016,18.019,18.065,18.026,17.956,17.902,18.156,17.957,17.903,17.976,18.03,17.987,18.09,17.902,18.156,17.99255
311,5,47.907,47.909,47.901,47.9,47.902,47.901,47.898,47.9,47.9,47.902,47.902,47.901,47.893,47.905,47.899,47.905,47.897,47.899,47.9,47.9,47.904,47.893,47.909,47.9009
312,0,9.354,9.28,9.27,9.277,9.331,9.276,9.32,9.286,9.281,9.283,9.254,9.274,9.323,9.356,9.236,9.337,9.324,9.315,9.273,9.293,9.25,9.236,9.356,9.29195
313,1,12.868,12.695,12.672,12.697,12.775,12.647,12.726,12.739,12.64,12.619,12.681,12.646,12.647,12.792,12.649,12.82,12.736,12.656,12.598,12.661,12.592,12.592,12.82,12.6844
314,5,47.907,47.909,47.901,47.9,47.902,47.901,47.898,47.9,47.9,47.902,47.902,47.901,47.893,47.905,47.899,47.905,47.897,47.899,47.9,47.9,47.904,47.893,47.909,47.9009
315,0,9.354,9.28,9.27,9.277,9.331,9.276,9.32,9.286,9.281,9.283,9.254,9.274,9.323,9.356,9.236,9.337,9.324,9.315,9.273,9.293,9.25,9.236,9.356,9.29195
316,3,28.397,28.382,28.38,28.386,28.381,28.39,28.396,28.409,28.394,28.391,28.362,28.392,28.43,28.378,28.342,28.343,28.417,28.399,28.404,28.404,28.373,28.342,28.43,28.38765
317,1,17.833,17.929,18.016,17.994,17.936,18.018,17.94,17.935,18.016,18.019,18.065,18.026,17.956,17.902,18.156,17.957,17.903,17.976,18.03,17.987,18.09,17.902,18.156,17.99255
318,5,47.907,47.909,47.901,47.9,47.902,47.901,47.898,47.9,47.9,47.902,47.902,47.901,47.893,47.905,47.899,47.905,47.897,47.899,47.9,47.9,47.904,47.893,47.909,47.9009
319,0,9.354,9.28,9.27,9.277,9.331,9.276,9.32,9.286,9.281,9.283,9.254,9.274,9.323,9.356,9.236,9.337,9.324,9.315,9.273,9.293,9.25,9.236,9.356,9.29195
320,1,12.868,12.695,12.672,12.697,12.775,12.647,12.726,12.739,12.64,12.619,12.681,12.646,12.647,12.792,12.649,12.82,12.736,12.656,12.598,12.661,12.592,12.592,12.82,12.6844
321,5,47.907,47.909,47.901,47.9,47.902,47.901,47.898,47.9,47.9,47.902,47.902,47.901,47.893,47.905,47.899,47.905,47.897,47.899,47.9,47.9,47.904,47.893,47.909,47.9009
322,0,9.354,9.28,9.27,9.277,9.331,9.276,9.32,9.286,9.281,9.283,9.254,9.274,9.323,9.356,9.236,9.337,9.324,9.315,9.273,9.293,9.25,9.236,9.356,9.29195
323,3,28.397,28.382,28.38,28.386,28.381,28.39,28.396,28.409,28.394,28.391,28.362,28.392,28.43,28.378,28.342,28.343,28.417,28.399,28.404,28.404,28.373,28.342,28.43,28.38765
324,1,17.833,17.929,18.016,17.994,17.936,18.018,17.94,17.935,18.016,18.019,18.065,18.026,17.956,17.902,18.156,17.957,17.903,17.976,18.03,17.987,18.09,17.902,18.156,17.99255
325,5,47.907,47.909,47.901,47.9,47.902,47.901,47.898,47.9,47.9,47.902,47.902,47.901,47.893,47.905,47.899,47.905,47.897,47.899,47.9,47.9,47.904,47.893,47.909,47.9009
326,0,9.354,9.28,9.27,9.277,9.331,9.276,9.32,9.286,9.281,9.283,9.254,9.274,9.323,9.356,9.236,9.337,9.324,9.315,9.273,9.293,9.25,9.236,9.356,9.29195
327,1,12.868,12.695,12.672,12.697,12.775,12.647,12.726,12.739,12.64,12.619,12.681,12.646,12.647,12.792,12.649,12.82,12.736,12.656,12.598,12.661,12.592,12.592,12.82,12.6844
328,5,47.907,47.909,47.901,47.9,47.902,47.901,47.898,47.9,47.9,47.902,47.902,47.901,47.893,47.905,47.899,47.905,47.897,47.899,47.9,47.9,47.904,47.893,47.909,47.9009
329,0,9.354,9.28,9.27,9.277,9.331,9.276,9.32,9.286,9.281,9.283,9.254,9.274,9.323,9.356,9.236,9.337,9.324,9.315,9.273,9.293,9.25,9.236,9.356,9.29195
330,3,28.397,28.382,28.38,28.386,28.381,28.39,28.396,28.409,28.394,28.391,28.362,28.392,28.43,28.378,28.342,28.343,28.417,28.399,28.404,28.404,28.373,28.342,28.43,28.38765
331,1,17.833,17.929,18.016,17.994,17.936,18.018,17.94,17.935,18.016,18.019,18.065,18.026,17.956,17.902,18.156,17.957,17.903,17.976,18.03,17.987,18.09,17.902,18.156,17.99255
332,5,47.907,47.909,47.901,47.9,47.902,47.901,47.898,47.9,47.9,47.902,47.902,47.901,47.893,47.905,47.899,47.905,47.897,47.899,47.9,47.9,47.904,47.893,47.909,47.9009
333,0,9.354,9.28,9.27,9.277,9.331,9.276,9.32,9.286,9.281,9.283,9.254,9.274,9.323,9.356,9.236,9.337,9.324,9.315,9.273,9.293,9.25,9.236,9.356,9.29195
334,1,12.868,12.695,12.672,12.697,12.775,12.647,12.726,12.739,12.64,12.619,12.681,12.646,12.647,12.792,12.649,12.82,12.736,12.656,12.598,12.661,12.592,12.592,12.82,12.6844
335,5,47.907,47.909,47.901,47.9,47.902,47.901,47.898,47.9,47.9,47.902,47.902,47.901,47.893,47.905,47.899,47.905,47.897,47.899,47.9,47.9,47.904,47.893,47.909,47.9009
336,0,9.354,9.28,9.27,9.277,9.331,9.276,9.32,9.286,9.281,9.283,9.254,9.274,9.323,9.356,9.236,9.337,9.324,9.315,9.273,9.293,9.25,9.236,9.356,9.29195
337,3,28.397,28.382,28.38,28.386,28.381,28.39,28.396,28.409,28.394,28.391,28.362,28.392,28.43,28.378,28.342,28.343,28.417,28.399,28.404,28.404,28.373,28.342,28.43,28.38765
338,1,17.833,17.929,18.016,17.994,17.936,18.018,17.94,17.935,18.016,18.019,18.065,18.026,17.956,17.902,18.156,17.957,17.903,17.976,18.03,17.987,18.09,17.902,18.156,17.99255
339,5,47.907,47.909,47.901,47.9,47.902,47.901,47.898,47.9,47.9,47.902,47.902,47.901,47.893,47.905,47.899,47.905,47.897,47.899,47.9,47.9,47.904,47.893,47.909,47.9009
340,0,9.354,9.28,9.27,9.277,9.331,9.276,9.32,9.286,9.281,9.283,9.254,9.274,9.323,9.356,9.236,9.337,9.324,9.315,9.273,9.293,9.25,9.236,9.356,9.29195
341,1,12.868,12.695,12.672,12.697,12.775,12.647,12.726,12.739,12.64,12.619,12.681,12.646,12.647,12.792,12.649,12.82,12.736,12.656,12.598,12.661,12.592,12.592,12.82,12.6844
342,5,47.907,47.909,47.901,47.9,47.902,47.901,47.898,47.9,47.9,47.902,47.902,47.901,47.893,47.905,47.899,47.905,47.897,47.899,47.9,47.9,47.904,47.893,47.909,47.9009
343,0,9.354,9.28,9.27,9.277,9.331,9.276,9.32,9.286,9.281,9.283,9.254,9.274,9.323,9.356,9.236,9.337,9.324,9.315,9.273,9.293,9.25,9.236,9.356,9.29195
344,3,28.397,28.382,28.38,28.386,28.381,28.39,28.396,28.409,28.394,28.391,28.362,28.392,28.43,28.378,28.342,28.343,28.417,28.399,28.404,28.404,28.373,28.342,28.43,28.38765
345,1,17.833,17.929,18.016,17.994,17.936,18.018,17.94,17.935,18.016,18.019,18.065,18.026,17.956,17.902,18.156,17.957,17.903,17.976,18.03,17.987,18.09,17.902,18.156,17.99255
346,5,47.907,47.909,47.901,47.9,47.902,47.901,47.898,47.9,47.9,47.902,47.902,47.901,47.893,47.905,47.899,47.905,47.897,47.899,47.9,47.9,47.904,47.893,47.909,47.9009
347,0,9.354,9.28,9.27,9.277,9.331,9.276,9.32,9.286,9.281,9.283,9.254,9.274,9.323,9.356,9.236,9.337,9.324,9.315,9.273,9.293,9.25,9.236,9.356,9.29195
348,1,12.868,12.695,12.672,12.697,12.775,12.647,12.726,12.739,12.64,12.619,12.681,12.646,12.647,12.792,12.649,12.82,12.736,12.656,12.598,12.661,12.592,12.592,12.82,12.6844
349,5,47.907,47.909,47.901,47.9,47.902,47.901,47.898,47.9,47.9,47.902,47.902,47.901,47.893,47.905,47.899,47.905,47.897,47.899,47.9,47.9,47.904,47.893,47.909,47.9009
350,0,9.354,9.28,9.27,9.277,9.331,9.276,9.32,9.286,9.281,9.283,9.254,9.274,9.323,9.356,9.236,9.337,9.324,9.315,9.273,9.293,9.25,9.236,9.356,9.29195
351,6,60.226,57.566,57.682,57.873,58.419,57.665,57.586,57.838,57.693,57.7,57.781,57.79,57.702,58.486,57.805,58.581,58.087,57.552,57.598,57.705,57.573,57.552,58.581,57.8341
352,2,31.774,27.992,28.775,28.819,30.546,28.451,30.094,28.826,28.469,27.978,28.819,28.636,28.353,31.365,28.706,32.196,28.687,29.225,27.687,28.512,28.031,27.687,32.196,29.00835
353,10,109.504,95.289,95.655,96.725,99.979,95.998,94.578,96.872,95.811,96.099,96.59,96.655,95.412,99.876,96.549,100.744,97.814,94.643,95.456,95.918,95.55,94.578,100.744,96.61065
354,0,13.691,9.28,9.27,9.277,9.331,9.276,9.32,9.286,9.281,9.283,9.254,9.274,9.323,9.356,9.236,9.337,9.324,9.315,9.273,9.293,9.25,9.236,9.356,9.29195
355,2,24.254,19.73,19.907,20.349,19.751,19.605,20.267,20.442,20.096,19.802,19.496,19.956,20.014,20.353,19.689,20.409,19.699,20.063,19.511,19.525,19.811,19.496,20.442,19.92375
356,10,109.504,95.289,95.655,96.725,99.979,95.998,94.578,96.872,95.811,96.099,96.59,96.655,95.412,99.876,96.549,100.744,97.814,94.643,95.456,95.918,95.55,94.578,100.744,96.61065
357,0,13.691,9.28,9.27,9.277,9.331,9.276,9.32,9.286,9.281,9.283,9.254,9.274,9.323,9.356,9.236,9.337,9.324,9.315,9.273,9.293,9.25,9.236,9.356,9.29195
358,6,62.895,57.566,57.682,57.873,58.419,57.665,57.586,57.838,57.693,57.7,57.781,57.79,57.702,58.486,57.805,58.581,58.087,57.552,57.598,57.705,57.573,57.552,58.581,57.8341
359,2,34.443,27.992,28.775,28.819,30.546,28.451,30.094,28.826,28.469,27.978,28.819,28.636,28.353,31.365,28.706,32.196,28.687,29.225,27.687,28.512,28.031,27.687,32.196,29.00835
360,10,109.504,95.289,95.655,96.725,99.979,95.998,94.578,96.872,95.811,96.099,96.59,96.655,95.412,99.876,96.549,100.744,97.814,94.643,95.456,95.918,95.55,94.578,100.744,96.61065
361,0,13.691,9.28,9.27,9.277,9.331,9.276,9.32,9.286,9.281,9.283,9.254,9.274,9.323,9.356,9.236,9.337,9.324,9.315,9.273,9.293,9.25,9.236,9.356,9.29195
362,2,24.254,19.73,19.907,20.349,19.751,19.605,20.267,20.442,20.096,19.802,19.496,19.956,20.014,20.353,19.689,20.409,19.699,20.063,19.511,19.525,19.811,19.496,20.442,19.92375
363,10,109.504,95.289,95.655,96.725,99.979,95.998,94.578,96.872,95.811,96.099,96.59,96.655,95.412,99.876,96.549,100.744,97.814,94.643,95.456,95.918,95.55,94.578,100.744,96.61065
364,0,13.691,9.28,9.27,9.277,9.331,9.276,9.32,9.286,9.281,9.283,9.254,9.274,9.323,9.356,9.236,9.337,9.324,9.315,9.273,9.293,9.25,9.236,9.356,9.29195
365,6,62.895,57.566,57.682,57.873,58.419,57.665,57.586,57.838,57.693,57.7,57.781,57.79,57.702,58.486,57.805,58.581,58.087,57.552,57.598,57.705,57.573,57.552,58.581,57.8341
366,2,34.443,27.992,28.775,28.819,30.546,28.451,30.094,28.826,28.469,27.978,28.819,28.636,28.353,31.365,28.706,32.196,28.687,29.225,27.687,28.512,28.031,27.687,32.196,29.00835
367,10,109.504,95.289,95.655,96.725,99.979,95.998,94.578,96.872,95.811,96.099,96.59,96.655,95.412,99.876,96.549,100.744,97.814,94.643,95.456,95.918,95.55,94.578,100.744,96.61065
368,0,13.691,9.28,9.27,9.277,9.331,9.276,9.32,9.286,9.281,9.283,9.254,9.274,9.323,9.356,9.236,9.337,9.324,9.315,9.273,9.293,9.25,9.236,9.356,9.29195
369,2,24.254,19.73,19.907,20.349,19.751,19.605,20.267,20.442,20.096,19.802,19.496,19.956,20.014,20.353,19.689,20.409,19.699,20.063,19.511,19.525,19.811,19.496,20.442,19.92375
370,10,109.504,95.289,95.655,96.725,99.979,95.998,94.578,96.872,95.811,96.099,96.59,96.655,95.412,99.876,96.549,100.744,97.814,94.643,95.456,95.918,95.55,94.578,100.744,96.61065
371,0,13.691,9.28,9.27,9.277,9.331,9.276,9.32,9.286,9.281,9.283,9.254,9.274,9.323,9.356,9.236,9.337,9.324,9.315,9.273,9.293,9.25,9.236,9.356,9.29195
372,6,62.895,57.566,57.682,57.873,58.419,57.665,57.586,57.838,57.693,57.7,57.781,57.79,57.702,58.486,57.805,58.581,58.087,57.552,57.598,57.705,57.573,57.552,58.581,57.8341
373,2,34.443,27.992,28.775,28.819,30.546,28.451,30.094,28.826,28.469,27.978,28.819,28.636,28.353,31.365,28.706,32.196,28.687,29.225,27.687,28.512,28.031,27.687,32.196,29.00835
374,10,109.504,95.289,95.655,96.725,99.979,95.998,94.578,96.872,95.811,96.099,96.59,96.655,95.412,99.876,96.549,100.744,97.814,94.643,95.456,95.918,95.55,94.578,100.744,96.61065
375,0,13.691,9.28,9.27,9.277,9.331,9.276,9.32,9.286,9.281,9.283,9.254,9.274,9.323,9.356,9.236,9.337,9.324,9.315,9.273,9.293,9.25,9.236,9.356,9.29195
376,2,24.254,19.73,19.907,20.349,19.751,19.605,20.267,20.442,20.096,19.802,19.496,19.956,20.014,20.353,19.689,20.409,19.699,20.063,19.511,19.525,19.811,19.496,20.442,19.92375
377,10,109.504,95.289,95.655,96.725,99.979,95.998,94.578,96.872,95.811,96.099,96.59,96.655,95.412,99.876,96.549,100.744,97.814,94.643,95.456,95.918,95.55,94.578,100.744,96.61065
378,0,13.691,9.28,9.27,9.277,9.331,9.276,9.32,9.286,9.281,9.283,9.254,9.274,9.323,9.356,9.236,9.337,9.324,9.315,9.273,9.293,9.25,9.236,9.356,9.29195
379,6,62.895,57.566,57.682,57.873,58.419,57.665,57.586,57.838,57.693,57.7,57.781,57.79,57.702,58.486,57.805,58.581,58.087,57.552,57.598,57.705,57.573,57.552,58.581,57.8341
380,2,34.443,27.992,28.775,28.819,30.546,28.451,30.094,28.826,28.469,27.978,28.819,28.636,28.353,31.365,28.706,32.196,28.687,29.225,27.687,28.512,28.031,27.687,32.196,29.00835
381,10,109.504,95.289,95.655,96.725,99.979,95.998,94.578,96.872,95.811,96.099,96.59,96.655,95.412,99.876,96.549,100.744,97.814,94.643,95.456,95.918,95.55,94.578,100.744,96.61065
382,0,13.691,9.28,9.27,9.277,9.331,9.276,9.32,9.286,9.281,9.283,9.254,9.274,9.323,9.356,9.236,9.337,9.324,9.315,9.273,9.293,9.25,9.236,9.356,9.29195
383,2,24.254,19.73,19.907,20.349,19.751,19.605,20.267,20.442,20.096,19.802,19.496,19.956,20.014,20.353,19.689,20.409,19.699,20.063,19.511,19.525,19.811,19.496,20.442,19.92375
384,10,109.504,95.289,95.655,96.725,99.979,95.998,94.578,96.872,95.811,96.099,96.59,96.655,95.412,99.876,96.549,100.744,97.814,94.643,95.456,95.918,95.55,94.578,100.744,96.61065
385,0,13.691,9.28,9.27,9.277,9.331,9.276,9.32,9.286,9.281,9.283,9.254,9.274,9.323,9.356,9.236,9.337,9.324,9.315,9.273,9.293,9.25,9.236,9.356,9.29195
386,6,62.895,57.566,57.682,57.873,58.419,57.665,57.586,57.838,57.693,57.7,57.781,57.79,57.702,58.486,57.805,58.581,58.087,57.552,57.598,57.705,57.573,57.552,58.581,57.8341
387,2,34.443,27.992,28.775,28.819,30.546,28.451,30.094,28.826,28.469,27.978,28.819,28.636,28.353,31.365,28.706,32.196,28.687,29.225,27.687,28.512,28.031,27.687,32.196,29.00835
388,10,109.504,95.289,95.655,96.725,99.979,95.998,94.578,96.872,95.811,96.099,96.59,96.655,95.412,99.876,96.549,100.744,97.814,94.643,95.456,95.918,95.55,94.578,100.744,96.61065
389,0,13.691,9.28,9.27,9.277,9.331,9.276,9.32,9.286,9.281,9.283,9.254,9.274,9.323,9.356,9.236,9.337,9.324,9.315,9.273,9.293,9.25,9.236,9.356,9.29195
390,2,24.254,19.73,19.907,20.349,19.751,19.605,20.267,20.442,20.096,19.802,19.496,19.956,20.014,20.353,19.689,20.409,19.699,20.063,19.511,19.525,19.811,19.496,20.442,19.92375
391,10,109.504,95.289,95.655,96.725,99.979,95.998,94.578,96.872,95.811,96.099,96.59,96.655,95.412,99.876,96.549,100.744,97.814,94.643,95.456,95.918,95.55,94.578,100.744,96.61065
392,0,13.691,9.28,9.27,9.277,9.331,9.276,9.32,9.286,9.281,9.283,9.254,9.274,9.323,9.356,9.236,9.337,9.324,9.315,9.273,9.293,9.25,9.236,9.356,9.29195
393,6,62.895,57.566,57.682,57.873,58.419,57.665,57.586,57.838,57.693,57.7,57.781,57.79,57.702,58.486,57.805,58.581,58.087,57.552,57.598,57.705,57.573,57.552,58.581,57.8341
394,2,34.443,27.992,28.775,28.819,30.546,28.451,30.094,28.826,28.469,27.978,28.819,28.636,28.353,31.365,28.706,32.196,28.687,29.225,27.687,28.512,28.031,27.687,32.196,29.00835
395,10,109.504,95.289,95.655,96.725,99.979,95.998,94.578,96.872,95.811,96.099,96.59,96.655,95.412,99.876,96.549,100.744,97.814,94.643,95.456,95.918,95.55,94.578,100.744,96.61065
396,0,13.691,9.28,9.27,9.277,9.331,9.276,9.32,9.286,9.281,9.283,9.254,9.274,9.323,9.356,9.236,9.337,9.324,9.315,9.273,9.293,9.25,9.236,9.356,9.29195
397,2,24.254,19.73,19.907,20.349,19.751,19.605,20.267,20.442,20.096,19.802,19.496,19.956,20.014,20.353,19.689,20.409,19.699,20.063,19.511,19.525,19.811,19.496,20.442,19.92375
398,10,109.504,95.289,95.655,96.725,99.979,95.998,94.578,96.872,95.811,96.099,96.59,96.655,95.412,99.876,96.549,100.744,97.814,94.643,95.456,95.918,95.55,94.578,100.744,96.61065
399,0,13.691,9.28,9.27,9.277,9.331,9.276,9.32,9.286,9.281,9.283,9.254,9.274,9.323,9.356,9.236,9.337,9.324,9.315,9.273,9.293,9.25,9.236,9.356,9.29195