,inputs,outputs,nb_plays-50-units-128-ensemble-1-predictions,nb_plays-50-units-128-ensemble-2-predictions,nb_plays-50-units-128-ensemble-3-predictions,nb_plays-50-units-128-ensemble-4-predictions,nb_plays-50-units-128-ensemble-5-predictions,nb_plays-50-units-128-ensemble-6-predictions,nb_plays-50-units-128-ensemble-7-predictions,nb_plays-50-units-128-ensemble-8-predictions,nb_plays-50-units-128-ensemble-9-predictions,nb_plays-50-units-128-ensemble-10-predictions,nb_plays-50-units-128-ensemble-11-predictions,nb_plays-50-units-128-ensemble-12-predictions,nb_plays-50-units-128-ensemble-13-predictions,nb_plays-50-units-128-ensemble-14-predictions,nb_plays-50-units-128-ensemble-15-predictions,nb_plays-50-units-128-ensemble-16-predictions,nb_plays-50-units-128-ensemble-17-predictions,nb_plays-50-units-128-ensemble-18-predictions,nb_plays-50-units-128-ensemble-19-predictions,nb_plays-50-units-128-ensemble-20-predictions,,lower,higher
0,-4.244,-57.813,-38.864,-38.663,-46.124,-51.159,-47.01,-48.319,-42.049,-55.221,-40.39,-52.02,-60.283,-55.631,-57.119,-43.637,-45.671,-65.953,-48.779,-56.803,-61.397,-38.157,,-65.953,-38.157
1,-4.118,-56.743,-42.816,-40.223,-49.05,-49.537,-49.425,-48.611,-46.167,-55.31,-44.727,-51.331,-59.5,-56.003,-54.78,-49.863,-43.717,-65.336,-51.368,-54.679,-54.452,-46.904,,-65.336,-40.223
2,-4.323,-56.756,-46.305,-47.24,-50.793,-52.552,-50.821,-48.435,-50.172,-54.533,-47.762,-52.158,-59.373,-56.655,-53.941,-51.178,-51.371,-63.742,-54.265,-54.457,-56.788,-53.506,,-63.742,-46.305
3,-4.271,-56.756,-50.374,-50.676,-52.368,-52.839,-50.253,-54.603,-53.67,-55.31,-50.355,-50.81,-58.824,-56.734,-53.375,-54.373,-53.392,-60.44,-53.915,-54.35,-56.224,-54.705,,-60.44,-50.253
4,-4.498,-57.235,-53.913,-51.878,-55.355,-53.339,-51.273,-55.486,-55.561,-54.533,-52.48,-52.839,-59.683,-57.639,-53.746,-54.653,-56.084,-62.943,-54.977,-55.633,-56.793,-55.728,,-62.943,-51.273
5,-4.477,-57.235,-54.348,-53.975,-56.167,-53.382,-50.836,-57.935,-55.056,-55.31,-52.623,-51.681,-60.24,-57.856,-54.025,-54.035,-56.36,-62.949,-54.647,-56.079,-56.828,-56.094,,-62.949,-50.836
6,-4.486,-57.235,-54.441,-54.691,-56.259,-53.403,-51.014,-59.067,-55.511,-54.533,-52.805,-52.764,-60.783,-57.805,-54.342,-54.59,-56.441,-62.95,-54.76,-56.121,-56.876,-56.179,,-62.95,-51.014
7,-4.696,-58.02,-54.925,-59.059,-56.962,-54.185,-51.603,-60.088,-55.922,-55.406,-53.527,-53.892,-61.539,-59.006,-55.784,-55.712,-56.823,-62.954,-55.65,-56.858,-57.399,-57.492,,-62.954,-51.603
8,-4.57,-58.02,-54.725,-59.336,-57.273,-54.044,-51.017,-60.301,-55.439,-54.534,-53.116,-52.682,-61.549,-58.753,-56.694,-55.505,-56.63,-62.953,-54.903,-56.561,-57.277,-56.835,,-62.953,-51.017
9,-4.669,-58.02,-54.912,-59.947,-57.581,-54.326,-51.513,-60.606,-56.028,-55.385,-53.448,-54.285,-61.659,-59.447,-58.307,-55.647,-56.823,-62.954,-55.5,-56.85,-57.43,-57.433,,-62.954,-51.513
10,-4.851,-58.777,-55.423,-60.886,-59.468,-55.063,-52.02,-61.145,-56.326,-55.73,-54.518,-54.762,-61.897,-62.808,-60.033,-58.721,-56.977,-62.955,-55.69,-57.646,-57.573,-58.76,,-62.955,-52.02
11,-4.85,-58.777,-55.644,-61.334,-59.939,-55.335,-51.859,-61.435,-56.312,-56.712,-53.949,-57.144,-62.022,-62.564,-60.952,-61.634,-56.936,-62.955,-55.691,-57.933,-57.562,-58.662,,-62.955,-51.859
12,-4.699,-58.777,-55.332,-61.076,-60.941,-54.925,-51.322,-61.302,-55.819,-57.07,-53.464,-59.212,-61.955,-62.105,-60.874,-61.734,-56.788,-62.954,-55.472,-57.303,-57.462,-57.988,,-62.954,-51.322
13,-4.707,-58.777,-55.216,-60.98,-60.184,-54.793,-51.525,-61.238,-56.047,-57.997,-53.599,-61.04,-61.927,-62.103,-60.848,-61.916,-56.847,-62.954,-55.542,-57.151,-57.467,-57.63,,-62.954,-51.525
14,-4.844,-58.777,-55.545,-61.363,-62.341,-55.205,-51.97,-61.468,-56.354,-60.105,-54.415,-61.529,-62.036,-62.137,-61.113,-63.005,-56.978,-62.955,-55.688,-57.693,-57.561,-59.002,,-63.005,-51.97
15,-4.821,-58.777,-55.628,-61.392,-61.613,-55.286,-51.762,-61.552,-56.178,-61.688,-53.843,-61.321,-62.075,-62.134,-61.133,-63.028,-56.909,-62.955,-55.684,-57.769,-57.537,-58.154,,-63.028,-51.762
16,-4.867,-58.858,-55.834,-61.422,-63.664,-55.472,-51.885,-61.684,-56.476,-61.611,-54.447,-61.494,-62.137,-62.14,-61.146,-63.584,-56.984,-62.955,-55.695,-58.183,-57.584,-59.688,,-63.664,-51.885
17,-4.881,-58.93,-55.995,-61.437,-61.9,-55.592,-51.926,-61.784,-56.369,-61.678,-54.215,-61.47,-62.183,-62.142,-61.154,-63.258,-57.003,-62.955,-55.7,-58.598,-57.602,-59.032,,-63.258,-51.926
18,-4.807,-58.93,-55.819,-61.406,-63.66,-55.389,-51.649,-61.7,-56.195,-61.566,-53.841,-61.308,-62.148,-62.132,-61.154,-63.388,-56.928,-62.955,-55.682,-58.569,-57.528,-59.556,,-63.66,-51.649
19,-5.105,-60.181,-57.11,-61.523,-61.992,-56.32,-54.529,-62.236,-57.659,-62.09,-56.969,-62.046,-62.857,-62.312,-61.673,-63.383,-57.636,-62.955,-55.874,-60.623,-58.209,-61.482,,-63.383,-54.529
20,-4.902,-60.173,-56.975,-61.48,-63.931,-56.138,-53.783,-62.141,-56.489,-61.75,-53.513,-61.341,-62.454,-62.146,-61.467,-63.988,-57.577,-62.955,-55.736,-59.395,-57.827,-59.623,,-63.988,-53.513
21,-5.02,-60.173,-57.886,-61.515,-61.991,-56.443,-53.907,-62.294,-57.88,-61.903,-56.474,-61.839,-62.863,-62.207,-61.911,-63.385,-58.33,-62.955,-55.789,-60.18,-57.972,-61.28,,-63.385,-53.907
22,-5.014,-60.173,-58.764,-61.525,-64.171,-56.617,-54.227,-62.37,-58.028,-61.875,-54.26,-61.664,-62.666,-62.169,-62.096,-64.71,-58.937,-62.955,-55.802,-59.926,-58.001,-60.132,,-64.71,-54.227
23,-5.027,-60.173,-59.881,-61.533,-62.011,-56.772,-54.479,-62.434,-60.387,-61.904,-55.861,-61.751,-62.9,-62.203,-62.481,-63.415,-59.82,-62.955,-55.822,-60.21,-58.067,-61.252,,-63.415,-54.479
24,-5.037,-60.173,-61.208,-61.54,-64.231,-56.907,-54.743,-62.488,-60.978,-61.918,-54.774,-61.746,-62.822,-62.197,-62.792,-64.851,-60.778,-62.955,-55.845,-60.179,-58.149,-60.704,,-64.851,-54.743
25,-5.122,-60.28,-62.404,-61.574,-62.047,-57.312,-55.645,-62.552,-62.383,-62.088,-56.466,-61.943,-63.187,-62.299,-63.446,-63.439,-62.268,-62.955,-56.058,-60.853,-58.665,-61.953,,-63.446,-55.645
26,-4.977,-60.28,-62.726,-61.533,-64.128,-57.013,-54.855,-62.448,-61.805,-61.841,-53.951,-61.546,-62.618,-62.15,-63.415,-64.471,-62.926,-62.955,-55.87,-59.969,-58.304,-61.776,,-64.471,-53.951
27,-4.822,-60.006,-62.643,-61.447,-61.927,-56.262,-53.314,-62.105,-61.798,-61.624,-54.038,-61.318,-62.436,-62.135,-63.123,-63.367,-62.628,-62.955,-55.7,-59.43,-57.695,-61.842,,-63.367,-53.314
28,-4.985,-60.006,-62.988,-61.497,-64.063,-56.391,-53.797,-62.207,-62.297,-61.861,-55.589,-61.766,-62.747,-62.171,-63.488,-64.528,-63.512,-62.955,-55.749,-59.862,-57.84,-62.141,,-64.528,-53.797
29,-4.966,-60.006,-63.08,-61.521,-61.974,-56.415,-53.666,-62.231,-62.179,-61.805,-54.293,-61.578,-62.544,-62.148,-63.506,-63.396,-63.652,-62.955,-55.748,-59.656,-57.795,-62.618,,-63.652,-53.666
30,-5.019,-60.006,-63.234,-61.598,-64.169,-56.63,-54.133,-62.343,-62.62,-61.892,-55.754,-61.76,-62.865,-62.205,-63.889,-64.74,-63.819,-62.955,-55.792,-60.039,-57.944,-62.993,,-64.74,-54.133
31,-4.942,-60.006,-63.137,-61.647,-61.977,-56.471,-53.694,-62.263,-62.199,-61.782,-54.03,-61.524,-62.504,-62.147,-63.815,-63.402,-63.598,-62.955,-55.742,-59.637,-57.773,-63.03,,-63.815,-53.694
32,-4.862,-60.006,-62.992,-61.594,-63.826,-56.061,-52.908,-62.07,-62.148,-61.67,-54.295,-61.417,-62.405,-62.14,-63.674,-63.706,-63.315,-62.955,-55.699,-59.339,-57.605,-62.828,,-63.826,-52.908
33,-4.92,-60.006,-63.038,-61.624,-61.942,-56.012,-52.935,-62.067,-62.246,-61.748,-54.658,-61.585,-62.481,-62.145,-63.732,-63.352,-63.498,-62.955,-55.714,-59.433,-57.667,-62.877,,-63.732,-52.935
34,-4.9,-60.006,-63.008,-61.611,-63.892,-55.921,-52.68,-62.03,-62.129,-61.711,-54.258,-61.485,-62.368,-62.144,-63.637,-63.982,-63.443,-62.955,-55.708,-59.323,-57.645,-62.848,,-63.982,-52.68
35,-4.782,-59.897,-62.752,-61.513,-61.875,-55.421,-51.693,-61.79,-61.693,-61.545,-53.711,-61.246,-62.249,-62.127,-63.193,-63.327,-62.901,-62.955,-55.679,-58.928,-57.509,-62.511,,-63.327,-51.693
36,-4.879,-59.897,-62.853,-61.568,-63.802,-55.576,-52.037,-61.835,-62.132,-61.687,-54.709,-61.546,-62.253,-62.141,-63.233,-63.842,-63.173,-62.955,-55.697,-59.095,-57.599,-62.571,,-63.842,-52.037
37,-4.725,-59.739,-62.524,-61.313,-61.83,-55.112,-51.461,-61.573,-61.244,-61.436,-53.435,-61.095,-62.125,-62.112,-62.492,-63.301,-62.327,-62.955,-55.589,-58.63,-57.473,-62.178,,-63.301,-51.461
38,-4.627,-59.342,-62.027,-60.834,-62.829,-54.601,-51.238,-61.231,-61.064,-61.312,-53.398,-61.016,-61.959,-62.059,-61.344,-61.905,-61.424,-62.954,-55.166,-57.668,-57.431,-61.568,,-62.954,-51.238
39,-4.529,-58.941,-61.097,-60.249,-60.655,-54.073,-51.018,-60.835,-60.195,-61.125,-53.227,-60.658,-61.756,-61.931,-60.212,-63.044,-60.941,-62.952,-54.831,-56.689,-57.194,-60.185,,-63.044,-51.018
40,-4.628,-58.941,-60.913,-60.292,-61.514,-54.203,-51.389,-60.821,-60.593,-61.363,-53.403,-61.122,-61.735,-62.032,-60.267,-61.664,-60.976,-62.954,-55.336,-56.729,-57.367,-59.22,,-62.954,-51.389
41,-4.432,-58.46,-59.502,-59.667,-59.406,-53.593,-50.677,-60.383,-59.196,-60.815,-52.951,-60.14,-61.564,-61.651,-59.606,-62.74,-60.056,-62.948,-54.373,-56.062,-56.896,-56.642,,-62.948,-50.677
42,-4.413,-58.364,-58.391,-59.343,-58.811,-53.53,-50.857,-60.064,-57.782,-61.089,-52.727,-59.936,-61.485,-61.152,-59.077,-58.363,-59.579,-62.946,-54.506,-55.87,-56.746,-56.099,,-62.946,-50.857
43,-4.561,-58.364,-57.399,-59.653,-58.179,-53.736,-51.241,-60.232,-56.273,-61.192,-53.135,-60.469,-61.552,-61.516,-59.242,-59.132,-59.473,-62.953,-55.117,-56.336,-57.052,-56.591,,-62.953,-51.241
44,-4.525,-58.364,-55.842,-59.65,-58.216,-53.688,-51.005,-60.252,-55.616,-61.099,-53.053,-60.333,-61.55,-61.65,-59.203,-57.27,-59.116,-62.952,-54.824,-56.302,-57.036,-56.489,,-62.952,-51.005
45,-4.372,-58.159,-54.301,-59.167,-57.015,-53.419,-50.623,-59.853,-55.076,-60.816,-52.509,-59.56,-61.447,-60.801,-58.553,-53.968,-58.382,-62.942,-54.227,-55.776,-56.631,-55.656,,-62.942,-50.623
46,-4.175,-57.069,-52.95,-58.157,-56.359,-52.783,-50.205,-58.6,-54.693,-60.192,-51.76,-57.068,-60.359,-57.791,-57.044,-52.142,-57.607,-62.884,-53.51,-54.216,-55.903,-54.956,,-62.884,-50.205
47,-4.219,-57.069,-53.239,-57.751,-56.342,-52.874,-50.336,-58.041,-54.656,-60.368,-51.906,-54.598,-59.871,-56.909,-55.638,-53.236,-56.825,-62.905,-53.862,-53.762,-56.078,-54.926,,-62.905,-50.336
48,-4.203,-57.069,-53.188,-57.495,-56.251,-52.646,-50.207,-57.872,-54.607,-60.681,-51.741,-51.826,-58.969,-56.247,-54.14,-52.679,-55.946,-62.898,-53.713,-53.605,-55.918,-54.877,,-62.898,-50.207
49,-3.916,-54.975,-52.003,-55.214,-55.776,-51.155,-49.595,-57.631,-53.233,-58.935,-49.617,-50.534,-55.486,-55.091,-52.551,-50.147,-54.625,-61.744,-51.911,-51.739,-54.31,-53.836,,-61.744,-49.595
50,-3.968,-54.975,-52.337,-55.552,-55.688,-51.432,-49.609,-57.657,-53.53,-57.684,-49.773,-50.342,-52.878,-55.215,-51.992,-51.901,-53.978,-61.294,-52.585,-51.151,-54.271,-53.578,,-61.294,-49.609
51,-4.152,-55.073,-52.992,-56.078,-55.999,-52.135,-50.328,-57.809,-54.382,-57.84,-51.237,-51.134,-52.523,-56.026,-52.623,-52.825,-54.634,-61.647,-53.706,-52.245,-55.102,-54.374,,-61.647,-50.328
52,-3.809,-54.022,-51.334,-53.761,-55.03,-50.316,-49.345,-57.244,-52.76,-55.043,-48.615,-49.654,-50.298,-54.414,-50.384,-49.637,-53.221,-58.509,-51.12,-50.754,-52.402,-53.087,,-58.509,-48.615
53,-3.707,-53.109,-50.337,-51.007,-52.552,-50.097,-49.151,-56.283,-52.26,-53.392,-47.529,-49.576,-48.908,-53.931,-50.72,-49.855,-51.84,-51.828,-50.789,-49.146,-51.288,-52.541,,-56.283,-47.529
54,-3.652,-52.612,-49.719,-48.255,-50.782,-49.679,-48.848,-55.353,-51.498,-49.259,-46.788,-49.386,-48.452,-53.37,-49.755,-49.634,-50.68,-48.737,-50.464,-47.854,-51.126,-52.3,,-55.353,-46.788
55,-3.543,-51.623,-48.735,-47.638,-49.592,-49.172,-47.712,-54.056,-50.188,-47.192,-45.543,-48.962,-47.832,-51.594,-49.211,-49.427,-48.517,-48.253,-49.766,-46.593,-47.125,-51.721,,-54.056,-45.543
56,-3.506,-51.283,-48.259,-47.959,-49.098,-48.916,-47.407,-52.837,-49.013,-45.953,-44.785,-48.715,-47.322,-50.28,-49.137,-49.374,-46.501,-48.008,-49.671,-45.395,-48.477,-51.631,,-52.837,-44.785
57,-4.067,-52.494,-51.881,-49.574,-49.87,-51.658,-49.888,-56.036,-52.649,-48.275,-50.073,-50.453,-50.374,-54.218,-52.671,-53.355,-50.619,-50.21,-53.735,-47.171,-51.593,-53.822,,-56.036,-47.171
58,-3.501,-51.232,-48.666,-47.759,-49.112,-48.184,-47.861,-54.11,-50.39,-46.506,-45.536,-48.877,-47.715,-50.733,-48.129,-48.912,-46.955,-48.491,-49.605,-45.76,-44.293,-51.34,,-54.11,-44.293
59,-3.693,-51.232,-49.622,-48.27,-49.547,-50.014,-49.228,-54.401,-50.576,-46.572,-46.429,-49.414,-48.289,-52.966,-51.755,-49.786,-47.107,-48.61,-50.988,-45.406,-47.844,-52.55,,-54.401,-45.406
60,-3.589,-51.232,-48.973,-48.258,-49.356,-48.821,-48.182,-53.757,-49.885,-46.058,-45.386,-49.151,-48.036,-50.788,-48.783,-49.452,-45.536,-48.337,-49.963,-44.524,-45.338,-51.873,,-53.757,-44.524
61,-3.655,-51.232,-49.386,-48.222,-49.495,-49.492,-48.955,-53.829,-49.929,-46.129,-45.814,-49.335,-48.249,-49.762,-50.924,-49.677,-44.903,-48.423,-50.62,-42.498,-44.072,-52.311,,-53.829,-42.498
62,-2.696,-43.58,-43.214,-37.582,-40.189,-40.274,-37.699,-42.415,-41.028,-41.265,-36.575,-35.296,-39.882,-43.999,-47.713,-45.692,-39.271,-34.53,-42.372,-34.6,-34.158,-41.396,,-47.713,-34.158
63,-2.77,-43.58,-41.022,-39.769,-36.862,-40.267,-33.883,-41.936,-38.325,-42.949,-34.096,-36.262,-36.963,-39.647,-47.589,-43.705,-37.22,-37.215,-40.852,-36.131,-37.171,-41.034,,-47.589,-33.883
64,-2.939,-43.697,-39.882,-37.365,-34.939,-36.725,-35.11,-40.704,-38.017,-43.258,-35.852,-35.844,-36.873,-37.821,-47.768,-42.914,-40.563,-34.759,-41.257,-37.508,-35.457,-39.807,,-47.768,-34.759
65,-2.933,-43.697,-38.629,-37.23,-34.962,-35.372,-35.956,-41.431,-37.87,-43.18,-35.003,-36.859,-36.204,-37.577,-47.569,-43.359,-40.203,-34.404,-41.157,-37.993,-35.552,-37.021,,-47.569,-34.404
66,-2.512,-41.761,-33.799,-31.655,-32.709,-33.78,-33.304,-33.937,-36.54,-37.612,-33.644,-33.69,-32.428,-34.2,-43.796,-36.636,-35.414,-33.591,-36.203,-33.789,-34.691,-34.9,,-43.796,-31.655
67,-1.851,-35.061,-29.64,-25.404,-27.146,-31.358,-25.447,-31.613,-28.94,-32.547,-28.508,-27.826,-30.704,-27.361,-34.118,-26.685,-32.376,-30.699,-30.829,-28.655,-27.329,-29.876,,-35.061,-25.404
68,-3.281,-41.384,-40.225,-38.52,-37.479,-37.865,-35.841,-40.273,-40.145,-41.131,-37.884,-34.827,-40.011,-36.589,-40.868,-39.232,-40.54,-35.352,-38.543,-40.034,-39.177,-36.603,,-41.384,-34.827
69,-1.978,-35.927,-30.395,-27.902,-29.407,-33.708,-32.229,-31.538,-32.606,-32.639,-32.47,-28.28,-30.296,-29.092,-33.507,-28.486,-34.056,-31.417,-32.312,-30.252,-30.311,-29.289,,-35.927,-27.902
70,-2.325,-36.33,-30.29,-28.763,-27.394,-32.711,-27.204,-33.041,-30.199,-32.143,-31.766,-28.045,-31.665,-29.789,-33.357,-30.998,-33.743,-31.772,-31.131,-29.951,-30.244,-30.778,,-36.33,-27.204
71,-2.879,-38.878,-34.43,-32.223,-33.002,-35.966,-31.536,-38.9,-33.235,-38.108,-35.161,-32.867,-35.427,-38.073,-39.663,-35.075,-39.147,-33.666,-34.944,-36.581,-34.38,-32.746,,-39.663,-31.536
72,-2.793,-38.878,-34.802,-33.673,-34.249,-34.278,-34.331,-37.713,-35.621,-34.819,-34.546,-35.24,-33.675,-34.494,-34.734,-35.244,-37.227,-33.677,-35.323,-37.687,-34.774,-33.039,,-38.878,-33.039
73,-2.159,-36.906,-30.829,-28.48,-29.836,-32.669,-28.134,-33.552,-30.677,-31.587,-32.535,-30.091,-30.972,-31.28,-33.293,-33.238,-33.803,-33.315,-32.514,-30.802,-30.388,-31.345,,-36.906,-28.134
74,-1.474,-31.111,-25.682,-20.72,-23.641,-26.254,-24.753,-28.086,-24.031,-25.659,-24.219,-23.098,-29.192,-22.602,-31.169,-28.007,-28.357,-24.641,-27.612,-24.633,-29.763,-26.526,,-31.169,-20.72
75,-1.268,-28.729,-22.956,-17.076,-22.548,-25.313,-22.108,-23.223,-23.828,-21.539,-22.465,-21.303,-24.885,-22.113,-27.828,-22.208,-22.635,-21.842,-23.157,-22.394,-29.136,-23.469,,-29.136,-17.076
76,-1.813,-29.873,-24.494,-21.586,-24.497,-25.531,-23.927,-22.444,-23.93,-23.504,-24.227,-24.028,-25.439,-23.348,-30.525,-24.344,-25.547,-25.383,-24.816,-24.591,-29.563,-24.711,,-30.525,-21.586
77,-0.713,-22.264,-19.39,-13.326,-20.967,-21.011,-19.041,-14.47,-18.582,-15.108,-20.441,-14.974,-20.379,-20.81,-22.287,-16.068,-16.142,-19.562,-20.812,-14.009,-19.193,-16.168,,-22.287,-13.326
78,-0.388,-18.421,-13.184,-4.502,-15.264,-13.538,-11.193,-11.188,-13.011,-11.988,-15.428,-13.455,-11.601,-15.32,-11.008,-8.368,-11.777,-13.945,-13.655,-7.135,-11.379,-9.546,,-18.421,-4.502
79,-0.778,-18.943,-15.639,-13.765,-13.541,-10.759,-10.984,-13.757,-11.372,-13.146,-15.371,-15.933,-10.704,-15.532,-13.304,-13.16,-10.902,-12.407,-13.836,-14.133,-16.138,-10.667,,-18.943,-10.667
80,-1.148,-20.596,-16.021,-13.905,-15.102,-14.344,-13.53,-15.384,-14.965,-15.242,-16.086,-17.83,-12.361,-15.554,-15.151,-15.382,-15.27,-14.312,-15.03,-14.703,-15.725,-14.311,,-20.596,-12.361
81,-0.166,-15.74,-12.235,-3.508,-6.368,-7.791,-3.649,-8.154,-5.115,-8.582,-6.497,-10.437,-5.448,-10.983,-8.297,-6.472,-9.962,-5.683,-5.084,-7.71,-9.618,-8.281,,-15.74,-3.508
82,-0.226,-15.74,-11.835,-6.649,-6.068,-3.023,-3.861,-3.98,-5.492,-5.107,-4.038,-8.25,-6.454,-5.388,-7.422,-9.089,-6.027,-1.029,-6.241,-6.115,-6.927,-5.655,,-15.74,-1.029
83,-0.045,-14.247,-9.682,-2.498,-5.902,-2.152,-3.801,-3.193,-4.435,-4.093,-2.424,-8.878,-4.029,-3.994,-6.347,-6.789,-3.9,1.488,-5.278,-4.077,-6.109,-3.902,,-14.247,1.488
84,-0.682,-15.799,-13.996,-10.335,-6.23,-2.749,-10.057,-6.204,-6.65,-7.582,-10.588,-10.396,-6.815,-11.324,-7.361,-12.188,-5.01,-1.139,-7.987,-8.267,-8.627,-4.153,,-15.799,-1.139
85,-1.645,-21.773,-16.045,-13.95,-13.468,-15.89,-13.475,-13.942,-16.259,-15.242,-16.294,-20.43,-14.512,-15.434,-15.07,-15.893,-16.366,-15.98,-16.158,-16.97,-14.689,-13.221,,-21.773,-13.221
86,0.956,-1.911,-0.985,-2.401,0.615,1.31,1.211,1.84,-0.097,-0.199,-3.5,-2.262,0.617,0.476,-0.351,1.147,0.56,2.097,1.422,0.647,-2.246,2.263,,-3.5,2.263
87,-0.782,-10.464,-14.552,-12.503,-6.182,-3.455,-8.057,-3.68,-4.287,-10.808,-11.001,-12.715,-7.04,-9.465,-7.05,-9.733,-3.937,-8.735,-12.599,-12.292,-10.899,-1.229,,-14.552,-1.229
88,0.131,-7.445,-9.441,-6.447,-3.939,-2.152,-6.901,0.247,-1.619,-9.739,-5.313,-8.026,-3.656,-6.986,-4.336,0.881,-3.88,1.687,-2.016,-6.769,-2.809,-3.502,,-9.739,1.687
89,1.465,4.362,7.663,9.787,13.382,8.413,9.85,10.294,8.783,7.821,6.989,4.818,8.772,7.754,8.499,6.236,8.89,7.489,7.043,5.407,7.886,4.973,,4.362,13.382
90,0.566,1.421,4.59,7.967,12.021,5.363,4.971,3.816,5.585,3.041,2.512,1.628,7.698,6.155,8.563,4.546,7.215,6.831,2.934,6.385,6.424,0.956,,0.956,12.021
91,1,2.111,7.091,8.3,12.176,6.817,11.01,7.797,5.334,10.377,5.941,1.978,12.65,7.102,12.245,5.113,11.413,12.194,7.484,10.906,12.952,5.329,,1.978,12.952
92,-0.101,-2.922,4.363,2.717,2.22,-0.813,5.153,1.251,2.663,-1.414,-2.581,-6.97,7.51,-0.422,0.684,0.148,5.21,3.893,2.053,2.582,6.772,2.509,,-6.97,7.51
93,-0.114,-3.015,0.202,1.547,2.638,-2.15,1.15,-0.308,0.464,1.679,-2.003,-5.28,0.707,-0.532,-0.448,2.262,1.692,1.749,-3.027,-0.528,3.971,-3.28,,-5.28,3.971
94,0.633,-0.911,1.984,2.96,6.892,-1.613,6.161,1.022,2.356,-3.218,4.13,0.707,1.538,7.641,0.899,3.287,4.847,6.731,-1.648,-0.901,10.876,-0.844,,-3.218,10.876
95,1.568,5.626,9.345,14.353,12.25,12.6,13.023,10.536,8.885,11.049,14.88,9.127,8.845,14.32,8.434,12.428,12.93,12.573,7.954,9.183,16.215,11.131,,5.626,16.215
96,0.972,4.275,7.433,18.48,12.166,10.628,7.231,8.896,7.156,5.452,14.354,6.552,13.106,12.4,10.969,11.797,12.802,15.811,6.042,14.961,13.99,11.596,,4.275,18.48
97,0.87,3.766,8.802,17.529,12.168,14.345,11.695,10.915,4.384,10.548,16.599,2.383,16.68,8.448,13.223,11.259,12.72,15.426,5.88,18.876,13.802,12.458,,2.383,18.876
98,1.488,5.223,13.087,20.511,12.814,15.038,11.982,16.651,10.868,16.162,19.566,8.834,22.55,13.72,16.773,17.53,13.597,16.914,10.026,23.12,17.075,16.137,,5.223,23.12
99,2.05,11.566,19.471,23.816,19.038,19.526,15.62,23.975,19.552,23.374,24.467,16.75,25.096,17.02,25.499,21.655,15.948,20.155,14.891,25.39,24.272,26.18,,11.566,26.18
100,0.906,7.151,15.12,19.28,14.216,13.433,6.555,17.71,16.523,16.443,16.3,8.44,15.841,18.791,17.064,14.83,12.675,16.916,11.494,16.914,15.308,14.117,,6.555,19.28
101,1.142,7.249,17.356,20.359,13.01,14.714,12.081,19.76,18.085,19.258,19.399,10.095,16.929,17.629,17.306,15.55,13.028,16.229,12.045,19.678,14.18,13.664,,7.249,20.359
102,1.47,8.372,20.705,21.521,13.092,15.047,11.973,22.672,21.119,20.668,18.392,15.864,22.162,19.545,20.818,18.763,13.467,16.915,14.957,23.007,16.743,15.332,,8.372,23.007
103,2.528,17.449,27.996,28.151,21.479,26.168,21.096,27.492,27.034,26.674,29.836,21.068,28.629,29.63,28.805,23.47,22.613,23.526,19.967,27.305,27.178,26.839,,17.449,29.836
104,2.213,17.134,26.141,27.878,26.082,23.31,25.058,27.518,25.502,24.913,29.803,20.904,28.567,25.869,26.62,24.718,21.921,25.751,21.224,26.407,28.019,23.763,,17.134,29.803
105,3.275,26.654,31.41,33.069,30.76,29.264,32.133,33.129,29.84,31.301,34.333,27.003,33.544,31.683,32.893,32.56,30.274,30.221,28.366,30.591,31.814,31.298,,26.654,34.333
106,2.789,25.754,30.582,32.962,31.186,29.842,30.005,30.721,30.721,29.075,31.383,25.408,33.001,32.717,30.649,31.223,31.18,31.789,26.998,30.614,30.987,31.772,,25.408,33.001
107,2.414,23.934,29.443,29.29,29.746,28.793,27.539,29.279,27.079,27.034,32.892,22.771,31,28.991,28.373,28.734,26.836,30.358,24.063,26.883,29.648,29.366,,22.771,32.892
108,3.173,26.102,33.634,37.546,31.95,33.969,33.112,33.132,29.349,31.106,34.702,27.4,34.945,32.902,32.968,32.391,31.255,35.284,27.767,30.552,31.815,31.918,,26.102,37.546
109,2.754,25.476,30.737,34.627,31.905,31.095,29.379,30.553,30.057,28.716,31.49,25.168,33.295,32.577,30.384,31.311,31.012,32.801,26.191,30.244,30.819,31.973,,25.168,34.627
110,2.402,23.863,28.58,29.856,30.29,29.254,26.268,29.264,26.86,26.985,32.992,22.674,30.961,28.909,28.237,28.66,26.149,30.707,23.862,26.755,29.494,29.384,,22.674,32.992
111,3.198,26.219,33.996,38.196,32.501,34.288,32.157,33.132,29.368,31.103,35.027,27.436,35.043,32.963,32.945,32.455,30.638,35.741,27.874,30.57,31.816,31.962,,26.219,38.196
112,2.612,24.908,29.922,31.819,31.78,30.829,29.468,29.663,28.498,27.542,30.867,24.26,32.599,31.002,29.236,30.369,29.824,31.275,25.028,28.425,30.431,31.227,,24.26,32.599
113,2.916,25.191,31.283,33.196,32.369,32.367,31.476,32.479,29.788,30.377,34.338,25.835,33.542,32.766,32.085,32.617,30.756,34.976,26.365,30.037,31.732,32.028,,25.191,34.976
114,4.487,41.589,45.509,43.471,44.283,43.498,43.564,44.945,50.687,47.048,45.689,42.123,44.889,44.041,45.515,43.377,45.421,43.194,42.947,45.383,45.021,42.619,,41.589,50.687
115,3.155,35.935,36.561,40.387,32.698,36.574,35.309,38.076,41.118,38.706,32.255,35.353,41.494,36.999,38.482,34.618,35.384,36.529,36.64,40.769,38.477,36.029,,32.255,41.494
116,2.547,31.49,29.586,33.358,31.931,30.316,27.69,31.107,34.715,30.101,34.19,26.174,33.642,30.296,32.383,29.466,27.413,31.424,31.054,33.171,31.315,30.583,,26.174,34.715
117,2.978,32.166,32.953,36.307,32.904,33.58,30.647,32.492,35.448,31.166,34.182,29.072,33.601,32.695,32.416,33.275,29.775,35.592,31.22,31.403,31.652,31.99,,29.072,36.307
118,4.555,42.419,47.182,44.164,45.22,44.089,45.066,46.102,43.207,47.9,46.149,43.449,46.12,45.269,46.56,43.48,40.285,44.959,41.854,46.785,47.511,43.325,,40.285,47.9
119,3.068,35.699,36.073,40.413,33.021,36.984,36.338,38.278,35.956,37.915,30.934,35.755,41.594,36.939,38.058,34.191,32.725,36.783,35.774,40.47,40.403,35.742,,30.934,41.594
120,3.319,35.839,35.575,40.538,35.038,36.955,34.442,37.552,37.303,38.745,36.078,36.246,39.465,35.291,38.232,37.509,32.758,37.343,33.694,35.803,38.298,35.393,,32.758,40.538
121,3.279,35.839,37.188,40.517,34.533,36.169,34.098,37.366,36.588,36.422,35.631,35.539,39.9,34.365,33.812,36.661,33.402,36.97,33.349,34.703,37.129,35.171,,33.349,40.517
122,4.054,39.134,39.744,42.253,36.994,38.292,37.888,43.316,39.511,41.087,39.066,40.602,45.665,37.036,38.588,39.085,37.625,40.731,34.018,37.215,38.947,37.968,,34.018,45.665
123,3.563,38.213,39.15,40.62,35.859,38.286,34.384,41.9,38.795,41.329,37.832,39.609,44.123,36.491,35.806,37.275,35.849,38.501,33.357,36.918,38.74,36.831,,33.357,44.123
124,2.423,30.799,28.156,30.809,29.62,28.087,27.579,35.351,30.128,28.275,31.062,27.113,33.557,29.341,27.464,29.088,26.678,29.806,27.815,28.307,27.744,29.16,,26.678,35.351
125,3.211,33.112,33.063,35.314,33.272,35.523,31.146,36.234,32.543,31.428,34.599,30.86,34.188,33.134,32.822,35.458,30.652,35.384,31.037,30.935,31.66,31.934,,30.652,36.234
126,3.236,33.247,35.298,36.841,34.423,33.208,33.108,36.2,34.17,32.635,35.328,33.524,35.845,34.048,34.076,36.239,34.347,35.608,32.815,34.089,32.525,34.386,,32.525,36.841
127,5.48,53.823,55.784,55.742,55.737,57.316,58.834,58.38,57.001,57.587,57.946,55.735,58.976,55.584,55.696,56.057,56.877,57.379,51.684,56.315,57.497,55.613,,51.684,58.976
128,5.115,53.37,54.71,53.318,54.601,51.857,61.237,56.449,52.978,59.534,56.052,53.232,53.197,55.22,55.079,54.577,54.437,55.083,52.649,55.979,53.78,53.182,,51.857,61.237
129,4.952,52.75,58.347,54.877,56.666,53.172,60.633,60.169,54.469,57.791,59.269,55.055,56.967,55.856,53.96,56.341,56.883,54.911,53.007,61.957,55.658,56.165,,52.75,61.957
130,3.92,46.577,52.33,53.276,49.58,49.154,54.728,50.871,50.709,52.337,52.849,48.481,53.535,49.084,48.032,50.206,52.525,48.43,49.153,54.941,52.934,49.405,,46.577,54.941
131,3.666,44.701,45.4,44.416,46.949,45.679,51.127,43.53,46.618,48.469,47.212,42.98,49.874,45.056,43.557,42.243,49.405,43.155,44.927,45.723,46.074,42.058,,42.058,51.127
132,4.029,45.146,45.627,47.224,46.16,45.778,49.347,44.145,44.718,47.846,46.421,43.042,47.478,45.967,45.027,38.066,48.47,42.713,45.871,45.323,46.906,44.976,,38.066,49.347
133,3.536,43.692,43.193,42.555,42.704,42.949,43.554,40.367,42.132,44.939,43.096,41.403,43.44,42.126,40.854,37.211,42.791,40.715,43.416,42.421,43.282,41.863,,37.211,44.939
134,7.134,74.193,82.654,75.869,76.822,74.659,77.001,75.91,75.026,76.148,75.76,72.51,77.489,79.36,71.491,73.048,77.096,79.659,70.842,77.796,68.051,82.477,,68.051,82.654
135,2.437,38.762,44.626,44.144,45.014,39.538,34.263,36.516,43.008,40.936,41.499,38.743,39.832,45.046,34.527,38.274,38.131,39.216,36.849,43.509,38.357,37.491,,34.263,45.046
136,5.289,56.487,57.035,54.05,54.999,57.485,54.943,55.342,53.406,58.601,51.884,57.532,54.216,56.386,54.637,53.455,61.131,54.419,52.281,56.697,51.159,55.162,,51.159,61.131
137,3.48,47.404,47.51,47.191,45.424,51.006,46.95,48.421,47.607,51.224,47.243,47.819,47.241,47.683,43.879,44.97,55.728,47.372,45.674,50.705,44.408,47.502,,43.879,55.728
138,4.697,52.281,49.338,51.935,49.253,53.422,49.636,51.851,50.612,53.939,50.483,50.633,49.772,47.499,47.897,49.279,56.827,47.124,49.029,52.559,47.519,50.533,,47.124,56.827
139,3.847,49.623,46.27,49.428,46.262,50.788,47.125,44.825,45.548,50.592,47.177,47.293,46.619,45.546,44.422,41.795,53.195,43.195,46.136,48.539,44.808,43.498,,41.795,53.195
140,3.688,48.71,43.825,44.853,44.572,48.343,43.733,41.202,42.757,47.324,44.275,42.704,44.111,43.763,42.2,37.884,49.863,41.4,45.518,43.771,43.495,42.25,,37.884,49.863
141,3.752,48.71,43.247,44.575,43.146,45.368,41.69,41.554,42.199,45.807,42.747,41.876,44.105,43.429,40.033,37.509,46.498,40.738,45.643,42.635,42.638,42.163,,37.509,48.71
142,6.672,69.536,71.045,71.749,71.478,67.437,71.422,70.552,63.964,67.675,69.462,67.003,69.446,67.65,67.938,70.528,69.102,67.07,67.346,74.839,62.294,73.028,,62.294,74.839
143,4.805,60.005,63.36,63.037,57.423,57.974,64.801,64.012,57.819,63.587,61.819,61.035,63.049,62.58,59.298,55.924,63.502,55.965,58.524,62.212,57.71,58.379,,55.924,64.801
144,4.191,55.024,58.082,57.338,55.18,52.247,59.088,60.676,54.703,58.469,60.229,53.29,55.703,55.324,54.214,52.881,59.928,53.093,54.316,55.962,55.756,56.092,,52.247,60.676
145,5.527,60.704,61.223,63.245,58.848,62.963,62.827,66.466,59.864,66.62,63.243,57.807,62.223,65.676,62.908,61.831,62.766,59.287,63.211,61.413,63.625,60.525,,57.807,66.62
146,4.994,59.608,58.773,59.597,58.637,60.627,63.465,63.797,59.501,66.184,60.996,63.514,59.244,64.035,59.588,58.73,64.924,61.28,59.601,61.32,58.919,60.329,,58.637,66.184
147,5.712,61.991,63.451,63.802,62.955,65.809,69.932,68.372,65.131,70.456,67.4,68.767,64.403,69.071,71.334,65.928,71.011,65.005,63.702,66.624,64.717,66.846,,61.991,71.334
148,3.173,45.894,44.873,54.366,45.451,52.641,50.508,49.405,52.136,56.19,55.175,53.371,54.143,49.428,50.244,50.116,48.872,53.435,51.103,50.496,51.775,49.641,,44.873,56.19
149,5.304,57.502,57.011,62.427,54.446,60.803,65.9,61.401,59.423,66.582,65.919,61.286,60.514,62.854,59.848,65.714,66.753,60.124,62.003,57.283,61.253,61.921,,54.446,66.753
150,5.772,61.403,61.103,64.848,57.628,66.658,73.883,68.273,66.359,71.806,67.529,68.167,64.982,69.004,64.38,67.554,71.142,67.365,64.026,63.332,65.762,69.134,,57.628,73.883
151,3.334,47.256,47.968,55.846,44.882,52.125,54.095,53.48,53.696,55.883,55.138,56.87,55.449,50.125,50.001,50.668,50.77,51.975,53.403,53.363,50.922,52.933,,44.882,56.87
152,5.436,58.643,56.211,62.925,55.156,61.672,70.809,62.949,60.511,67.35,66.244,66.835,61.906,63.284,62.603,66.548,67.523,61.185,62.315,56.058,61.008,64.197,,55.156,70.809
153,6.674,69.555,71.003,71.732,68.167,73.521,79.646,73.789,75.925,75.559,74.496,72.689,72.611,69.607,70.703,72.051,73.707,72.365,69.716,71.483,73.616,76.447,,68.167,79.646
154,4.949,61.103,63.154,65.722,57.567,66.534,69.16,67.078,69.14,70.969,67.855,65.902,63.416,65.867,67.34,67.147,68.568,66.036,65.297,67.739,66.66,65.659,,57.567,70.969
155,5.769,63.588,67.73,66.43,65.952,70.679,73.282,69.305,71.151,72.67,70.892,71.513,69.437,73.094,72.901,75.101,72.181,72.475,69.723,72.779,70.892,71.805,,63.588,75.101
156,5.599,63.588,69.607,66.027,67.381,70.425,72.734,68.267,72.856,72.884,70.994,71.098,70.648,74.135,71.869,70.359,72.858,72.615,69.956,74.957,70.98,72.392,,63.588,74.957
157,4.198,55.086,56.281,58.548,54.484,61.533,65.069,63.57,63.246,63.342,65.187,61.198,60.82,62.151,60.758,61.444,63.216,61.591,59.776,60.922,59.219,61.076,,54.484,65.187
158,4.919,57.065,59.535,58.357,56.935,59.397,66.85,63.764,65.578,67.457,63.892,65.271,61.582,68.425,64.643,65.476,66.963,66.726,60.889,65.111,59.093,61.298,,56.935,68.425
159,3.283,46.931,45.981,45.217,43.03,51.037,51.591,50.283,53.654,56.464,54.487,52.176,54.223,53.967,51.943,51.809,51.55,57.399,51.503,53.804,49.285,48.643,,43.03,57.399
160,4.367,50.967,47.936,49.594,47.716,52.219,56.515,48.33,54.95,55.853,54.754,52.831,54.124,53.041,53.584,52.868,53.971,56.664,52.362,52.657,50.201,49.158,,47.716,56.664
161,5.049,55.688,50.261,55.509,52.009,56.809,67.43,54.525,58.189,60.173,60.204,54.223,56.689,57.345,56.128,56.024,59.844,61.646,56.374,55.606,54.501,53.599,,50.261,67.43
162,5.468,58.976,55.742,63.202,57.608,60.6,66.088,63.993,61.459,63.382,63.748,59.933,61.921,63.049,59.903,58.426,64.051,64.444,62.236,62.608,59.295,58.599,,55.742,66.088
163,4.728,56.906,56.264,58.386,54.857,54.823,66.279,64.897,60.604,60.263,60.21,60.02,56.715,60.054,56.425,56.917,63.816,61.604,58.021,59.881,56.334,59.137,,54.823,66.279
164,5.38,58.532,59.027,63.096,59.13,62.496,70.906,65.603,64.009,66.37,65.324,66.923,61.724,63.827,64.362,62.526,68.446,63.955,61.894,63.594,62.816,62.308,,58.532,70.906
165,3.51,48.735,48.352,57.23,46.551,54.269,56.205,54.781,54.846,57.524,55.601,58.589,55.362,54.111,53.802,52.889,51.876,55.438,53.803,53.671,55.132,54.12,,46.551,58.589
166,4.461,51.97,49.725,54.489,49.471,53.208,60.034,54.023,56.515,58.443,57.256,56.357,54.648,54.687,55.175,55.219,58.095,54.223,54.206,53.286,55.812,56.248,,49.471,60.034
167,4.529,52.369,49.769,52.215,52.285,53.184,64.181,54.887,56.712,57.834,59.387,55.048,54.654,55.03,53.786,56.416,56.39,53.168,54.599,52.81,55.796,57.23,,49.769,64.181
168,6.304,66.157,62.336,64.634,64.117,67.636,73.112,69.146,68.899,70.842,73.377,67.151,67.187,67.382,66.539,67.981,66.621,66.491,64.887,67.234,66.867,69.403,,62.336,73.377
169,4.181,54.613,56.198,58.012,51.32,57.724,64.073,63.552,62.457,60.733,60.352,60.756,56.355,56.995,56.355,55.448,58.674,58.606,56.087,60.928,55.809,59.928,,51.32,64.073
170,3.835,51.754,48.594,48.718,49.166,51.062,59.386,56.618,55.345,54.458,53.296,52.352,53.557,48.103,52.912,50.467,54.541,49.374,50.523,53.189,52.985,55.607,,48.103,59.386
171,4.313,52.62,47.613,49.958,49.827,52.186,61.753,54.802,55.847,52.655,53.077,52.766,53.185,45.718,51.451,48.341,54.806,46.638,48.407,51.66,53.771,55.573,,45.718,61.753
172,2.365,38.027,32.408,35.045,33.111,38.138,35.801,40.421,37.739,36.448,37.525,40.56,36.223,30.311,33.86,30.031,35.794,31.675,35.841,35.91,34.385,36.821,,30.031,40.56
173,4.519,49.828,42.49,43.294,44.275,44.841,52.98,42.839,41.995,46.953,45.388,45.385,44.456,42.203,43.826,43.394,46.221,42.8,43.058,47.26,44.174,43.965,,41.995,52.98
174,3.332,45.141,42.978,40.594,39.156,41.158,44.073,41.229,38.637,42.705,43.035,41.95,43.905,40.685,38.015,36.198,42.308,39.04,37.602,42.601,39.919,40.884,,36.198,45.141
175,0.404,16.925,13.631,15.126,11.319,20.191,15.842,20.122,11.808,12.457,11.93,18.943,15.561,16.315,13.48,15.863,18.802,10.313,12.282,13.71,13.549,16.489,,10.313,20.191
176,3.793,39.528,36.867,36.09,32.987,35,32.314,33.514,31.316,32.204,32.621,37.672,31.923,35.146,34.552,41.265,32.004,32.629,33.652,35.607,33.787,32.157,,31.316,41.265
177,3.195,38.169,33.127,35.827,33.355,34.558,31.466,32.993,34.633,34.071,31.183,36.065,34.882,34.876,31.238,35.739,34.194,33.657,33.264,35.034,33.35,33.398,,31.183,38.169
178,0.483,17.656,14.43,15.854,10.999,16.779,11.792,18.181,10.748,13.297,16.069,17.216,10.609,14.862,12.634,15.508,14.585,11.677,12.996,17.795,11.974,11.692,,10.609,18.181
179,3.529,37.118,31.396,33.376,31.135,32.476,31.497,31.059,28.44,28.424,36.088,36.552,31.498,31.704,31.301,37.975,31.1,30.285,30.284,33.228,32.123,32.136,,28.424,37.975
180,6.556,67.784,67.192,69.049,68.744,62.913,67.907,70.131,68.195,70.666,69.778,68.621,65.255,70.225,71.496,68.125,64.724,65.789,68.019,68.262,66.524,65.502,,62.913,71.496
181,4.531,57.019,56.075,58.586,55.929,48.573,55.404,53.642,55.825,59.403,59.788,57.541,53.912,57.412,56.181,52.804,53.303,55.214,54.171,63.859,53.305,54.485,,48.573,63.859
182,4.621,57.019,56.186,53.59,56.138,49.127,56.075,53.495,53.316,55.672,57.449,52.521,56.392,55.251,54.014,52.869,54.827,53.983,52.359,60.133,54.878,53.283,,49.127,60.133
183,0.62,19.282,22.19,17.666,19.739,20.234,13.649,15.805,19.582,19.643,16.895,20.046,20.506,19.239,16.937,17.927,14.291,21.42,18.885,16.828,15.776,13.623,,13.623,22.19
184,4.162,43.324,46.065,42.759,41.893,39.056,39.035,36.037,35.665,40.429,39.9,39.219,41.545,34.311,39.512,46.678,35.853,38.193,41.604,40.933,35.651,36.261,,34.311,46.678
185,3.407,41.18,37.061,37.721,40.238,36.362,35.464,37.133,34.867,40.696,40.324,37.504,38.975,34.542,37.799,41.923,37.556,37.2,37.963,39.765,34.861,32.559,,32.559,41.923
186,4.069,42.859,39.448,42.22,41.034,38.292,38.125,39.256,39.742,45.647,43.273,40.015,42.313,37.719,40.516,41.315,39.104,41.295,38.322,43.104,39.127,38.891,,37.719,45.647
187,3.755,42.546,42.882,40.618,40.707,38.288,34.971,42.102,40.693,44.449,42.593,40.096,44.066,38.043,38.729,37.544,39.56,39.471,36.806,42.942,39.42,37.97,,34.971,44.449
188,0.087,13.346,8.467,10.245,9.272,11.067,9.056,12.625,7.699,8.938,11.256,14.558,9.909,12.317,11.918,9.608,14.382,9.196,10.032,10.515,6.532,8.036,,6.532,14.558
189,2.619,28.287,27.583,25.813,26.712,27.235,24.307,28.179,25.839,27.049,28.125,29.246,25.023,28.635,28.699,25.225,28.912,26.135,21.95,27.713,27.346,22.697,,21.95,29.246
190,1.079,21.19,18.772,19.719,22.317,15.167,17.63,23.074,15.874,12.976,21.294,17.076,17.029,22.502,20.183,16.044,14.433,17.648,17.85,21.042,15.171,14.25,,12.976,23.074
191,2.386,26.673,28.567,27.974,26.957,25.018,25.022,28.154,27.051,23.681,28.514,24.338,25.789,27.364,27.901,25.149,27.718,22.133,22.665,25.091,25.544,24.543,,22.133,28.567
192,0.582,17.427,12.65,17.149,13.387,10.783,12.928,17.305,11.187,9.428,15.324,11.823,15.103,13.683,11.563,9.858,11.999,16.943,13.163,16.156,13.283,11.706,,9.428,17.427
193,4.89,49.863,50.457,48.684,49.294,53.087,53.8,48.239,48.555,49.233,50.229,47.846,52.312,47.556,48.92,48.551,46.296,45.21,44.381,52.748,51.499,49.904,,44.381,53.8
194,0.434,16.882,18.737,14.302,15.529,16.039,14.416,10.376,14.893,11.957,16.167,16.234,17.113,16.758,18.535,16.505,14.782,10.698,10.188,16.16,11.178,15.227,,10.188,18.737
195,0.24,14.914,13.642,11.523,10.987,15.657,11.968,8.477,10.978,7.026,14.835,15.096,14.981,15.153,10.286,11.373,12.673,8.511,12.17,14.033,10.958,13,,7.026,15.657
196,2.072,24.173,20.155,19.106,19.828,21.51,19.325,20.426,22.061,17.281,22.143,22.029,23.903,20.919,17.809,18.836,15.969,21.181,18.642,21.588,22.187,21.469,,15.969,24.173
197,-0.348,8.377,7.116,8.742,5.458,5.61,5.567,8.142,4.79,2.08,7.68,8.762,7.619,9.308,3.336,4.987,4.268,11.106,3.394,5.692,5.176,7.601,,2.08,11.106
198,0.839,13.06,9.412,12.327,13.831,6.988,10.966,14.769,4.471,6.141,12.908,10.7,13.266,14.921,12.016,3.898,6.596,13.954,10.552,13.269,11.556,10.59,,3.898,14.921
199,-0.091,9.948,4.83,4.471,2.783,0.197,5.581,0.762,0.963,2.512,6.649,3.158,5.75,6.416,0.451,-0.452,2.578,4.852,3.009,7.565,7.07,0.938,,-0.452,9.948
200,4.271,43.019,42.325,41.707,43.841,40.635,43.564,43.689,39.892,42.616,43.617,41.415,43.678,41.592,41.524,39.398,36.386,36.707,40.459,43.133,41.869,39.226,,36.386,43.841
201,2.9,37.104,33.152,34.313,32.329,31.69,36.62,33.508,33.34,32.526,38.238,34.137,34.421,33.201,31.643,33.465,30.72,31.505,34.616,38.973,34.096,32.795,,30.72,38.973
202,1.092,22.342,18.05,17.911,20.492,18.205,16.623,19.639,22.165,20.194,18.71,18.245,25.734,20.06,16.025,15.535,17.401,23.36,15.231,22.027,19.207,16.898,,15.231,25.734
203,0.302,14.861,12.777,15.313,11.813,14.773,8.736,16.902,14.691,10.076,15.846,15.135,13.348,12.19,15.889,12.94,12.497,8.93,13.979,12.995,13.893,9.927,,8.736,16.902
204,2.843,29.882,23.902,28.811,25.414,28.857,22.289,28.522,28.197,26.437,31.042,32.843,27.062,31.66,30.741,28.785,25.306,26.281,25.269,31.069,28.757,24.289,,22.289,32.843
205,1.648,25.148,23.919,25.82,23.986,22.007,20.549,26.053,23.625,22.027,27.53,25.306,23.009,24.804,26.066,23.376,18.392,23.739,23.483,25.316,25.172,23.702,,18.392,27.53
206,1.709,25.148,23.236,22.661,24.41,22.893,20.514,25.074,23.81,20.085,24.952,23.549,23.666,24.605,22.718,22.629,21.756,23.778,21.389,24.699,23.948,23.281,,20.085,25.148
207,0.536,16.83,10.938,16.761,13.141,11.203,15.748,17.207,13.418,14.02,14.348,12.284,14.704,14.12,12.222,11.004,11.559,10.866,11.16,15.528,13.909,12.734,,10.866,17.207
208,-2.913,-22.199,-22.927,-24.838,-24.165,-20.116,-24.285,-23.551,-22.684,-22.434,-24.002,-24.89,-24.177,-18.395,-24.54,-21.451,-24.583,-26.121,-24.603,-21.671,-24.574,-24.073,,-26.121,-18.395
209,0.113,-2.919,-2.805,-7.141,-5.45,-7.05,-2.048,-0.737,-1.406,-0.226,-4.79,-3.581,-0.989,-2.867,-4.007,-0.166,-5.32,-4.465,-1.35,-2.69,-2.042,-2.497,,-7.141,-0.166
210,-0.853,-6.237,-15.302,-11.635,-6.616,-7.175,-8.257,-4.287,-3.701,-10.421,-10.673,-10.379,-4.705,-9.533,-9.076,-10.023,-6.137,-13.027,-12.905,-13.572,-16.336,-2.927,,-16.336,-2.927
211,1.377,9.12,4.807,3.106,13.583,8.195,6.628,8.153,6.403,0.788,3.233,9.872,9.818,1.027,8.601,4.809,3.295,2.617,1.568,2.49,2.329,8.008,,0.788,13.583
212,1.984,15.295,8.284,14.886,12.864,12.594,13.059,16.802,15.28,15.613,13.497,15.943,14.69,7.921,16.727,13.733,15.15,12.894,11.684,8.42,12.991,15.796,,7.921,16.802
213,-1.481,-8.032,-11.709,-13.224,-5.652,-11.294,-9.68,-8.896,-4.749,-2.249,-8.508,-7.557,-13.022,-9.042,-7.399,-7.218,-11.247,-10.398,-13.574,-14.584,-12.332,-7.262,,-14.584,-2.249
214,0.646,3.55,-0.071,-1.398,3.189,1.342,0.589,4.971,2.412,4.215,0.42,5.319,2.288,-2.823,1.026,3.463,1.781,-2.058,-1.378,2.045,-1.311,1.356,,-2.823,5.319
215,3.056,26.667,25.595,28.789,29.256,24.931,24.509,22.03,25.56,19.792,25.929,23.186,27.044,20.544,22.709,24.693,28.441,26.806,21.244,22.118,20.224,25.106,,19.792,29.256
216,-1.877,-11.187,-10.987,-7.872,-13.571,-9.583,-11.988,-11.795,-13.745,-13.098,-11.922,-7.32,-10.463,-7.749,-11.68,-12.24,-14.922,-13.344,-14.079,-16.268,-15.126,-16.179,,-16.268,-7.32
217,2.698,22.994,21.485,23.87,22.47,24.09,24.583,22.134,24.023,20.799,25.582,26.14,24.305,23.071,16.742,19.082,17.965,24.056,20.012,22.15,19.508,20.369,,16.742,26.14
218,-2.496,-17.7,-21.874,-15.169,-21.888,-16.849,-14.637,-19.258,-21.387,-17.135,-25.85,-13.289,-17.115,-15.05,-16.69,-18.765,-24.919,-18.478,-16.812,-17.015,-20.257,-22.07,,-25.85,-13.289
219,-0.869,-9.972,-9.248,-9.573,-6.042,-9.546,-6.311,-10.002,-7.532,-7.645,-9.143,-10.034,-7.209,-7.086,-15.041,-7.84,-11.595,-9.777,-5.64,-11.793,-11.456,-13.931,,-15.041,-5.64
220,-1.06,-9.972,-13.392,-11.847,-9.941,-11.565,-8.239,-11.862,-7.396,-11.645,-15.063,-11.102,-10.081,-10.539,-15.341,-14.037,-12.724,-14.118,-13.874,-14.047,-12.5,-14.661,,-15.341,-7.396
221,-1.138,-10.161,-16.021,-13.044,-13.264,-13.413,-13.229,-13.798,-11.562,-15.064,-15.788,-11.081,-11.534,-15.198,-15.394,-15.547,-13.395,-14.713,-14.933,-14.648,-12.85,-14.84,,-16.021,-10.161
222,-2.958,-22.751,-27.271,-31.079,-34.838,-36.458,-24.989,-28.046,-28.007,-26.869,-32.782,-31.195,-30.009,-36.239,-34.713,-28.186,-33.611,-33.224,-36.168,-25.959,-31.789,-33.866,,-36.458,-22.751
223,-2.586,-22.28,-29.584,-28.066,-32.583,-32.767,-29.744,-27.902,-32.911,-32.807,-34.672,-27.658,-32.956,-33.901,-31.828,-35.118,-37.446,-28.76,-34.176,-29.048,-33.245,-29.661,,-37.446,-22.28
224,-2.86,-22.481,-34.087,-33.725,-38.305,-35.836,-33.542,-34.359,-36.468,-37.865,-36.484,-30.434,-34.791,-34.243,-39.376,-36.404,-37.285,-36.195,-38.134,-37.237,-34.842,-32.135,,-39.376,-22.481
225,-0.99,-12.431,-21.552,-21.497,-25.558,-23.336,-19.713,-18.883,-22.894,-21.5,-24.928,-12.311,-26.145,-24.879,-22.645,-25.278,-26.836,-20.658,-25.752,-25.044,-24.911,-20.343,,-26.836,-12.311
226,-1.102,-12.431,-20.087,-16.146,-20.824,-23.268,-18.601,-19.378,-23.787,-17.745,-20.912,-15.42,-22.481,-25.479,-21.898,-20.321,-19.226,-21.36,-21.106,-22.1,-21.943,-22.889,,-25.479,-12.431
227,2.573,21.399,17.639,17.583,15.998,17.987,21.473,14.082,13.472,16.937,19.423,22.31,11.388,8.708,16.477,19.632,19.507,22.8,14.516,13.535,19.074,20.517,,8.708,22.8
228,2.118,20.626,12.56,22.83,15.489,23.811,20.956,24.285,13.043,16.33,11.715,21.807,16.715,10.273,9.18,21.859,20.042,17.121,14.902,15.277,17.68,20.146,,9.18,24.285
229,-3.639,-31.141,-30.835,-31.346,-32.951,-34.177,-34.928,-29.619,-30.626,-32.198,-36.335,-28.945,-32.8,-35.99,-33.883,-36.284,-31.06,-35.562,-35.843,-34.164,-34.461,-32.793,,-36.335,-28.945
230,-1.248,-17.395,-9.303,-14.911,-12.776,-15.925,-13.495,-10.654,-13.276,-9.225,-12.804,-9.616,-20.354,-18.876,-18.781,-14.416,-13.352,-16.988,-8.899,-15.027,-21.073,-16.219,,-21.073,-8.899
231,0.657,0.235,-0.182,-0.959,-4.423,-4.263,1.131,2.701,-2.915,-3.075,-4.508,3.288,-3.071,-2.377,-3.162,-1.535,-1.927,2.666,-2.725,-0.683,0.011,-1.877,,-4.508,3.288
232,-2.354,-18.899,-18.755,-14.699,-17.152,-17.317,-17.257,-17.573,-16.786,-17.738,-16.427,-18.391,-16.759,-14.438,-17.138,-16.149,-17.415,-21.11,-18.646,-15.589,-19.01,-14.88,,-21.11,-14.438
233,-2.763,-22.662,-26.153,-24.891,-34.628,-38.155,-21.338,-20.39,-27.555,-25.008,-31.845,-28.022,-28.275,-33.165,-33.552,-26.88,-34.896,-32.268,-36.557,-26.123,-29.078,-30.499,,-38.155,-20.39
234,-2.507,-22.507,-28.71,-28.055,-30.581,-32.309,-27.935,-17.705,-31.31,-31.384,-34.834,-28.204,-32.608,-35.101,-31.705,-33.508,-36.458,-32.672,-34.332,-29.852,-33.093,-29.561,,-36.458,-17.705
235,-0.165,-7.159,-12.29,-6.206,-10.834,-13.834,-8.34,-6.2,-10.335,-8.654,-11.71,-6.46,-10.637,-17.1,-10.001,-6.804,-6.873,-7.753,-11.746,-7.697,-10.676,-10.431,,-17.1,-6.2
236,-5.416,-53.032,-51.852,-53.729,-50.377,-53.366,-54.152,-53.118,-53.072,-53.213,-52.028,-52.745,-52.279,-54.192,-51.612,-53.758,-53.559,-53.085,-54.21,-55.629,-51.661,-54.629,,-55.629,-50.377
237,-3.95,-46.458,-47.013,-47.595,-46.794,-46.083,-48.386,-47.807,-44.293,-47.161,-44.064,-50.186,-48.746,-45.565,-47.03,-50.19,-48.023,-45.325,-45.85,-48.342,-48.67,-45.539,,-50.19,-44.064
238,-1.662,-26.963,-30.359,-33.85,-34.076,-32.606,-31.263,-27.309,-29.925,-28.8,-31.315,-26.539,-27.702,-25.89,-30.382,-32.365,-29.052,-27.689,-29.315,-29.757,-30.101,-32.925,,-34.076,-25.89
239,-2.237,-28.23,-31.327,-29.681,-34.097,-31.977,-27.201,-28.572,-27.5,-30.594,-32.123,-27.877,-27.727,-27.572,-29.987,-31.743,-31.067,-28.59,-30.088,-29.328,-29.079,-28.813,,-34.097,-27.201
240,-2.549,-29.833,-32.158,-29.602,-33.406,-34.584,-29.332,-33.419,-30.113,-33.38,-31.437,-32.62,-31.256,-36.524,-32.552,-33.813,-32.83,-31.5,-33.651,-35.038,-33.481,-31.552,,-36.524,-29.332
241,-4.471,-44.309,-48.344,-43.803,-46.083,-46.415,-46.507,-48.473,-49.507,-48.954,-46.368,-48.226,-48.084,-48.359,-45.449,-46.352,-45.9,-43.803,-49.349,-46.265,-45.74,-44.382,,-49.507,-43.803
242,-0.536,-15.724,-16.747,-13.388,-14.532,-14.627,-17.532,-16.565,-17.172,-16.839,-14.001,-20.909,-17.343,-19.107,-18.482,-17.143,-17.378,-13.672,-19.607,-19.335,-20.397,-23.782,,-23.782,-13.388
243,2.858,21.997,18.133,18.266,20.151,13.307,25.322,23.306,21.012,22.342,16.717,23.145,15.495,19.68,15.865,28.027,18.046,25.028,20.827,20.536,19.846,18.94,,13.307,28.027
244,-2.412,-19.383,-14.069,-12.808,-20.775,-17.821,-17.414,-21.672,-19.796,-18.173,-17.227,-18.506,-13.254,-16.133,-19.724,-19.919,-21.27,-13.468,-17.5,-20.408,-23.127,-21.308,,-23.127,-12.808
245,-4.296,-40.066,-37.545,-40.936,-39.973,-43.618,-37.21,-46.013,-36.625,-43.355,-37.899,-41.807,-37.419,-47.244,-42.416,-45.492,-38.932,-44.349,-44.201,-43.07,-40.948,-41.72,,-47.244,-36.625
246,-1.533,-23.119,-23.366,-22.273,-26.409,-29.289,-25.024,-26.798,-24.424,-27.263,-32.322,-25.615,-28.587,-25.153,-26.45,-22.485,-31.272,-28.5,-24.93,-29.028,-25.515,-26.806,,-32.322,-22.273
247,-5.498,-54.038,-55.369,-57.348,-56.709,-55.686,-51.453,-52.986,-55.162,-54.144,-57.027,-51.282,-57.234,-53.005,-56.339,-55.012,-57.929,-56.497,-53.858,-55.945,-51.997,-55.642,,-57.929,-51.282
248,-6.207,-62.782,-59.564,-63.473,-63.435,-65.079,-64.853,-68.973,-63.611,-61.341,-58.155,-65.232,-67.465,-61.102,-61.794,-64.207,-65.102,-64.102,-65.288,-63.094,-66.845,-61.866,,-68.973,-58.155
249,-3.936,-50.02,-53.835,-57.461,-56.648,-57.128,-53.733,-57.349,-52.557,-56.388,-51.682,-53.347,-57.682,-55.177,-54.038,-52.316,-59.356,-61.577,-55.129,-54.315,-56.603,-55.495,,-61.577,-50.02
250,-11.855,-132.361,-125.561,-127.488,-120.294,-126.535,-129.329,-129.334,-126.619,-128.519,-125.427,-127.026,-127.923,-124.854,-126.225,-125.5,-131.033,-123.545,-128.798,-126.367,-126.265,-125.2,,-132.361,-120.294
251,-7.639,-101.778,-89.591,-95.201,-79.531,-89.788,-93.848,-93.467,-82.317,-92.153,-89.555,-96.387,-89.041,-97.359,-82.002,-89.841,-96.97,-83.195,-84.087,-96.366,-81.169,-85.279,,-101.778,-79.531
252,-5.289,-76.916,-71.694,-68.575,-70.245,-70.855,-68.75,-67.774,-66.638,-66.282,-66.112,-72.028,-67.455,-72.848,-70.136,-69.101,-68.699,-68.614,-71.231,-70.177,-69.379,-69.551,,-76.916,-66.112
253,-8.371,-96.699,-95.002,-105.844,-96.639,-94.305,-93.635,-97.118,-96.116,-98.253,-95.553,-93.533,-95.256,-92.153,-98.836,-93.471,-95.857,-96.776,-96.545,-93.072,-98.754,-98.959,,-105.844,-92.153
254,-7.471,-93.756,-86.989,-86.309,-82.94,-76.941,-82.942,-84.683,-82.636,-91.201,-82.911,-89.29,-89.783,-86.547,-80.901,-82.146,-86.035,-76.487,-82.468,-82.937,-78.296,-83.719,,-93.756,-76.487
255,-5.743,-80.935,-73.365,-71.142,-71.926,-68.77,-70.875,-70.944,-71.618,-68.21,-70.417,-72.233,-68.527,-71.093,-71.858,-71.503,-70.315,-69.08,-72.672,-69.907,-72.735,-72.073,,-80.935,-68.21
256,-9.418,-106.638,-107.451,-110.209,-112.819,-101.879,-99.998,-112.82,-101.944,-106.829,-100.467,-104.039,-100.805,-101.319,-116.057,-111.376,-101.654,-105.906,-107.444,-105.889,-109.189,-102.051,,-116.057,-99.998
257,-5.761,-81.5,-73.369,-77.294,-72.557,-70.785,-70.307,-76.294,-73.403,-73.692,-74.743,-78.814,-73.284,-76.624,-76.298,-70.494,-70.19,-73.44,-80.45,-75.941,-77.263,-74.743,,-81.5,-70.19
258,-6.2,-82.207,-72.393,-74.147,-72.388,-75.511,-72.63,-71.212,-71.68,-69.751,-71.899,-73.602,-71.828,-71.257,-72.406,-70.694,-71.961,-69.508,-73.35,-71.041,-73.901,-73.832,,-82.207,-69.508
259,-4.566,-68.756,-66.767,-62.497,-63.529,-64.902,-68.853,-64.051,-64.559,-63.348,-66.196,-63.795,-66.593,-63.819,-65.358,-65.7,-65.587,-62.922,-62.915,-62.775,-65.849,-64.876,,-68.853,-62.497
260,-1.225,-28.783,-28.019,-23.124,-25.995,-25.75,-23.869,-26.733,-24.108,-23.326,-26.57,-26.998,-28.051,-24.097,-27.283,-37.014,-26.25,-25.685,-26.669,-24.49,-28.099,-29.34,,-37.014,-23.124
261,-4.212,-47.713,-45.652,-44.888,-48.994,-41.163,-46.262,-43.469,-48.351,-46.23,-43.337,-47.559,-46.664,-40.197,-45.099,-53.233,-41.196,-44.948,-47.541,-45.567,-49.624,-47.636,,-53.233,-40.197
262,-4.706,-52.256,-51.793,-50.345,-51.024,-49.977,-50.318,-49.644,-49.08,-49.33,-50.721,-50.19,-53.769,-53.017,-49.571,-55.393,-47.963,-48.744,-55.196,-48.818,-50.86,-50.902,,-55.393,-47.963
263,-4.507,-52.256,-53.47,-50.86,-54.734,-52.165,-51.388,-52.321,-53.159,-49.937,-49.674,-51.294,-53.999,-57.053,-52.555,-53.906,-52.817,-52.312,-54.562,-54.364,-54.185,-53.779,,-57.053,-49.674
264,-4.156,-51.095,-52.987,-51.116,-55.699,-52.142,-50.123,-53.81,-54.432,-49.887,-49.489,-51.282,-53.084,-56.557,-52.56,-51.77,-53.973,-52.285,-53.351,-52.936,-54.987,-54.495,,-56.557,-49.489
265,-7.919,-85.655,-83.231,-84.684,-92.673,-85.944,-82.469,-86.688,-86.221,-81.324,-85.315,-85.621,-86.241,-84.491,-83.657,-86.804,-87.159,-84.364,-87.545,-87.329,-91.305,-82.902,,-92.673,-81.324
266,-5.24,-69.448,-64.372,-68.566,-69.735,-69.276,-66.827,-67.878,-72.284,-63.595,-67.348,-69.349,-63.815,-69.731,-67.957,-69.954,-68.681,-67.615,-68.413,-69.488,-70.119,-66.448,,-72.284,-63.595
267,-3.994,-57.928,-62.704,-60.849,-61.85,-62.775,-61.055,-62.132,-60.469,-60.584,-57.626,-59.552,-60.566,-57.877,-62.381,-58.059,-62.08,-60.808,-57.195,-63.888,-58.375,-59.431,,-63.888,-57.195
268,-9.053,-98.596,-102.626,-97.82,-101.376,-100.84,-97.478,-105.667,-109.993,-97.144,-100.432,-99.715,-96.516,-101.106,-107.954,-108.678,-98.546,-100.793,-97.915,-99.136,-108.276,-102.087,,-109.993,-96.516
269,-2.362,-41.752,-42.12,-40.246,-44.62,-41.446,-42.302,-42.77,-44.808,-40.166,-44.08,-45.016,-41.003,-42.616,-45.168,-45.531,-41.794,-41.478,-46.711,-46.851,-43.784,-46.778,,-46.851,-40.166
270,-1.729,-34.593,-33.86,-37.411,-36.069,-35.319,-31.805,-32.663,-32.668,-31.787,-35.622,-32.823,-31.687,-29.966,-37.048,-31.937,-35.202,-35.853,-32.699,-33.092,-34.023,-35.358,,-37.411,-29.966
271,-6.879,-74.71,-78.379,-72.269,-72.186,-72.421,-69.07,-76.099,-73.64,-73.769,-75.356,-72.122,-78.524,-73.151,-78.143,-75.978,-76.557,-67.546,-77.497,-75.251,-72.542,-71.804,,-78.524,-67.546
272,-5.717,-70.184,-64.531,-61.912,-65.974,-65.47,-61.79,-62.517,-66.922,-63.264,-64.602,-66.257,-67.07,-68.577,-64.546,-68.698,-65.676,-62.912,-68.024,-64.333,-62.272,-63.331,,-70.184,-61.79
273,-7.633,-82.751,-89.346,-87.059,-75.721,-87.317,-86.202,-81.051,-85.622,-78.039,-77.818,-84.711,-82.027,-70.944,-93.056,-81.342,-86.511,-81.327,-86.616,-86.004,-91.291,-75.681,,-93.056,-70.944
274,-2.902,-46.975,-48.091,-43.459,-44.592,-50.675,-46.225,-48.458,-49.139,-44.531,-44.964,-46.554,-43.623,-45.439,-50.517,-50.69,-49.453,-50.599,-49.816,-46.56,-47.862,-46.485,,-50.69,-43.459
275,-8.182,-88.785,-90.55,-95.434,-94.176,-88.749,-91.931,-90.779,-99.027,-88.332,-91.633,-95.088,-90.721,-87.567,-94.132,-90.036,-92.401,-88.862,-91.227,-92.138,-90.38,-86.574,,-99.027,-86.574
276,-5.662,-73.939,-70.979,-71.863,-70.775,-71.012,-70.073,-74.595,-72.322,-73.159,-69.144,-73.645,-72,-76.607,-69.761,-71.647,-71.423,-74.428,-75.402,-71.35,-71.226,-71.035,,-76.607,-69.144
277,-7.564,-83.742,-85.614,-90.515,-79.978,-84.597,-82.528,-82.374,-80.008,-82.594,-84.919,-81.62,-76.005,-80.441,-91.053,-79.928,-86.827,-87.998,-82.1,-86.55,-90.925,-72.165,,-91.053,-72.165
278,-4.823,-66.452,-69.298,-64.418,-63.61,-68.856,-68.093,-66.952,-62.068,-64.862,-65.122,-68.847,-67.188,-68.013,-67.532,-64.944,-68.548,-68.195,-71.48,-67.292,-69.673,-66.245,,-71.48,-62.068
279,-10.345,-113.89,-124.031,-116.079,-116.094,-110.315,-113.741,-118.013,-115.886,-116.555,-114.353,-115.971,-110.13,-114.647,-123.115,-115.741,-107.78,-111.392,-116.219,-114.864,-116.475,-116.058,,-124.031,-107.78
280,-0.966,-25.593,-23.96,-34.759,-27.839,-22.623,-27.92,-27.865,-29.616,-26.931,-21.935,-27.973,-24.768,-22.368,-30.973,-25.352,-30.131,-24.07,-24.704,-24.37,-21.82,-26.161,,-34.759,-21.82
281,-7.819,-84.251,-93.183,-95.051,-88.88,-87.759,-89.078,-83.901,-89.6,-87.703,-81.631,-87.619,-87.648,-79.34,-86.88,-94.146,-87.694,-85.378,-85.914,-90.714,-82.167,-86.306,,-95.051,-79.34
282,-4.723,-64.329,-66.248,-67.003,-68.148,-67.312,-64.952,-71.776,-71.496,-65.309,-61.739,-63.826,-61.62,-59.747,-62.065,-67.551,-64.199,-61.08,-65.051,-66.191,-63.349,-64.183,,-71.776,-59.747
283,-5.513,-66.657,-68.962,-70.926,-72.542,-65.65,-67.959,-68.221,-69.774,-62.058,-63.171,-69.039,-65.072,-62.157,-67.483,-68.881,-68.212,-64.122,-66.521,-68.952,-66.958,-67.564,,-72.542,-62.058
284,-7.133,-78.238,-82.496,-84.609,-79.816,-81.34,-82.802,-82.987,-86.127,-73.448,-74.932,-84.788,-73.026,-71.439,-77.824,-88.417,-79.82,-74.261,-82.916,-83.529,-86.646,-79.038,,-88.417,-71.439
285,-8.365,-90.453,-95.377,-93.064,-95.813,-88.895,-90.317,-92.587,-100.728,-98.126,-92.131,-95.853,-92.611,-92.628,-97.104,-93.757,-92.938,-95.869,-92.871,-100.28,-89.186,-95.149,,-100.728,-88.895
286,-1.033,-26.356,-23.257,-27.543,-33.191,-26.585,-21.214,-25.802,-25.124,-24.187,-23.611,-27.086,-26.305,-25.479,-31.571,-23.881,-29.969,-23.842,-29.051,-25.512,-26.889,-29.506,,-33.191,-21.214
287,-6.843,-73.496,-74.68,-75.384,-73.358,-73.672,-78.566,-73.656,-71.518,-74.72,-66.759,-75.814,-71.995,-66.542,-73.649,-80.546,-78.775,-80.25,-75.25,-71.137,-66.319,-79.388,,-80.546,-66.319
288,-3.614,-52.369,-53.984,-48.998,-54.107,-49.956,-53.257,-50.387,-52.709,-52.609,-49.9,-49.231,-50.951,-52.884,-49.369,-52.131,-55.326,-56.452,-53.428,-51.623,-53.14,-54.096,,-56.452,-48.998
289,-7.86,-84.72,-81.893,-83.639,-92.71,-84.304,-86.925,-82.628,-81.692,-83.887,-82.263,-81.514,-83.283,-77.53,-87.64,-83.36,-89.627,-87.353,-87.056,-84.996,-85.341,-81.09,,-92.71,-77.53
290,-7.195,-83.026,-86.417,-82.664,-79.568,-79.614,-81.45,-84.729,-76.796,-78.383,-80.859,-80.986,-76.42,-82.652,-78,-79.341,-88.27,-79.524,-81.959,-79.049,-75.481,-82.521,,-88.27,-75.481
291,-2.667,-44.153,-45.256,-40.002,-48.674,-46.516,-47.987,-45.712,-43.478,-41.27,-48.96,-45.458,-46.086,-45.616,-47.805,-51.939,-48.711,-40.441,-42.088,-48.174,-43.679,-51.236,,-51.939,-40.002
292,-0.781,-23.315,-21.203,-26.693,-24.737,-27.524,-19.855,-29.019,-24.709,-25.922,-27.781,-24.488,-25.32,-24.786,-29.371,-22.53,-24.383,-23.53,-26.269,-22.565,-23.761,-25.764,,-29.371,-19.855
293,-5.148,-55.402,-55.365,-52.229,-55.303,-52.139,-49.495,-54.922,-49.435,-55.274,-50.197,-51.427,-52.513,-51.411,-53.947,-50.778,-52.489,-48.992,-54.732,-55.885,-52.335,-50.626,,-55.885,-48.992
294,-10.076,-110.525,-102.529,-108.661,-105.619,-107.394,-110.045,-104.765,-103.329,-101.708,-103.766,-107.163,-105.6,-104.817,-102.546,-100.724,-102.89,-111.875,-102.192,-99.161,-111.151,-103.418,,-111.875,-99.161
295,3.666,31.468,29.362,32.492,33.319,26.227,24.811,28.737,27.613,31.394,34.607,33.249,33.067,38.14,30.571,34.446,23.698,35.075,29.91,28.78,24.732,31.741,,23.698,38.14
296,-7.688,-81.021,-80.832,-79.013,-77.89,-88.522,-81.129,-78.732,-85.812,-88.188,-79.13,-79.425,-81.955,-70.847,-81.991,-85.124,-78.545,-83.142,-83.976,-86.678,-87.802,-89.035,,-89.035,-70.847
297,-10.361,-113.951,-99.398,-113.579,-107.383,-112.865,-108.654,-116.344,-117.453,-117.33,-105.762,-111.894,-102.833,-110.67,-99.465,-110.938,-110.862,-113.928,-115.032,-113.598,-116.579,-107.163,,-117.453,-99.398
298,6.253,63.341,53.423,51.969,56.655,51.029,54.973,63.639,57.714,67.55,57.076,56.397,58.805,55.71,50.669,53.492,57.072,52.348,59.493,59.875,72.914,55.508,,50.669,72.914
299,-5.669,-56.143,-52.127,-64.472,-56.494,-69.777,-49.997,-61.366,-54.969,-62.002,-60.427,-62.066,-51.496,-59.777,-64.314,-62.843,-68.554,-53.979,-63.619,-65.744,-62.18,-61.136,,-69.777,-49.997
300,-9.824,-107.341,-104.271,-103.403,-112.494,-106.503,-107.131,-108.676,-110.072,-106.061,-106.826,-108.244,-108.519,-104.113,-105.376,-93.548,-109.012,-102.057,-109.052,-115.547,-99.725,-104.225,,-115.547,-93.548
301,-6.634,-86.566,-76.109,-81.544,-75.927,-74.584,-79.123,-81.117,-77.831,-76.422,-76.86,-78.587,-75.667,-79.594,-75.823,-78.79,-77.724,-75.622,-81.859,-85.443,-77.167,-82.151,,-86.566,-74.584
302,-2.35,-41.612,-40.778,-39.062,-43.663,-39.195,-46.159,-42.969,-43.518,-39.185,-38.832,-37.149,-48.928,-42.352,-42.455,-46.412,-39.282,-38.882,-39.418,-45.338,-38.702,-47.705,,-48.928,-37.149
303,-2.976,-43.115,-44.278,-39.106,-46.183,-37.397,-45.914,-45.801,-44.529,-47.665,-39.104,-40.524,-48.675,-41.621,-41.543,-46.453,-40.205,-47.922,-48.781,-45.085,-45.768,-48.759,,-48.781,-37.397
304,-7.06,-77.177,-83.505,-73.98,-73.502,-73.615,-75.95,-73.096,-73.277,-73.203,-76.355,-74.139,-73.867,-76.539,-77.818,-72.114,-72.32,-74.247,-77.611,-74.337,-77.032,-72.652,,-83.505,-72.114
305,3.725,32.198,29.146,33.628,32.717,34.626,29.646,29.107,32.18,35.091,31.326,31.993,36.746,32.836,29.66,34.343,29.865,32.95,31.52,33.522,32.101,31.634,,29.107,36.746
306,-5.563,-54.934,-57.19,-60.203,-57.19,-58.016,-53.649,-62.307,-62.945,-52.983,-57.3,-56.935,-46.541,-49.503,-50.548,-53.84,-59.362,-52.211,-71.023,-56.094,-66.974,-51.373,,-71.023,-46.541
307,-8.124,-86.392,-90.916,-90.669,-84.025,-85.839,-83.514,-87.943,-86.731,-82.08,-86.173,-91.463,-90.374,-82.691,-84.973,-88.591,-91.561,-83.493,-87.368,-88.959,-88.39,-85.501,,-91.561,-82.08
308,0.551,-6.611,-4.71,-4.682,-8.555,-8.292,-5.719,-7.601,-5.403,-6.699,-6.253,-7.535,-3.855,-7.474,-8.105,-10.518,-3.349,-5.855,-8.323,-4.64,-8.093,-8.542,,-10.518,-3.349
309,2.12,12.432,15.462,11.022,7.691,6.927,11.601,10.217,6.07,9.384,3.248,10.843,9.08,14.755,9.968,13.128,12.418,19.943,7.789,13.695,3.188,9.358,,3.188,19.943
310,-6.368,-65.133,-59.944,-62.036,-61.956,-62.292,-61.511,-64.982,-65.062,-62.208,-68.041,-58.108,-60.904,-58.183,-66.502,-66.818,-64.981,-63.873,-65.322,-69.144,-57.945,-62.774,,-69.144,-57.945
311,-8.604,-92.303,-86.217,-96.242,-88.835,-90.233,-86.955,-88.506,-88.196,-89.572,-87.59,-96.242,-85.29,-86.471,-88.702,-93.888,-89.658,-89.152,-90.231,-93.423,-82.595,-88.58,,-96.242,-82.595
312,1.225,1.41,-0.152,3.868,-3.125,1.803,1.834,0.385,0.256,2.763,-0.64,0.392,-0.348,0.39,0.066,-4.248,-1.37,2.541,-2.478,2.984,-5.279,0.744,,-5.279,3.868
313,-10.983,-121.61,-121.327,-124.585,-125.819,-124.516,-125.608,-124.46,-120.12,-118.665,-124.963,-125.218,-124.851,-124.44,-124.453,-125.178,-125.73,-119.538,-125.47,-127.359,-125.485,-122.762,,-127.359,-118.665
314,-7.595,-99.009,-90.957,-88.631,-84.015,-86.315,-85.897,-89.835,-77.2,-87.537,-96.082,-92.876,-81.568,-94.82,-88.131,-90.557,-94.439,-77.871,-86.493,-92.614,-83.25,-83.364,,-99.009,-77.2
315,1.289,2.183,-2.814,1.511,-3.237,1.179,3.439,0.943,2.041,1.152,0.957,-0.811,2.423,1.115,3.053,-1.498,-3.331,5.704,-0.711,2.941,0.565,1.498,,-3.331,5.704
316,-2.694,-26.1,-29.822,-33.719,-29.734,-31.731,-32.536,-32.021,-34.841,-28.951,-31.673,-31.663,-27.721,-27.383,-32.209,-37.207,-33.44,-27.829,-30.107,-27.612,-28.17,-29.012,,-37.207,-26.1
317,-3.418,-33.349,-33.346,-37.613,-38.759,-38.478,-38.053,-41.951,-34.417,-39.586,-35.772,-37.814,-35.44,-38.96,-40.072,-37.746,-37.454,-32.955,-38.781,-35.792,-33.156,-34.863,,-41.951,-32.955
318,-0.84,-18.01,-20.665,-17.001,-15.055,-22.218,-22.242,-19.176,-13.443,-16.8,-22.811,-20.987,-23.603,-23.813,-22.258,-21.498,-13.555,-21.069,-23.743,-25.056,-19.995,-25.344,,-25.344,-13.443
319,-2.749,-27.872,-30.413,-27.783,-28.81,-32.221,-30.103,-31.203,-33.65,-30.284,-31.33,-31.186,-30.642,-32.112,-30.058,-30.466,-31.241,-30.689,-32.243,-33.968,-32.661,-33.96,,-33.968,-27.783
320,-7.218,-75.6,-74.846,-75.521,-77.335,-76.241,-73.492,-79.046,-77.857,-76.96,-75.413,-77.631,-79.318,-77.626,-76.668,-76.995,-78.089,-79.56,-79.735,-78.323,-77.732,-78.013,,-79.735,-73.492
321,3.196,25.686,28.887,23.766,23.664,23.606,24.391,19.611,21.769,28.914,27.265,28.526,24.393,29.078,19.721,28.276,18.431,28.536,23.719,23.327,23.563,21.934,,18.431,29.078
322,3.509,29.538,33.27,28.445,27.735,30.776,33.214,37.915,28.988,33.597,39.031,33.623,41.549,37.255,27.019,38.084,28.089,35.269,31.637,27.03,35.571,33.3,,27.019,41.549
323,-0.852,-2.489,2.592,4.301,-1.526,-0.419,7.963,-1.46,4.339,4.029,5.122,-3.291,3.852,1.462,1.48,4.476,1.698,7.158,0.426,1.023,-0.416,2.826,,-3.291,7.963
324,-1.374,-7.8,-5.617,-3.072,-5.077,-7.456,-7.23,-9.949,-8.718,-3.184,-5.915,-6.044,-2.816,-9.515,-7.193,-9.59,0.691,-2.576,-1.593,-6.551,-6.511,-8.241,,-9.949,0.691
325,7.924,83.935,76.895,83.364,83.561,82.507,87.568,86.287,79.063,90.41,87.128,84.838,89.151,79.08,83.052,82.446,82.131,85.536,80.61,80.969,80.209,87.457,,76.895,90.41
326,-2.419,-16.108,-24.884,-19.205,-18.252,-15.074,-21.986,-14.205,-14.629,-18.78,-18.024,-20.092,-8.76,-12.577,-15.757,-19.601,-11.505,-13.821,-13.024,-14.842,-21.635,-13.55,,-24.884,-8.76
327,-2.23,-16.108,-19.215,-16.735,-17.518,-16.805,-16.714,-12.574,-23.317,-20.569,-19.935,-24.167,-16.452,-15.806,-19.947,-20.544,-12.745,-15.73,-21.047,-14.255,-16.284,-20.779,,-24.167,-12.574
328,0.389,1.226,-2.749,0.884,-3.261,-3.775,-3.769,1.889,-0.42,-5.27,-3.364,-3.689,6.029,-5.385,-0.761,-6.883,-4.206,-3.277,-1.006,-1.619,-4.267,-2.315,,-6.883,6.029
329,4.94,48.29,48.913,48.424,49.94,45.205,46.684,48.772,47.697,48.189,45.888,47.629,49.686,46.222,43.993,46.946,46.343,47.511,44.218,51.048,47.423,46.048,,43.993,51.048
330,5.549,55.338,53.941,55.023,54.056,52.133,57.487,54.801,52.435,53.225,57.478,54.08,54.1,56.37,54.707,53.451,54.103,57.445,54.849,56.568,56.157,54.626,,52.133,57.487
331,-1.732,-8.173,-4.303,-4.995,-5.815,-4.745,-13.593,-10.365,-0.093,-5.496,-3.077,-8.043,2.31,-8.79,-12.742,-10.115,-3.118,-10.355,-7.703,-13.85,-6.285,-3.888,,-13.85,2.31
332,0.661,5.585,11.132,14.383,9.635,6.544,8.583,11.59,12.808,8.978,8.074,13.808,7.906,6.696,7.017,6.202,12.493,11.14,4.254,13.15,10.434,11.056,,4.254,14.383
333,-5.96,-59.732,-63.001,-64.81,-63.685,-55.986,-57.315,-58.163,-57.586,-56.641,-61.27,-58.488,-59.055,-62.397,-58.878,-56.973,-57.218,-56.709,-58.115,-58.631,-55.523,-55.341,,-64.81,-55.341
334,-1.57,-27.414,-27.773,-23.044,-32.837,-24.192,-25.902,-28.061,-25.435,-27.4,-26.863,-27.2,-25.981,-30.685,-25.259,-26.256,-24.395,-29.084,-26.284,-24.149,-27.319,-27.965,,-32.837,-23.044
335,-3.558,-37.882,-39.127,-34.205,-38.406,-36.038,-39.748,-41.635,-35.81,-39.731,-37.203,-39.426,-35.656,-35.846,-40.035,-35.903,-38.69,-39.446,-39.471,-36.417,-41.529,-37.313,,-41.635,-34.205
336,-4.098,-42.324,-43.871,-40.74,-44.034,-44.162,-48.061,-45.672,-45.794,-45.639,-41.484,-47.846,-45.869,-42.144,-47.328,-45.452,-42.232,-44.513,-46.787,-40.281,-44.729,-47.234,,-48.061,-40.281
337,6.781,69.852,71.241,71.531,70.054,68.795,71.926,69.707,67.02,68.286,66.691,71.549,69.401,71.68,68.028,67.838,69.11,64.215,70.907,70.547,61.775,59.175,,59.175,71.926
338,-2.988,-23.139,-31.259,-30.745,-21.86,-32.313,-26.9,-27.277,-24.691,-31.572,-31.324,-32.561,-22.506,-27.456,-28.527,-26.762,-25.607,-30.456,-29.983,-28.53,-30.119,-22.151,,-32.561,-21.86
339,-1.82,-18.572,-22.674,-20.355,-12.079,-21.128,-12.405,-11.124,-28.483,-15.432,-23.105,-24.976,-18.456,-16.27,-21.225,-30.297,-14.615,-19.82,-10.496,-16.902,-15.106,-27.2,,-30.297,-10.496
340,1.895,14.211,8.228,5.65,9.767,11.397,9.411,16.202,5.733,9.501,10.286,11.597,11.35,7.901,13.843,11.137,15.358,11.239,11.94,13.752,13.943,4.843,,4.843,16.202
341,5.748,57.375,52.063,56.265,55.15,58.751,53.444,56.304,51.677,62.213,55.075,58.325,57.753,53.333,56.408,49.856,62.115,61.066,52.403,60.092,56.914,55.807,,49.856,62.213
342,3.087,41.324,36.113,43.168,42.465,39.402,42.266,43.445,36.715,41.159,46.652,40.927,43.424,38.924,40.981,42.008,41.785,45.381,38.787,43.057,42.627,37.684,,36.113,46.652
343,14.603,166.21,150.552,138.89,156.56,146.804,150.793,146.742,145.968,165.458,156.512,139.843,151.718,147.497,143.747,131.565,143.642,149.912,139.014,133.62,144.429,149.57,,131.565,166.21
344,0.557,20.55,27.401,16.689,29.49,17.674,22.379,13.557,21.232,24.215,9.711,16.654,16.506,22.298,11.451,17.13,25.285,25.929,23.986,18.143,18.511,16.407,,9.711,29.49
345,2.347,29.491,39.345,33.927,41.986,32.713,34.009,38.467,34.334,37.166,30.143,28.098,44.967,42.838,32.375,34.861,42.302,40.352,41.454,37.541,31.601,37.086,,28.098,44.967
346,2.554,31.092,32.504,32.283,38.444,29.628,29.779,33.918,27.206,27.268,33.598,25.191,33.168,36.093,29.595,27.744,38.972,34.081,33.222,33.494,33.14,29.799,,25.191,38.972
347,8.473,91.393,94.437,90.082,90.55,88.501,92.342,93.007,88.736,93.904,90.83,92.472,90.031,97.479,93.23,89.077,97.79,90.516,84.02,92.604,93.741,95.434,,84.02,97.79
348,3.955,57.782,64.513,56.324,53.398,54.007,56.213,59.18,62.434,59.264,54.534,58.375,60.161,59.481,53.783,52.615,58.053,53.655,57.172,56.707,57.392,58.671,,52.615,64.513
349,0.958,25.196,26.363,26.433,19.151,23.812,33.735,21.034,22.578,19.968,25.903,19.899,30.836,21.342,24.239,25.663,31.558,26.667,24.394,24.407,23.213,24.175,,19.151,33.735
350,-3.079,-24.243,-24.139,-21.656,-22.583,-24.684,-23.993,-22.366,-19.992,-31.495,-29.519,-22.927,-18.493,-35.004,-28.166,-25.402,-23.347,-18.308,-21.884,-20.334,-26.393,-20.675,,-35.004,-18.308
351,2.999,25.812,21.664,25.755,23.714,22.456,25.544,30.306,22.741,26.451,27.592,25.336,21.941,24.808,24.429,25.452,26.973,26.326,26.72,26.523,23.229,26.921,,21.664,30.306
352,8.9,95.954,93.482,96.895,95.131,91.508,97.823,92.553,86.796,96.47,99.476,97.132,101.138,102.701,90.714,90.834,92.262,95,90.591,91.148,95.068,98.38,,86.796,102.701
353,-0.043,12.976,15.952,13.406,10.766,12.91,12.168,13.885,14.767,14.088,13.03,13.857,17.694,12.224,16.035,16.125,15.147,8.324,15.127,15.43,14.685,10.948,,8.324,17.694
354,4.768,49.576,50.336,49.518,49.109,53.489,48.808,47.575,49.848,51.307,50.663,50.817,45.057,46.893,46.414,47.278,45.675,48.82,49.9,48.051,54.322,49.802,,45.057,54.322
355,3.468,44.136,42.944,45.113,42.511,48.881,44.484,43.374,46.265,48.016,47.647,47.813,39.697,44.626,41.659,41.204,45.496,44.64,44.438,46.209,48.34,46.555,,39.697,48.881
356,6.666,70.017,68.123,66.448,72.14,67.675,69.358,74.718,68.44,68.51,68.572,69.152,66.532,66.928,67.452,72.449,68.121,69.905,66.263,73.15,69.62,68.286,,66.263,74.718
357,-1.565,-5.586,-6.815,-4.908,-8.336,-3.463,-7.375,-4.881,-3.829,-5.419,2.388,-11.877,-3.376,-9.336,-10.637,-2.335,-10.629,-2.286,-2.536,-4.932,0.036,-3.871,,-11.877,2.388
358,14.301,162.49,155.149,153.75,140.3,143.061,151.472,155.864,141.234,158.105,154.558,140.474,139.147,145.888,137.016,131.712,147.547,148.738,157.248,146.651,141.021,143.449,,131.712,162.49
359,-3.721,-32.149,-35.902,-31.514,-28.418,-37.012,-33.952,-35.506,-26.894,-36.718,-34.802,-31.559,-35.695,-35.052,-41.347,-32.411,-35.017,-30.669,-36.486,-34.158,-30.843,-33.427,,-41.347,-26.894
360,0.953,3.042,10.93,13.742,12.442,6.04,10.064,15.501,16.853,8.009,5.292,11.683,5.287,5.487,8.868,0.628,6.351,12.313,7.215,11.146,11.423,8.67,,0.628,16.853
361,7.574,79.622,84.994,80.122,81.503,77.604,82.544,85.135,84.727,81.825,78.897,86.619,84.501,82.938,79.701,82.237,82.812,77.715,80.739,84.137,77.62,81.835,,77.604,86.619
362,4.469,59.626,61.673,57.799,53.085,55.929,59.124,57.711,60.675,61.25,64.052,59.46,55.923,61.452,58.739,52.36,58.188,54.492,56.673,56.54,61.56,55.86,,52.36,64.052
363,7.236,76.594,73.356,69.954,79.468,75.954,75.197,74.219,74.616,75.691,74.13,76.46,70.892,75.22,77.175,70.834,75.729,74.085,74.892,78.06,77.938,75.696,,69.954,79.468
364,0.703,20.76,22.883,23.334,21.55,21.656,22.167,21.178,23.251,21.991,18.083,18.496,19.928,18.752,25.348,16.015,18.063,22.427,25.857,22.402,17.778,28.647,,16.015,28.647
365,2.906,32.948,34.285,36.846,34.062,32.919,37.821,37.633,35.281,31.921,38.355,34.163,35.823,36.467,34.605,34.445,35.474,35.211,36.533,42.353,36.243,36.886,,31.921,42.353
366,3.435,37.426,33.251,39.223,37.16,34.59,34.436,39.793,34.664,33.044,38.67,39.345,36.753,40.521,34.367,38.072,39.803,37.603,37.621,40.973,35.012,38.851,,33.044,40.973
367,11.312,125.663,117.112,121.092,124.053,122.268,121.133,121.863,124.573,119.347,121.493,120.958,125.868,120.771,120.374,119.446,121.953,120.607,120.295,120.841,129.509,123.338,,117.112,129.509
368,7.007,94.197,94.808,94.018,90.649,92.365,90.215,85.935,95.435,93.571,100.101,86.398,99.161,91.502,94.131,85.145,87.527,96.379,89.418,88.814,90.947,93.405,,85.145,100.101
369,7.626,95.659,93.634,83.254,85.185,93.372,86.545,89.215,90.339,88.759,97.977,92.517,92.746,87.936,91.176,81.863,93.005,97.918,83.887,91.979,92.47,89.824,,81.863,97.977
370,0.438,19.082,14.5,17.663,30.802,17.668,18.823,14.912,20.98,22.438,20.192,20.312,15.901,11.715,15.588,15.303,20.756,22.506,15.984,10.326,13.619,22.421,,10.326,30.802
371,8.654,93.439,96.523,98.003,96.826,96.044,96.94,98.554,96.169,93.741,94.872,83.573,103.658,97.999,97.13,101.493,92.408,97.944,97.926,91.869,102.871,97.86,,83.573,103.658
372,5.018,68.497,67.135,68.798,69.03,69.717,72.001,65.61,68.124,72.86,68.633,68.883,69.745,72.305,65.503,67.454,67.991,68.573,62.786,68.806,63.785,77.524,,62.786,77.524
373,10.914,120.76,119.833,129.932,117.646,117.987,117.617,116.986,121.709,117.862,119.612,123.084,119.133,120.801,117.282,117.35,121.21,119.784,113.316,122.603,119.562,116.602,,113.316,129.932
374,14.114,160.18,158.103,143.032,141.242,150.66,161.953,155.66,149.227,164.137,159.548,145.656,154.863,144.046,150.814,158.281,147.31,157.203,162.716,157.787,149.825,156.642,,141.242,164.137
375,2.582,45.501,44.16,53.231,41.697,49.798,45.283,47.646,50.721,43.272,45.734,45.191,43.289,47.739,43.921,49.018,42.202,49.305,47.128,47.25,39.113,41.591,,39.113,53.231
376,2.155,40.234,43.532,46.279,52.426,39.006,38.051,40.033,49.584,41.699,47.879,46.042,47.829,41.869,42.536,42.738,50.115,36.748,41.721,41.518,36.46,41.895,,36.46,52.426
377,-0.067,12.869,8.811,16.214,13.868,13.386,11.715,12.471,11.195,7.267,6.539,17.003,13.916,20.688,10.629,13.263,16.965,6.043,13.443,12.802,12.681,9.912,,6.043,20.688
378,3.6,38.106,36.503,34.535,36.667,30.997,33.013,29.984,31.862,32.849,34.891,35.768,39.473,31.969,31.97,32.227,35.559,37.75,38.276,29.499,32.784,29.775,,29.499,39.473
379,2.47,33.778,29.718,30.828,32.404,29.343,30.127,28.44,27.104,27.845,30.224,28.707,31.678,27.54,29.308,27.171,27.502,28.822,31.41,29.648,29.279,26.855,,26.855,33.778
380,6.237,65.406,63.792,66.529,62.519,60.563,62.413,65.498,64.939,64.227,66.183,66.935,61.424,65.66,63.513,68.742,65.046,68.95,62.184,61.903,61.29,64.987,,60.563,68.95
381,3.773,51.041,51.109,53.144,50.898,47.079,51.161,51.671,48.772,51.486,52.893,51.554,49.31,52.341,47.373,52.029,48.74,53.114,49.624,48.744,47.206,49.869,,47.079,53.144
382,2.742,41.795,35.69,37.736,44.065,36.137,37.498,38.899,38.099,38.381,41.641,41.121,36.256,38.339,34.286,36.559,39.417,35.438,38.379,40.157,38.995,35.169,,34.286,44.065
383,9.923,108.559,110.013,112.043,110.962,110.591,116.832,107.799,105.881,112.987,120.221,112.301,115.499,117.689,113.435,110.562,111.428,113.79,100.694,110.924,118.073,104.856,,100.694,120.221
384,-0.041,13.182,9.637,11.444,16.327,11.145,10.741,11.713,10.148,13.469,8.939,12.776,11.342,11.001,9.917,12.653,9.306,11.289,13.44,11.242,12.631,9.798,,8.939,16.327
385,6.859,72.366,69.918,77.668,75.958,78.938,70.804,71.624,66.521,75.882,65.253,70.638,70.365,81.349,73.019,72.954,79.5,75.926,65.567,75.44,62.827,77.271,,62.827,81.349
386,2.705,42.404,43.555,45.777,51.072,45.125,46.749,40.718,45.097,44.248,43.32,42.424,44.992,51.257,48.385,42.593,46.916,44.697,41.219,40.054,41.274,42.672,,40.054,51.257
387,8.396,90.135,90.655,86.641,85.335,92.277,88.415,85.37,88.65,91.538,92.144,89.552,86.81,90.652,90.548,93.037,92.907,98.895,81.719,88.197,92.626,86.537,,81.719,98.895
388,11.736,130.891,129.146,131.148,128.348,129.159,126.195,134.11,133.365,133.347,134.364,129.018,129.301,131.864,128.999,135.876,125.804,126.788,130.176,131.498,131.96,139.792,,125.804,139.792
389,3.327,54.269,57.059,58.321,56.324,54.802,47.437,66.014,57.567,51.86,60.709,50.427,58.821,58.332,56.531,52.855,49.419,53.672,54.472,52.307,53.406,52.875,,47.437,66.014
390,7.078,80.304,76.737,73.249,77.399,82.569,74.291,82.563,76.859,82.385,76.823,85.411,79.454,81.755,78.97,79.69,78.761,83.18,78.598,76.787,76.184,81.183,,73.249,85.411
391,5.793,74.972,74.569,73.901,77.165,74.212,73.21,74.985,74.891,75.182,73.066,73.337,74.587,76.26,77.488,76.286,73.868,71.247,71.047,72.534,78.164,73.924,,71.047,78.164
392,0.926,25.093,20.633,25.364,30.531,23.661,23.474,27.132,27.516,23.719,19.877,20.839,27.396,20.522,19.881,18.902,19.968,30.484,26.88,23.104,21.003,31.355,,18.902,31.355
393,6.147,65.962,62.949,61.012,60.697,63.044,62.758,60.872,57.079,72.679,61.551,67.802,61.361,64.604,69.441,74.519,66.481,61.462,64.619,63.404,55.244,59.535,,55.244,74.519
394,6.406,68.704,66.958,69.713,63.379,66.16,75.465,76.678,70.31,74.116,73.229,78.469,69.291,71.574,71.107,77.44,72.455,70.422,73.024,72.122,69.335,77.318,,63.379,78.469
395,7.039,75.539,73.491,76.212,75.806,74.613,83.468,82.953,78.257,77.588,81.837,83.043,73.469,75.558,80.768,75.089,84.016,73.941,78.999,83.305,85.477,83.25,,73.469,85.477
396,3.994,56.084,52.531,61.562,60.084,60.618,62.763,59.406,60.772,63.146,59.568,59.336,59.734,61.712,58.088,61.735,61.447,59.15,59.672,59.335,58.951,61.426,,52.531,63.146
397,5.465,62.694,61.94,63.936,66.35,65.355,69.064,66.518,68.708,68.334,66.404,67.697,65.918,70.449,67.349,68.831,68.637,68.11,69.748,66.663,68.276,66.957,,61.94,70.449
398,-0.74,4.579,5.246,5.372,8.967,6.344,2.12,6.293,7.795,5.144,8.805,7.316,2.356,5.983,4.102,9.152,4.313,3.023,9.021,0.13,7.106,2.767,,0.13,9.152
399,3.209,32.536,31.459,28.347,36.056,31.049,31.364,29.949,30.267,30.029,35.627,32.681,34.236,33.608,32.542,36.382,37.213,30.622,34.991,27.857,32.562,28.783,,27.857,37.213