,inputs,outputs,lower,higher,average
0,-4.244,-57.813,-58.226,-57.609,-57.76395
1,-4.118,-56.743,-57.111,-56.5,-56.6963
2,-4.323,-56.756,-57.176,-56.549,-56.7448
3,-4.271,-56.756,-57.176,-56.549,-56.7448
4,-4.498,-57.235,-57.648,-56.899,-57.15485
5,-4.477,-57.235,-57.648,-56.899,-57.15485
6,-4.486,-57.235,-57.648,-56.899,-57.15485
7,-4.696,-58.02,-58.421,-57.511,-57.89765
8,-4.57,-58.02,-58.421,-57.511,-57.89765
9,-4.669,-58.02,-58.421,-57.511,-57.89765
10,-4.851,-58.777,-59.144,-58.237,-58.63845
11,-4.85,-58.777,-59.144,-58.237,-58.63845
12,-4.699,-58.777,-59.144,-58.237,-58.63845
13,-4.707,-58.777,-59.144,-58.237,-58.63845
14,-4.844,-58.777,-59.144,-58.237,-58.63845
15,-4.821,-58.777,-59.144,-58.237,-58.63845
16,-4.867,-58.858,-59.231,-58.325,-58.72195
17,-4.881,-58.93,-59.306,-58.401,-58.79545
18,-4.807,-58.93,-59.306,-58.401,-58.79545
19,-5.105,-60.181,-60.583,-59.727,-60.0749
20,-4.902,-60.173,-60.523,-59.698,-60.0304
21,-5.02,-60.173,-60.523,-59.698,-60.0304
22,-5.014,-60.173,-60.523,-59.698,-60.0304
23,-5.027,-60.173,-60.523,-59.698,-60.0304
24,-5.037,-60.173,-60.523,-59.698,-60.0304
25,-5.122,-60.28,-60.684,-59.836,-60.17785
26,-4.977,-60.28,-60.684,-59.836,-60.17785
27,-4.822,-60.006,-60.39,-59.637,-59.93785
28,-4.985,-60.006,-60.39,-59.637,-59.93785
29,-4.966,-60.006,-60.39,-59.637,-59.93785
30,-5.019,-60.006,-60.436,-59.674,-59.9704
31,-4.942,-60.006,-60.436,-59.674,-59.9704
32,-4.862,-60.006,-60.436,-59.674,-59.9704
33,-4.92,-60.006,-60.436,-59.674,-59.9704
34,-4.9,-60.006,-60.436,-59.674,-59.9704
35,-4.782,-59.897,-60.281,-59.559,-59.84385
36,-4.879,-59.897,-60.281,-59.559,-59.84385
37,-4.725,-59.739,-60.09,-59.391,-59.665
38,-4.627,-59.342,-59.725,-59.071,-59.31635
39,-4.529,-58.941,-59.311,-58.698,-58.91055
40,-4.628,-58.941,-59.311,-58.698,-58.91055
41,-4.432,-58.46,-58.882,-58.255,-58.45665
42,-4.413,-58.364,-58.78,-58.157,-58.3591
43,-4.561,-58.364,-58.78,-58.157,-58.3591
44,-4.525,-58.364,-58.78,-58.157,-58.3591
45,-4.372,-58.159,-58.559,-57.947,-58.1467
46,-4.175,-57.069,-57.449,-56.844,-57.0378
47,-4.219,-57.069,-57.449,-56.844,-57.0378
48,-4.203,-57.069,-57.449,-56.844,-57.0378
49,-3.916,-54.975,-55.314,-54.705,-54.9428
50,-3.968,-54.975,-55.314,-54.705,-54.9428
51,-4.152,-55.073,-55.453,-54.815,-55.05385
52,-3.809,-54.022,-54.345,-53.755,-53.98595
53,-3.707,-53.109,-53.412,-52.852,-53.06155
54,-3.652,-52.612,-52.909,-52.359,-52.55845
55,-3.543,-51.623,-51.912,-51.361,-51.5595
56,-3.506,-51.283,-51.573,-51.025,-51.21785
57,-4.067,-52.494,-52.811,-51.887,-52.34615
58,-3.501,-51.232,-51.527,-50.979,-51.1715
59,-3.693,-51.232,-51.561,-50.993,-51.19405
60,-3.589,-51.232,-51.561,-50.993,-51.19405
61,-3.655,-51.232,-51.561,-50.993,-51.19405
62,-2.696,-43.58,-43.922,-43.236,-43.51205
63,-2.77,-43.58,-43.922,-43.236,-43.51205
64,-2.939,-43.697,-44.078,-43.399,-43.63695
65,-2.933,-43.697,-44.078,-43.399,-43.63695
66,-2.512,-41.761,-42.112,-41.459,-41.70345
67,-1.851,-35.061,-35.351,-34.802,-35.0696
68,-3.281,-41.384,-41.761,-40.908,-41.353
69,-1.978,-35.927,-36.209,-35.657,-35.9482
70,-2.325,-36.33,-36.635,-35.991,-36.30185
71,-2.879,-38.878,-39.171,-38.363,-38.8105
72,-2.793,-38.878,-39.171,-38.363,-38.8105
73,-2.159,-36.906,-37.208,-36.59,-36.93935
74,-1.474,-31.111,-31.406,-30.933,-31.15065
75,-1.268,-28.729,-29.092,-28.61,-28.7979
76,-1.813,-29.873,-30.128,-29.6,-29.85685
77,-0.713,-22.264,-22.552,-22.155,-22.34035
78,-0.388,-18.421,-18.566,-18.296,-18.4197
79,-0.778,-18.943,-19.04,-18.759,-18.9089
80,-1.148,-20.596,-20.672,-20.242,-20.51065
81,-0.166,-15.74,-15.77,-15.583,-15.65365
82,-0.226,-15.74,-15.77,-15.583,-15.65365
83,-0.045,-14.247,-14.223,-14.056,-14.1189
84,-0.682,-15.799,-15.781,-15.298,-15.5897
85,-1.645,-21.773,-21.951,-21.56,-21.7713
86,0.956,-1.911,-2.144,-1.939,-2.04335
87,-0.782,-10.464,-10.46,-10.201,-10.33525
88,0.131,-7.445,-7.854,-7.235,-7.4685
89,1.465,4.362,4.147,4.279,4.23315
90,0.566,1.421,1.151,1.586,1.38655
91,1,2.111,1.818,2.198,2.0003
92,-0.101,-2.922,-3.145,-2.896,-3.0292
93,-0.114,-3.015,-3.224,-2.98,-3.11255
94,0.633,-0.911,-1.413,-0.996,-1.2058
95,1.568,5.626,5.419,5.546,5.5057
96,0.972,4.275,4.096,4.451,4.25125
97,0.87,3.766,3.583,3.99,3.77075
98,1.488,5.223,5.049,5.175,5.1223
99,2.05,11.566,11.385,11.525,11.4681
100,0.906,7.151,6.888,7.278,7.111
101,1.142,7.249,7.029,7.383,7.21995
102,1.47,8.372,8.118,8.381,8.22745
103,2.528,17.449,17.304,17.456,17.3907
104,2.213,17.134,17.036,17.304,17.1252
105,3.275,26.654,26.556,26.694,26.63965
106,2.789,25.754,25.72,26.034,25.83385
107,2.414,23.934,23.763,24.206,24.0099
108,3.173,26.102,26.001,26.156,26.0711
109,2.754,25.476,25.378,25.683,25.50125
110,2.402,23.863,23.694,24.142,23.9403
111,3.198,26.219,26.131,26.28,26.2011
112,2.612,24.908,24.838,25.181,24.98475
113,2.916,25.191,25.111,25.342,25.229
114,4.487,41.589,41.506,41.696,41.60165
115,3.155,35.935,35.788,36.154,35.9624
116,2.547,31.49,31.368,31.575,31.45825
117,2.978,32.166,31.933,32.161,32.06485
118,4.555,42.419,42.342,42.537,42.43995
119,3.068,35.699,35.51,35.863,35.70975
120,3.319,35.839,35.67,35.998,35.84895
121,3.279,35.839,35.67,35.998,35.84895
122,4.054,39.134,38.878,39.299,39.0929
123,3.563,38.213,38.033,38.455,38.26585
124,2.423,30.799,30.67,30.862,30.77755
125,3.211,33.112,32.746,33.238,32.99455
126,3.236,33.247,32.881,33.377,33.1338
127,5.48,53.823,53.712,53.975,53.8476
128,5.115,53.37,53.362,53.579,53.4424
129,4.952,52.75,52.74,53.073,52.86995
130,3.92,46.577,46.363,46.727,46.57215
131,3.666,44.701,44.508,44.796,44.66
132,4.029,45.146,44.871,45.177,45.0585
133,3.536,43.692,43.531,43.782,43.64775
134,7.134,74.193,74.039,74.4,74.2899
135,2.437,38.762,38.547,39.054,38.7473
136,5.289,56.487,56.269,56.682,56.49265
137,3.48,47.404,47.085,47.561,47.34765
138,4.697,52.281,51.98,52.549,52.21595
139,3.847,49.623,49.509,49.835,49.63975
140,3.688,48.71,48.485,48.905,48.68575
141,3.752,48.71,48.485,48.905,48.68575
142,6.672,69.536,69.378,69.768,69.6325
143,4.805,60.005,59.739,60.184,60.01145
144,4.191,55.024,54.848,55.243,55.02815
145,5.527,60.704,60.437,60.928,60.70665
146,4.994,59.608,59.409,59.89,59.70875
147,5.712,61.991,61.801,62.185,62.0214
148,3.173,45.894,45.645,46.15,45.8561
149,5.304,57.502,57.226,57.86,57.5327
150,5.772,61.403,61.249,61.634,61.4288
151,3.334,47.256,47.049,47.476,47.2165
152,5.436,58.643,58.402,58.96,58.66465
153,6.674,69.555,69.398,69.788,69.6525
154,4.949,61.103,60.818,61.316,61.1281
155,5.769,63.588,63.172,63.783,63.53575
156,5.599,63.588,63.172,63.783,63.53575
157,4.198,55.086,54.912,55.304,55.0902
158,4.919,57.065,56.68,57.182,56.95925
159,3.283,46.931,46.671,47.181,46.8914
160,4.367,50.967,50.69,51.215,50.8883
161,5.049,55.688,55.339,56.024,55.70045
162,5.468,58.976,58.698,59.317,59.007
163,4.728,56.906,56.685,57.47,57.0369
164,5.38,58.532,58.248,58.915,58.55735
165,3.51,48.735,48.494,48.962,48.6971
166,4.461,51.97,51.654,52.196,51.87125
167,4.529,52.369,52.092,52.607,52.28775
168,6.304,66.157,66.024,66.375,66.21485
169,4.181,54.613,54.423,54.699,54.57685
170,3.835,51.754,51.587,51.902,51.72365
171,4.313,52.62,52.281,52.673,52.50035
172,2.365,38.027,37.818,38.314,38.017
173,4.519,49.828,49.565,50.194,49.85445
174,3.332,45.141,44.859,45.671,45.18635
175,0.404,16.925,16.797,17.327,16.93715
176,3.793,39.528,39.355,39.876,39.5847
177,3.195,38.169,38.106,38.563,38.3137
178,0.483,17.656,17.537,18.056,17.68325
179,3.529,37.118,36.914,37.471,37.15755
180,6.556,67.784,67.59,68.122,67.84275
181,4.531,57.019,56.735,57.363,56.98045
182,4.621,57.019,56.735,57.363,56.98045
183,0.62,19.282,19.165,19.62,19.31795
184,4.162,43.324,43.277,43.545,43.38085
185,3.407,41.18,41.092,41.609,41.33515
186,4.069,42.859,42.774,43.058,42.90085
187,3.755,42.546,42.477,42.804,42.636
188,0.087,13.346,13.145,13.818,13.2826
189,2.619,28.287,28.023,28.808,28.3101
190,1.079,21.19,20.971,21.798,21.2328
191,2.386,26.673,26.354,27.26,26.67
192,0.582,17.427,17.238,18.046,17.4244
193,4.89,49.863,49.734,50.372,49.8938
194,0.434,16.882,16.709,17.508,16.88025
195,0.24,14.914,14.731,15.478,14.8838
196,2.072,24.173,23.958,24.645,24.20745
197,-0.348,8.377,8.394,8.701,8.53865
198,0.839,13.06,12.726,13.297,12.96175
199,-0.091,9.948,9.815,10.207,9.98135
200,4.271,43.019,42.894,43.266,43.06005
201,2.9,37.104,36.951,37.439,37.15675
202,1.092,22.342,22.231,22.647,22.3992
203,0.302,14.861,14.645,15.202,14.8467
204,2.843,29.882,29.64,30.188,29.90615
205,1.648,25.148,24.953,25.539,25.20865
206,1.709,25.148,24.953,25.539,25.20865
207,0.536,16.83,16.596,17.21,16.83675
208,-2.913,-22.199,-22.41,-22.114,-22.2463
209,0.113,-2.919,-2.944,-2.65,-2.8136
210,-0.853,-6.237,-6.175,-5.771,-6.0206
211,1.377,9.12,8.958,9.101,9.02775
212,1.984,15.295,15.074,15.317,15.2002
213,-1.481,-8.032,-8.087,-7.784,-7.93715
214,0.646,3.55,3.326,3.639,3.48205
215,3.056,26.667,26.475,26.774,26.6296
216,-1.877,-11.187,-11.357,-10.94,-11.1498
217,2.698,22.994,22.782,23.071,22.9424
218,-2.496,-17.7,-17.863,-17.6,-17.7189
219,-0.869,-9.972,-10.26,-9.752,-9.99075
220,-1.06,-9.972,-10.285,-9.766,-10.0111
221,-1.138,-10.161,-10.438,-9.908,-10.1676
222,-2.958,-22.751,-22.967,-22.672,-22.7999
223,-2.586,-22.28,-22.557,-22.211,-22.3673
224,-2.86,-22.481,-22.744,-22.424,-22.5546
225,-0.99,-12.431,-12.789,-12.269,-12.46515
226,-1.102,-12.431,-12.789,-12.269,-12.46515
227,2.573,21.399,21.157,21.492,21.32585
228,2.118,20.626,20.379,20.86,20.63965
229,-3.639,-31.141,-31.344,-31.033,-31.18305
230,-1.248,-17.395,-17.663,-17.228,-17.43935
231,0.657,0.235,0.085,0.283,0.1646
232,-2.354,-18.899,-19.101,-18.716,-18.89205
233,-2.763,-22.662,-22.825,-22.514,-22.69195
234,-2.507,-22.507,-22.673,-22.38,-22.54075
235,-0.165,-7.159,-7.215,-6.879,-7.02655
236,-5.416,-53.032,-53.112,-52.777,-53.0129
237,-3.95,-46.458,-46.706,-46.226,-46.45895
238,-1.662,-26.963,-27.105,-26.791,-26.99905
239,-2.237,-28.23,-28.256,-27.972,-28.18395
240,-2.549,-29.833,-29.957,-29.567,-29.77875
241,-4.471,-44.309,-44.516,-44.111,-44.28925
242,-0.536,-15.724,-15.904,-15.491,-15.73425
243,2.858,21.997,21.491,22.048,21.90965
244,-2.412,-19.383,-19.9,-19.168,-19.43135
245,-4.296,-40.066,-40.625,-39.451,-40.15365
246,-1.533,-23.119,-23.77,-22.47,-23.26265
247,-5.498,-54.038,-54.122,-53.782,-54.02125
248,-6.207,-62.782,-62.873,-62.619,-62.76165
249,-3.936,-50.02,-50.222,-49.832,-49.9938
250,-11.855,-132.361,-132.767,-132.259,-132.5394
251,-7.639,-101.778,-101.797,-100.939,-101.5157
252,-5.289,-76.916,-76.981,-76.396,-76.77785
253,-8.371,-96.699,-96.993,-96.21,-96.68895
254,-7.471,-93.756,-94.146,-93.261,-93.81965
255,-5.743,-80.935,-81.144,-80.365,-80.84075
256,-9.418,-106.638,-107.083,-106.449,-106.7988
257,-5.761,-81.5,-81.696,-80.983,-81.38035
258,-6.2,-82.207,-82.374,-81.612,-82.0288
259,-4.566,-68.756,-68.839,-68.319,-68.64775
260,-1.225,-28.783,-28.948,-28.752,-28.86925
261,-4.212,-47.713,-47.927,-47.603,-47.75595
262,-4.706,-52.256,-52.407,-52.13,-52.2967
263,-4.507,-52.256,-52.382,-52.102,-52.26015
264,-4.156,-51.095,-51.363,-51.005,-51.2137
265,-7.919,-85.655,-85.911,-85.334,-85.7382
266,-5.24,-69.448,-69.712,-68.956,-69.47115
267,-3.994,-57.928,-58.043,-57.446,-57.8621
268,-9.053,-98.596,-98.879,-98.442,-98.7203
269,-2.362,-41.752,-42.015,-41.246,-41.74085
270,-1.729,-34.593,-34.739,-34.367,-34.6157
271,-6.879,-74.71,-75.049,-74.458,-74.69605
272,-5.717,-70.184,-70.444,-69.973,-70.2128
273,-7.633,-82.751,-83.012,-82.599,-82.77405
274,-2.902,-46.975,-47.153,-46.594,-46.90755
275,-8.182,-88.785,-89.028,-88.564,-88.82655
276,-5.662,-73.939,-74.115,-73.641,-73.91055
277,-7.564,-83.742,-83.945,-83.516,-83.7611
278,-4.823,-66.452,-66.767,-66.018,-66.3565
279,-10.345,-113.89,-114.361,-113.777,-114.0892
280,-0.966,-25.593,-25.742,-25.571,-25.67475
281,-7.819,-84.251,-84.501,-83.818,-84.3324
282,-4.723,-64.329,-64.593,-63.672,-64.32715
283,-5.513,-66.657,-66.882,-66.012,-66.57205
284,-7.133,-78.238,-78.517,-77.636,-78.27435
285,-8.365,-90.453,-90.756,-90.167,-90.56625
286,-1.033,-26.356,-26.508,-26.37,-26.44075
287,-6.843,-73.496,-73.61,-73.286,-73.5112
288,-3.614,-52.369,-52.653,-51.981,-52.34095
289,-7.86,-84.72,-84.972,-84.346,-84.80535
290,-7.195,-83.026,-83.632,-82.669,-83.20835
291,-2.667,-44.153,-44.351,-43.564,-44.1531
292,-0.781,-23.315,-23.445,-23.291,-23.3823
293,-5.148,-55.402,-55.519,-55.27,-55.42675
294,-10.076,-110.525,-110.975,-110.459,-110.7349
295,3.666,31.468,31.396,31.531,31.47185
296,-7.688,-81.021,-81.172,-80.908,-81.08835
297,-10.361,-113.951,-114.338,-113.975,-114.1703
298,6.253,63.341,63.188,63.504,63.3974
299,-5.669,-56.143,-56.229,-55.89,-56.1255
300,-9.824,-107.341,-107.682,-107.348,-107.5372
301,-6.634,-86.566,-86.94,-86.086,-86.522
302,-2.35,-41.612,-41.82,-41.458,-41.6336
303,-2.976,-43.115,-43.26,-42.626,-43.044
304,-7.06,-77.177,-77.404,-77.01,-77.21425
305,3.725,32.198,32.126,32.261,32.2004
306,-5.563,-54.934,-55.014,-54.665,-54.9067
307,-8.124,-86.392,-86.613,-86.29,-86.4856
308,0.551,-6.611,-6.953,-6.558,-6.76095
309,2.12,12.432,12.252,12.397,12.3408
310,-6.368,-65.133,-65.22,-64.755,-65.0752
311,-8.604,-92.303,-92.581,-92.248,-92.43
312,1.225,1.41,1.181,1.36,1.30205
313,-10.983,-121.61,-122.036,-121.611,-121.8346
314,-7.595,-99.009,-99.364,-98.404,-98.911
315,1.289,2.183,1.972,2.131,2.0604
316,-2.694,-26.1,-26.3,-26.078,-26.16985
317,-3.418,-33.349,-33.52,-33.201,-33.4135
318,-0.84,-18.01,-18.202,-17.901,-18.0706
319,-2.749,-27.872,-28.089,-27.844,-27.95335
320,-7.218,-75.6,-75.736,-75.329,-75.5908
321,3.196,25.686,25.578,25.719,25.6624
322,3.509,29.538,29.453,29.588,29.5322
323,-0.852,-2.489,-2.481,-2.187,-2.32195
324,-1.374,-7.8,-7.881,-7.511,-7.67125
325,7.924,83.935,83.922,84.204,84.05865
326,-2.419,-16.108,-16.276,-15.943,-16.1057
327,-2.23,-16.108,-16.255,-15.921,-16.08925
328,0.389,1.226,1.105,1.377,1.18945
329,4.94,48.29,47.959,48.427,48.3212
330,5.549,55.338,54.979,55.419,55.31565
331,-1.732,-8.173,-8.512,-7.841,-8.13515
332,0.661,5.585,5.127,5.941,5.4949
333,-5.96,-59.732,-59.812,-59.527,-59.7127
334,-1.57,-27.414,-27.553,-27.253,-27.45775
335,-3.558,-37.882,-38.084,-37.752,-37.93485
336,-4.098,-42.324,-42.473,-42.19,-42.3401
337,6.781,69.852,69.663,70.02,69.92495
338,-2.988,-23.139,-23.337,-23.044,-23.192
339,-1.82,-18.572,-18.994,-18.42,-18.68695
340,1.895,14.211,13.997,14.215,14.1072
341,5.748,57.375,57.16,57.506,57.3501
342,3.087,41.324,41.06,41.472,41.2485
343,14.603,166.21,165.53,166.169,165.89055
344,0.557,20.55,20.517,20.723,20.5994
345,2.347,29.491,29.454,29.712,29.5581
346,2.554,31.092,31.038,31.295,31.1713
347,8.473,91.393,90.986,91.639,91.5033
348,3.955,57.782,57.363,57.863,57.6382
349,0.958,25.196,25.041,25.507,25.2284
350,-3.079,-24.243,-24.46,-24.172,-24.2812
351,2.999,25.812,25.664,25.922,25.784
352,8.9,95.954,95.978,96.286,96.12985
353,-0.043,12.976,12.797,13.153,12.96935
354,4.768,49.576,49.491,49.84,49.64595
355,3.468,44.136,44.07,44.375,44.2201
356,6.666,70.017,69.689,70.388,70.12535
357,-1.565,-5.586,-5.656,-5.286,-5.45835
358,14.301,162.49,161.875,162.5,162.2518
359,-3.721,-32.149,-32.349,-32.031,-32.19175
360,0.953,3.042,2.736,3.095,2.94115
361,7.574,79.622,79.549,79.862,79.73175
362,4.469,59.626,59.392,59.796,59.57375
363,7.236,76.594,76.52,76.804,76.6592
364,0.703,20.76,20.614,21.273,20.80695
365,2.906,32.948,32.753,33.371,33.01415
366,3.435,37.426,37.205,37.873,37.4585
367,11.312,125.663,125.527,126.089,125.8853
368,7.007,94.197,93.311,94.058,93.79825
369,7.626,95.659,94.546,95.591,95.1675
370,0.438,19.082,19.023,19.25,19.11675
371,8.654,93.439,92.987,93.711,93.5443
372,5.018,68.497,67.856,68.575,68.3154
373,10.914,120.76,120.662,121.189,120.99575
374,14.114,160.18,159.611,160.226,159.9955
375,2.582,45.501,45.326,45.601,45.48265
376,2.155,40.234,40.123,40.366,40.2544
377,-0.067,12.869,12.755,12.915,12.8453
378,3.6,38.106,38.075,38.219,38.1571
379,2.47,33.778,33.593,34.066,33.87305
380,6.237,65.406,65.225,65.652,65.44545
381,3.773,51.041,50.804,51.273,50.9986
382,2.742,41.795,41.591,42.072,41.74005
383,9.923,108.559,108.529,108.981,108.79935
384,-0.041,13.182,13.068,13.215,13.14675
385,6.859,72.366,72.039,72.621,72.4634
386,2.705,42.404,41.82,42.584,42.35605
387,8.396,90.135,89.782,90.438,90.2443
388,11.736,130.891,130.704,131.296,131.0825
389,3.327,54.269,53.99,54.712,54.25415
390,7.078,80.304,80.099,80.784,80.4613
391,5.793,74.972,74.663,75.511,75.11835
392,0.926,25.093,25.103,25.284,25.1687
393,6.147,65.962,65.933,66.206,66.02415
394,6.406,68.704,68.636,68.953,68.76275
395,7.039,75.539,75.414,75.83,75.6228
396,3.994,56.084,55.886,56.377,56.04245
397,5.465,62.694,62.475,62.935,62.6708
398,-0.74,4.579,4.682,4.871,4.7926
399,3.209,32.536,32.448,32.643,32.56595