,inputs,outputs,nb_plays-50-units-128-ensemble-1-predictions,nb_plays-50-units-128-ensemble-2-predictions,nb_plays-50-units-128-ensemble-3-predictions,nb_plays-50-units-128-ensemble-4-predictions,nb_plays-50-units-128-ensemble-5-predictions,nb_plays-50-units-128-ensemble-6-predictions,nb_plays-50-units-128-ensemble-7-predictions,nb_plays-50-units-128-ensemble-8-predictions,nb_plays-50-units-128-ensemble-9-predictions,nb_plays-50-units-128-ensemble-10-predictions,nb_plays-50-units-128-ensemble-11-predictions,nb_plays-50-units-128-ensemble-12-predictions,nb_plays-50-units-128-ensemble-13-predictions,nb_plays-50-units-128-ensemble-14-predictions,nb_plays-50-units-128-ensemble-15-predictions,nb_plays-50-units-128-ensemble-16-predictions,nb_plays-50-units-128-ensemble-17-predictions,nb_plays-50-units-128-ensemble-18-predictions,nb_plays-50-units-128-ensemble-19-predictions,nb_plays-50-units-128-ensemble-20-predictions,lower,higher,average
0,-4.244,-57.813,-57.37,-41.833,-41.949,-44.366,-61.059,-42.271,-61.258,-40.742,-46.576,-41.778,-53.176,-45.417,-41.851,-47.27,-41.4,-45.651,-43.041,-44.138,-43.193,-52.766,-61.258,-40.742,-46.85525
1,-4.118,-56.743,-56.644,-46.651,-47.957,-43.834,-60.321,-44.478,-62.538,-46.275,-47.228,-44.003,-52.851,-45.193,-47.831,-49.469,-45.76,-46.72,-44.818,-45.984,-46.367,-51.899,-62.538,-43.834,-48.84105
2,-4.323,-56.756,-56.721,-49.878,-48.826,-48.322,-61.395,-48.104,-63.577,-47.663,-49.115,-47.831,-53.567,-49.5,-54.452,-51.982,-46.355,-48.25,-48.6,-47.029,-48.656,-53.594,-63.577,-46.355,-51.17085
3,-4.271,-56.756,-56.631,-49.508,-51.878,-49.512,-56.412,-47.904,-63.806,-48.585,-49.188,-49.178,-53.496,-54.445,-55.13,-52.996,-47.497,-49.403,-48.613,-47.829,-48.668,-53.347,-63.806,-47.497,-51.7013
4,-4.498,-57.235,-57.171,-52.506,-56.124,-51.65,-54.146,-52.394,-63.522,-50.646,-50.358,-50.74,-54.518,-55.13,-55.941,-54.315,-50.768,-53.076,-49.685,-50.06,-49.935,-55.139,-63.522,-49.685,-53.3912
5,-4.477,-57.235,-57.288,-54.558,-57.201,-53.718,-52.707,-52.229,-60.851,-51.933,-51.042,-51.94,-54.695,-56.982,-57.697,-54.21,-51.948,-54.086,-50.605,-50.096,-49.907,-55.666,-60.851,-49.907,-53.96795
6,-4.486,-57.235,-57.355,-56.727,-57.334,-54.702,-52.656,-54.804,-60.184,-52.361,-51.491,-52.551,-55.11,-57.841,-58.386,-54.268,-51.943,-54.368,-52.376,-50.188,-50.38,-56.734,-60.184,-50.188,-54.58795
7,-4.696,-58.02,-57.83,-60.611,-58.098,-55.588,-54.134,-54.413,-60.905,-54.602,-52.775,-53.596,-56.745,-60.917,-61.801,-55.619,-54.096,-55.201,-53.687,-52.35,-51.608,-60.678,-61.801,-51.608,-56.2627
8,-4.57,-58.02,-57.756,-61.164,-57.625,-55.046,-53.049,-55.441,-60.459,-55.379,-52.319,-52.95,-56.541,-60.062,-62.227,-56.739,-52.937,-55.137,-53.233,-54.035,-52.488,-60.537,-62.227,-52.319,-56.2562
9,-4.669,-58.02,-57.932,-60.16,-58.011,-55.475,-53.903,-54.857,-60.803,-58.206,-52.962,-53.429,-57.642,-61.122,-62.618,-59.696,-53.789,-55.594,-54.64,-57.539,-54.601,-60.885,-62.618,-52.962,-57.1932
10,-4.851,-58.777,-58.547,-61.641,-58.81,-56.283,-55.219,-57.016,-61.448,-60.925,-54.051,-54.343,-59.485,-61.75,-62.895,-60.281,-55.472,-57.068,-56.387,-59.858,-57.364,-61.273,-62.895,-54.051,-58.5058
11,-4.85,-58.777,-58.994,-62.101,-59.199,-56.216,-55.117,-57.195,-61.482,-60.937,-54.288,-54.23,-60.186,-61.891,-62.831,-59.989,-56.604,-58.941,-58.43,-61.853,-58.028,-61.05,-62.831,-54.23,-58.9781
12,-4.699,-58.777,-58.601,-59.741,-58.862,-55.573,-53.928,-57.514,-60.983,-59.874,-53.839,-53.521,-59.981,-61.208,-62.553,-59.166,-56.532,-60.145,-60.167,-63.36,-56.363,-60.691,-63.36,-53.521,-58.6301
13,-4.707,-58.777,-58.56,-60.846,-58.718,-55.633,-54.095,-56.837,-60.987,-60.252,-53.545,-53.574,-60.779,-61.306,-62.687,-59.591,-56.802,-60.89,-61.61,-63.61,-56.401,-60.815,-63.61,-53.545,-58.8769
14,-4.844,-58.777,-59.021,-62.644,-59.17,-56.245,-55.153,-58.169,-61.445,-60.75,-54.308,-54.279,-61.524,-61.869,-62.878,-60.29,-57.809,-61.512,-60.605,-63.874,-57.292,-61.255,-63.874,-54.279,-59.5046
15,-4.821,-58.777,-59,-60.789,-59.449,-56.086,-54.886,-57.903,-61.391,-60.51,-54.567,-54.085,-61.773,-61.73,-62.787,-59.804,-58.185,-61.452,-63.428,-63.758,-57.281,-60.958,-63.758,-54.085,-59.4911
16,-4.867,-58.858,-59.17,-61.084,-60.111,-56.345,-55.29,-59.579,-61.539,-60.714,-55.257,-54.354,-62.04,-61.984,-62.892,-60.332,-58.444,-61.636,-66.471,-63.878,-57.71,-61.297,-66.471,-54.354,-60.00635
17,-4.881,-58.93,-59.179,-61.844,-61.106,-56.382,-55.38,-59.447,-61.588,-60.732,-57.381,-54.403,-62.073,-61.972,-62.884,-60.15,-58.501,-61.657,-66.591,-63.892,-58.273,-61.14,-66.591,-54.403,-60.22875
18,-4.807,-58.93,-58.928,-60.673,-62.545,-56.039,-54.765,-60.685,-61.356,-60.429,-60.347,-54.021,-61.753,-61.712,-62.762,-59.786,-58.266,-61.428,-66.173,-63.712,-57.875,-60.977,-66.173,-54.021,-60.2116
19,-5.105,-60.181,-59.999,-62.882,-65.276,-57.734,-57.45,-61.418,-62.211,-61.689,-61.058,-55.883,-63.047,-62.825,-63.179,-61.88,-59.139,-62.589,-67.844,-64.312,-60.747,-62.747,-67.844,-55.883,-61.69545
20,-4.902,-60.173,-59.095,-61.846,-65.008,-56.393,-56.475,-61.912,-61.673,-61.156,-60.552,-56,-61.946,-61.9,-62.823,-59.905,-58.506,-61.552,-66.713,-63.891,-61.653,-60.742,-66.713,-56,-60.98705
21,-5.02,-60.173,-59.696,-61.236,-65.312,-57.237,-57.384,-62.011,-62,-60.93,-61.83,-58.19,-62.721,-62.593,-63.083,-61.314,-58.889,-62.235,-67.372,-64.154,-65.52,-62.46,-67.372,-57.237,-61.80835
22,-5.014,-60.173,-59.541,-62.038,-65.305,-57.013,-57.737,-62.384,-61.99,-61.131,-60.878,-59.014,-62.454,-62.302,-63.024,-60.547,-58.841,-61.991,-67.341,-64.122,-67.591,-61.007,-67.591,-57.013,-61.81255
23,-5.027,-60.173,-59.632,-61.99,-65.339,-57.176,-58.22,-62.28,-62.027,-61.141,-62.155,-58.94,-62.614,-62.49,-63.054,-60.958,-58.874,-62.128,-67.413,-64.146,-66.37,-62.192,-67.413,-57.176,-61.95695
24,-5.037,-60.173,-59.645,-61.479,-65.361,-57.196,-58.838,-62.506,-62.054,-61.146,-61.054,-58.916,-62.596,-62.438,-63.06,-60.801,-58.896,-62.12,-67.469,-64.162,-67.468,-61.208,-67.469,-57.196,-61.92065
25,-5.122,-60.28,-59.944,-62.406,-65.565,-57.732,-60.103,-62.6,-62.275,-61.45,-62.516,-59.252,-62.903,-62.722,-63.159,-61.382,-59.107,-62.469,-67.945,-64.299,-66.84,-62.625,-67.945,-57.732,-62.3647
26,-4.977,-60.28,-59.388,-61.333,-65.176,-56.847,-60.005,-62.45,-61.895,-61.085,-60.913,-58.708,-62.296,-62.215,-62.952,-60.325,-58.709,-61.822,-67.133,-64.044,-67.092,-60.883,-67.133,-56.847,-61.76355
27,-4.822,-60.006,-58.952,-60.389,-64.804,-56.161,-59.196,-61.649,-61.419,-60.298,-61.499,-58.311,-61.811,-61.797,-62.766,-59.831,-58.282,-61.48,-66.261,-63.724,-65.604,-61.185,-66.261,-56.161,-61.27095
28,-4.985,-60.006,-59.591,-62.461,-65.217,-57.005,-59.947,-62.09,-61.894,-61.235,-61.117,-58.844,-62.587,-62.425,-63.051,-61.081,-58.826,-62.082,-67.173,-64.114,-67.48,-61.694,-67.48,-57.005,-61.9957
29,-4.966,-60.006,-59.388,-62.475,-65.194,-56.762,-60.027,-62.035,-61.852,-61.08,-61.239,-58.687,-62.3,-62.189,-62.966,-60.333,-58.724,-61.858,-67.071,-64.038,-66.082,-61.256,-67.071,-56.762,-61.7778
30,-5.019,-60.006,-59.629,-60.784,-65.321,-57.141,-60.372,-62.367,-62.001,-61.051,-61.512,-58.899,-62.62,-62.478,-63.055,-61.013,-58.868,-62.129,-67.368,-64.139,-67.499,-61.868,-67.499,-57.141,-62.0057
31,-4.942,-60.006,-59.307,-61.739,-65.13,-56.664,-60.097,-62.036,-61.788,-60.84,-61.158,-58.611,-62.225,-62.133,-62.93,-60.231,-58.644,-61.78,-66.937,-63.986,-65.984,-61.081,-66.937,-56.664,-61.66505
32,-4.862,-60.006,-59.099,-61.643,-64.931,-56.322,-59.572,-61.862,-61.541,-60.586,-61.347,-58.413,-61.998,-61.946,-62.843,-60.104,-58.428,-61.599,-66.486,-63.829,-67.031,-61.221,-67.031,-56.322,-61.54005
33,-4.92,-60.006,-59.335,-60.969,-65.077,-56.615,-59.701,-61.776,-61.709,-60.886,-61.303,-58.609,-62.276,-62.157,-62.954,-60.507,-58.632,-61.813,-66.81,-63.977,-65.865,-61.35,-66.81,-56.615,-61.61605
34,-4.9,-60.006,-59.211,-61.414,-65.033,-56.463,-59.615,-61.898,-61.653,-60.751,-61.219,-58.516,-62.118,-62.032,-62.896,-60.189,-58.554,-61.698,-66.699,-63.918,-67.245,-61.194,-67.245,-56.463,-61.6158
35,-4.782,-59.897,-58.842,-60.836,-64.702,-55.934,-58.79,-61.287,-61.277,-60.304,-60.833,-58.21,-61.64,-61.613,-62.709,-59.618,-58.175,-61.356,-66.032,-63.64,-65.317,-60.879,-66.032,-55.934,-61.0997
36,-4.879,-59.897,-59.249,-61.337,-64.956,-56.426,-59.051,-61.571,-61.574,-60.818,-61.426,-58.512,-62.164,-62.057,-62.929,-60.515,-58.542,-61.702,-66.576,-63.922,-67.247,-61.397,-67.247,-56.426,-61.59855
37,-4.725,-59.739,-58.635,-60.568,-64.507,-55.66,-58.035,-60.83,-61.078,-60.107,-60.142,-58.081,-61.303,-61.302,-62.565,-59.137,-57.968,-61.178,-65.706,-63.481,-65.099,-60.666,-65.706,-55.66,-60.8024
38,-4.627,-59.342,-58.32,-59.906,-64.128,-55.302,-56.44,-60.33,-60.703,-59.827,-60.244,-57.865,-60.907,-60.878,-62.504,-59.027,-57.504,-60.91,-65.136,-63.249,-66.249,-60.574,-66.249,-55.302,-60.50015
39,-4.529,-58.941,-57.971,-59.882,-63.636,-54.902,-53.583,-58.664,-60.294,-59.502,-59.507,-57.639,-60.186,-60.171,-62.231,-58.388,-56.536,-60.561,-64.565,-62.95,-64.639,-60.262,-64.639,-53.583,-59.80345
40,-4.628,-58.941,-57.967,-60.788,-64.039,-55.304,-53.625,-58.046,-60.632,-60.045,-59.371,-57.904,-60.673,-60.778,-62.567,-59.432,-56.455,-60.836,-65.128,-63.442,-66.219,-60.634,-66.219,-53.625,-60.19425
41,-4.432,-58.46,-57.605,-59.441,-63.009,-54.513,-52.204,-55.457,-59.873,-59.02,-58.759,-57.377,-59.19,-59.399,-61.778,-57.613,-54.745,-60.172,-64.004,-62.47,-64.321,-59.968,-64.321,-52.204,-59.0459
42,-4.413,-58.364,-57.364,-59.198,-62.859,-54.446,-52.334,-54.72,-59.696,-59.169,-57.626,-57.356,-58.666,-59.046,-62.004,-57.973,-52.881,-59.924,-63.88,-62.711,-64.843,-59.788,-64.843,-52.334,-58.8242
43,-4.561,-58.364,-57.538,-60.674,-63.665,-55.028,-53.2,-53.509,-60.256,-59.853,-59.711,-57.765,-58.354,-60.111,-62.374,-59.119,-53.142,-60.441,-64.733,-63.349,-65.422,-60.396,-65.422,-53.142,-59.432
44,-4.525,-58.364,-57.542,-60.351,-63.516,-54.881,-52.837,-55.072,-60.176,-59.517,-58.039,-57.631,-57.78,-59.956,-62.228,-58.37,-52.52,-60.417,-64.537,-62.976,-65.634,-60.224,-65.634,-52.52,-59.2102
45,-4.372,-58.159,-57.252,-58.767,-62.568,-54.284,-51.962,-53.165,-59.539,-58.845,-58.382,-57.203,-56.465,-58.768,-61.709,-57.481,-51.423,-59.793,-63.649,-62.326,-64.362,-59.693,-64.362,-51.423,-58.3818
46,-4.175,-57.069,-56.552,-58.085,-60.888,-53.538,-51.07,-53.341,-58.482,-57.989,-56.632,-56.431,-54.9,-56.597,-60.632,-56.074,-50.442,-58.253,-62.392,-61.465,-62.578,-58.48,-62.578,-50.442,-57.24105
47,-4.219,-57.069,-56.37,-58.471,-60.739,-53.7,-51.378,-52.034,-58.291,-58.377,-56.908,-56.779,-54.749,-56.446,-60.716,-55.448,-50.731,-56.75,-61.871,-62.017,-64.21,-57.556,-64.21,-50.731,-57.17705
48,-4.203,-57.069,-56.257,-58.297,-59.954,-53.64,-51.308,-53.446,-57.914,-58.22,-57.101,-56.65,-54.44,-56.084,-60.19,-54.323,-50.653,-54.848,-60.926,-61.937,-63.018,-57.326,-63.018,-50.653,-56.8266
49,-3.916,-54.975,-55.03,-56.393,-55.952,-52.508,-49.975,-51.426,-55.769,-56.451,-53.88,-54.825,-52.842,-53.159,-57.263,-51.584,-49.196,-52.414,-57.57,-59.762,-60.999,-54.528,-60.999,-49.196,-54.5763
50,-3.968,-54.975,-54.332,-56.109,-54.431,-52.728,-50.091,-52.071,-54.572,-56.571,-53.093,-54.643,-52.771,-53.009,-55.352,-51.449,-49.402,-51.939,-55.465,-59.959,-60.183,-52.621,-60.183,-49.402,-54.03955
51,-4.152,-55.073,-54.916,-57.025,-55.212,-53.463,-50.944,-51.905,-54.499,-57.319,-51.362,-54.4,-53.285,-54.095,-55.23,-52.379,-50.238,-53.117,-52.355,-61.302,-59.708,-52.584,-61.302,-50.238,-54.2669
52,-3.809,-54.022,-53.763,-55.156,-53.038,-52.047,-49.555,-51.293,-51.957,-55.515,-49.354,-50.516,-51.858,-51.311,-53.398,-50.652,-48.678,-50.842,-50.171,-58.743,-57.048,-50.63,-58.743,-48.678,-52.27625
53,-3.707,-53.109,-52.445,-52.813,-51.563,-51.586,-48.944,-50.796,-51.019,-53.667,-49.333,-48.936,-51.375,-51.068,-53.34,-50.251,-48.415,-50.294,-48.455,-57.571,-53.395,-49.931,-57.571,-48.415,-51.25985
54,-3.652,-52.612,-51.619,-51.081,-51.586,-51.324,-48.551,-50.136,-50.573,-50.61,-46.294,-48.565,-50.936,-50.404,-52.019,-50.023,-48.192,-49.872,-47.467,-55.717,-49.901,-49.493,-55.717,-46.294,-50.21815
55,-3.543,-51.623,-50.504,-50.063,-50.74,-50.783,-47.898,-50.124,-49.914,-49.062,-43.629,-47.854,-50.171,-49.768,-51.895,-49.537,-47.842,-48.963,-46.515,-53.049,-49.57,-48.608,-53.049,-43.629,-49.32445
56,-3.506,-51.283,-49.838,-49.835,-49.757,-50.584,-47.297,-49.027,-49.592,-48.751,-42.389,-47.518,-49.679,-49.334,-50.709,-49.393,-47.678,-48.15,-45.995,-50.462,-49.354,-48.214,-50.709,-42.389,-48.6778
57,-4.067,-52.494,-52.148,-52.199,-52.988,-53.182,-49.597,-51.512,-52.434,-51.978,-45.297,-50.886,-52.388,-52.13,-54.35,-52.25,-49.537,-51.804,-50.931,-51.936,-51.654,-51.765,-54.35,-45.297,-51.5483
58,-3.501,-51.232,-50.24,-49.621,-50.495,-50.579,-47.691,-48.838,-49.983,-49.041,-41.835,-48.185,-49.964,-48.67,-50.974,-49.271,-47.556,-48.692,-47.296,-49.541,-50.189,-48.297,-50.974,-41.835,-48.8479
59,-3.693,-51.232,-50.566,-50.527,-50.949,-51.516,-47.996,-49.91,-50.581,-49.671,-43.113,-48.822,-50.727,-50.561,-52.435,-50.288,-48.164,-49.736,-47.762,-47.636,-50.401,-49.65,-52.435,-43.113,-49.55055
60,-3.589,-51.232,-50.124,-50.531,-50.972,-51.016,-47.562,-48.404,-50.146,-49.203,-42.885,-48.165,-50.422,-49.19,-51.197,-49.713,-47.932,-48.908,-46.648,-44.025,-50.129,-48.92,-51.197,-42.885,-48.8046
61,-3.655,-51.232,-50.257,-50.628,-50.901,-51.333,-47.528,-49.448,-50.394,-49.503,-43.308,-48.568,-50.617,-49.928,-52.24,-50.072,-48.099,-49.252,-47.235,-44.307,-50.344,-49.375,-52.24,-43.308,-49.16685
62,-2.696,-43.58,-43.399,-42.3,-43.053,-44.926,-40.185,-41.372,-43.034,-44.065,-35.007,-42.364,-44.125,-43.137,-41.444,-43.78,-42.915,-42.791,-40.057,-38.897,-46.449,-39.892,-46.449,-35.007,-42.1596
63,-2.77,-43.58,-38.205,-39.307,-40.643,-38.958,-38.79,-40.047,-42.496,-41.083,-34.061,-39.008,-41.357,-38.975,-36.976,-41.637,-42.877,-36.56,-38.627,-39.879,-43.016,-36.959,-43.016,-34.061,-39.47305
64,-2.939,-43.697,-38.708,-39.099,-41.709,-37.756,-37.654,-38.833,-40.531,-38.48,-34.763,-37.256,-38.875,-36.653,-36.971,-41.689,-44.023,-37.945,-37.82,-40.834,-41.501,-37.636,-44.023,-34.763,-38.9368
65,-2.933,-43.697,-38.718,-38.128,-38.58,-37.063,-37.594,-37.065,-39.566,-38.422,-36.482,-34.47,-38.096,-36.512,-37.416,-41.392,-44.083,-37.756,-36.707,-40.877,-39.356,-36.162,-44.083,-34.47,-38.22225
66,-2.512,-41.761,-33.819,-34.277,-33.157,-35.454,-33.544,-35.876,-36.223,-34.891,-33.042,-32.511,-34.128,-35.899,-34.258,-38.443,-40.244,-34.262,-35.139,-36.932,-35.908,-33.656,-40.244,-32.511,-35.08315
67,-1.851,-35.061,-26.662,-30.795,-29.19,-33.358,-27.634,-32.888,-32.249,-31.304,-30.67,-29.446,-30.186,-33.821,-29.878,-30.88,-32.568,-29.996,-31.479,-31.029,-29.899,-31.143,-33.821,-26.662,-30.75375
68,-3.281,-41.384,-37.965,-37.19,-38.661,-38.624,-35.239,-37.848,-39.056,-36.458,-39.259,-35.916,-37.012,-37.38,-37.489,-37.315,-35.958,-37.514,-37.452,-38.107,-37.481,-37.448,-39.259,-35.239,-37.4686
69,-1.978,-35.927,-29.623,-31.816,-30.114,-32.17,-29.865,-32.82,-32.874,-31.779,-29.582,-27.465,-31.281,-34.162,-32.96,-32.327,-29.709,-32.792,-32.499,-30.325,-31.842,-29.758,-34.162,-27.465,-31.28815
70,-2.325,-36.33,-30.176,-34.67,-30.799,-32.379,-29.502,-33.246,-33.602,-31.942,-30.576,-28.945,-30.697,-35.586,-32.78,-32.903,-30.277,-33.123,-32.72,-33.089,-32.977,-31.748,-35.586,-28.945,-32.08685
71,-2.879,-38.878,-36.387,-36.371,-35.7,-35.942,-31.328,-36.022,-36.427,-32.501,-35.044,-32.876,-32.085,-36.416,-36.9,-34.488,-35.427,-35.382,-35.34,-37.207,-36.738,-36.318,-37.207,-31.328,-35.24495
72,-2.793,-38.878,-37.76,-35.899,-37.075,-36.688,-34.775,-36.782,-36.24,-33.217,-34.487,-33.628,-32.151,-36.288,-35.621,-34.197,-36.928,-36.484,-35.604,-36.404,-36.106,-35.122,-37.76,-32.151,-35.5728
73,-2.159,-36.906,-31.271,-33.339,-31.417,-34.144,-30.38,-33.718,-33.535,-30.819,-31.859,-30.866,-31.434,-35.176,-31.736,-32.614,-33.892,-32.121,-33.573,-31.504,-33.053,-31.974,-35.176,-30.38,-32.42125
74,-1.474,-31.111,-24.048,-29.614,-26.311,-31.477,-26.364,-23.569,-29.986,-24.855,-28.819,-26.963,-27.848,-30.902,-25.94,-28.569,-27.803,-26.841,-28.615,-27.73,-29.428,-29.025,-31.477,-23.569,-27.73535
75,-1.268,-28.729,-21.704,-26.798,-25.333,-27.615,-24.084,-22.87,-24.461,-19.647,-25.509,-22.095,-23.196,-29.354,-23.301,-22.552,-25.453,-21.836,-22.615,-22.724,-21.756,-25.07,-29.354,-19.647,-23.89865
76,-1.813,-29.873,-23.479,-29.627,-27.394,-28.024,-25.274,-24.328,-23.695,-23.391,-29.674,-25.326,-24.279,-33.044,-23.624,-23.385,-28.906,-22.186,-27.158,-24.31,-25.47,-27.907,-33.044,-22.186,-26.02405
77,-0.713,-22.264,-18.373,-20.726,-19.859,-17.154,-16.053,-16.447,-18.745,-16.059,-17.438,-15.686,-15.282,-21.182,-17.516,-18.883,-18.057,-14.16,-19.309,-17.979,-16.993,-17.584,-21.182,-14.16,-17.67425
78,-0.388,-18.421,-15.959,-18.366,-14.252,-13.807,-10.652,-11.84,-15.437,-12.432,-10.836,-10.454,-8.816,-12.27,-13.234,-15.163,-13.587,-12.635,-14.683,-12.369,-13.319,-12.471,-18.366,-8.816,-13.1291
79,-0.778,-18.943,-15.481,-17.937,-15.265,-14.589,-13.275,-10.104,-19.107,-13.164,-13.522,-12.964,-9.532,-14.129,-13.212,-14.953,-13.67,-13.783,-15.757,-14.13,-13.721,-12.876,-19.107,-9.532,-14.05855
80,-1.148,-20.596,-15.258,-19.881,-15.627,-15.699,-14.489,-12.73,-21.135,-14.251,-14.815,-13.931,-13.044,-14.98,-12.246,-14.966,-15.066,-15.699,-18.655,-15.133,-14.55,-14.404,-21.135,-12.246,-15.32795
81,-0.166,-15.74,-10.531,-15.623,-9.682,-9.94,-9.022,-10.053,-12.53,-10.694,-8.538,-9.203,-5.351,-10.541,-6.634,-10.258,-10.369,-10.966,-11.128,-9.228,-12.071,-10.471,-15.623,-5.351,-10.14165
82,-0.226,-15.74,-9.681,-16.182,-6.454,-9.071,-8.133,-8.398,-14.597,-7.714,-8.943,-8.279,-4.995,-10.982,-5.302,-9.076,-10.341,-8.505,-9.899,-9.087,-11.719,-9.14,-16.182,-4.995,-9.3249
83,-0.045,-14.247,-9.329,-13.114,-7.929,-7.762,-10.889,-7.665,-11.391,-5.953,-7.755,-6.004,-4.061,-10.034,-4.662,-6.855,-8.156,-4.822,-9.561,-8.499,-10.953,-8.343,-13.114,-4.061,-8.18685
84,-0.682,-15.799,-10.478,-13.59,-5.285,-10.049,-11.77,-8.869,-17.748,-7.565,-12.866,-8.17,-8.298,-13.721,-5.707,-10.024,-9.01,-6.921,-13.525,-9.967,-12.485,-10.333,-17.748,-5.285,-10.31905
85,-1.645,-21.773,-15.17,-15.841,-11.197,-15.444,-14.846,-14.941,-22.952,-13.14,-16.081,-12.401,-14.544,-15.46,-9.867,-14.935,-10.308,-12.24,-17.222,-15.087,-16.255,-14.839,-22.952,-9.867,-14.6385
86,0.956,-1.911,-1.162,-0.542,0.156,-2.726,1.322,1.746,-0.215,1.826,1.232,0.671,-1.409,-0.753,0.351,-2.148,3.785,1.567,-0.994,-0.829,0.556,-0.958,-2.726,3.785,0.0738
87,-0.782,-10.464,-4.595,-9.592,-6.351,-7.492,-7.449,-10.127,-8.569,-7.782,-6.483,-6.893,-10.664,-11.165,-5.589,-8.629,-4.111,-6.583,-11.222,-7.669,-5.467,-8.146,-11.222,-4.111,-7.7289
88,0.131,-7.445,-3.136,-3.782,-6.506,-6.227,-5.278,-5.987,-3.679,-4.598,-3.824,-3.108,-5.698,-8.734,-4.14,-4.152,-3.169,-3.802,-5.08,-3.326,-4.032,-4.388,-8.734,-3.108,-4.6323
89,1.465,4.362,10.583,10.053,6.199,3.039,7.659,5.282,6.988,6.766,10.201,7.439,6.869,3.685,8.005,7.707,7.001,9.592,8.808,6.78,6.139,7.067,3.039,10.583,7.2931
90,0.566,1.421,9.421,6.971,-1.111,-1.087,2.411,3.62,5.519,5.398,2.826,4.955,7.882,-0.708,4.933,5.221,1.106,7.037,1.488,3.503,-0.143,2.457,-1.111,9.421,3.58495
91,1,2.111,10.907,11.352,2.645,3.111,5.882,6.492,10.521,7.873,6.215,7.454,8.704,0.249,7.199,8.515,4.585,10.252,6.314,8.196,4.356,5.831,0.249,11.352,6.83265
92,-0.101,-2.922,1.563,6.095,-1.994,-3.353,-1.101,-2.65,6.096,1.067,2.223,2.531,4.72,-5.177,0.594,2.599,-2.649,1.007,-0.5,0.596,-1.717,-0.315,-5.177,6.096,0.48175
93,-0.114,-3.015,0.011,3.264,-3.766,-3.784,-4.253,-4.325,1.518,1.373,0.406,0.796,4.53,-3.997,-3.525,-0.36,-4.137,-2.471,-3.532,-2.843,-2.085,-0.563,-4.325,4.53,-1.38715
94,0.633,-0.911,4.27,7.321,-1.438,-0.637,-0.332,2.108,3.354,9.474,1.312,1.766,8.129,0.273,-0.722,0.694,1.031,-0.055,-1.345,0.629,0.413,2.464,-1.438,9.474,1.93545
95,1.568,5.626,12.351,13.07,8.635,8.209,10.683,12.087,13.579,13.043,13.419,10.173,13.079,12.538,10.119,12.246,7.693,10.09,9.354,9.824,10.606,10.891,7.693,13.579,11.08445
96,0.972,4.275,12.114,14.134,9.523,6.883,8.164,13.231,12.407,10.792,12.911,8.319,12.177,11.689,7.816,9.167,5.218,10.058,9.971,13.568,7.861,8.085,5.218,14.134,10.2044
97,0.87,3.766,11.919,15.056,7.135,7.082,9.425,15.596,12.54,10.525,13.88,7.968,13.008,9.813,7.731,11.138,4.276,9.736,12.245,14.185,6.953,4.536,4.276,15.596,10.23735
98,1.488,5.223,14.021,17.435,11.623,11.363,12.997,20.68,13.967,12.613,16.167,11.411,17.636,12.352,8.333,17.542,8.89,13.302,16.003,16.558,12.882,10.49,8.333,20.68,13.81325
99,2.05,11.566,17.809,23.357,17.198,17.077,17.855,23.807,18.37,17.086,22.986,17.566,23.062,16.177,10.638,24.491,17.451,18.365,19.892,22.238,18.104,13.916,10.638,24.491,18.87225
100,0.906,7.151,15.711,17.695,11.14,16.015,14.842,18.761,14.257,12.811,18.994,13.16,19.826,14.175,7.785,15.177,13.826,11.204,13.975,15.852,13.295,8.982,7.785,19.826,14.37415
101,1.142,7.249,14.959,16.815,10.229,14.184,11.842,18.095,14.5,12.049,20.993,11.394,21.491,14.477,8.009,18.078,15.751,11.375,14.401,16.424,13.657,8.354,8.009,21.491,14.35385
102,1.47,8.372,17.201,17.729,12.948,17.854,12.359,22.174,14.498,12.995,23.546,13.601,23.185,17.053,8.304,20.56,18.491,13.169,16.887,19.903,15.383,10.393,8.304,23.546,16.41165
103,2.528,17.449,24.3,25.283,21.469,26.316,23.07,28.513,22.081,21.189,27.613,22.451,27.518,22.641,13.509,27.256,24.791,23.938,23.993,25.826,24.932,18.859,13.509,28.513,23.7774
104,2.213,17.134,23.721,24.645,22.454,24.373,24.81,25.037,24.05,24.191,27.788,22.67,25.981,21.397,16.77,28.02,23.138,22.113,25.457,24.02,25.083,24.329,16.77,28.02,24.00235
105,3.275,26.654,30.054,29.773,29.136,29.279,31.794,32.339,33.653,33.371,32.4,30.265,32.338,28.345,26.561,32.946,29.606,33.9,32.815,29.121,32.241,30.903,26.561,33.9,31.042
106,2.789,25.754,30.491,30.744,28.97,28.45,32.345,29.781,31.006,30.927,32.234,27.622,30.285,23.845,23.566,32.001,27.795,32.71,30.333,29.157,31.672,31.668,23.566,32.71,29.7801
107,2.414,23.934,28.653,30.017,25.46,26.626,28.531,31.495,28.424,29.659,30.718,24.623,28.005,22.298,22.8,30.319,25.303,30.965,29.41,27.813,29.841,30.248,22.298,31.495,28.0604
108,3.173,26.102,31.785,34.061,29.658,30.155,33.565,30.197,34.009,33.712,33.865,30.39,31.594,27.138,25.719,32.663,29.116,35.68,36.338,32.568,32.979,34.469,25.719,36.338,31.98305
109,2.754,25.476,30.828,32.294,28.786,29.562,31.389,32.291,31.588,31.169,32.088,27.665,30.802,23.639,24.088,31.822,27.45,34.142,34.027,32.086,31.424,33.37,23.639,34.142,30.5255
110,2.402,23.863,28.762,29.348,25.617,27.868,28.493,29.316,28.405,29.388,30.663,24.845,27.903,22.234,22.768,30.278,25.144,31.049,30.999,30.276,29.725,30.299,22.234,31.049,28.169
111,3.198,26.219,31.93,35.232,30.07,31.769,33.654,35.026,34.124,33.823,33.989,30.681,31.66,27.351,25.981,32.753,29.308,34.995,36.89,34.29,33.143,34.581,25.981,36.89,32.5625
112,2.612,24.908,30.155,31.057,27.589,29.564,30.234,30.742,30.286,30.373,31.511,26.571,29.367,22.951,23.502,31.314,26.839,31.989,32.823,31.477,30.846,32.34,22.951,32.823,29.5765
113,2.916,25.191,31.403,34.019,29.072,31.298,32.514,36.813,32.718,32.244,32.715,28.942,31.581,25.181,24.967,32.018,27.605,33.178,35.227,33.782,31.803,33.632,24.967,36.813,31.5356
114,4.487,41.589,41.623,44.56,42.556,44.755,44.847,43.986,45.141,44.133,46.746,41.988,45.369,41.023,42.265,42.586,40.947,48.684,44.295,42.75,46.985,41.352,40.947,48.684,43.82955
115,3.155,35.935,33.028,36.16,34.034,38.566,38.03,37.066,36.412,35.881,36.698,38.311,34.768,36.129,36.064,36.025,33.741,45.83,41.181,35.07,38.226,37.099,33.028,45.83,36.91595
116,2.547,31.49,30.324,30.691,26.231,31.543,29.628,33.02,29.237,29.543,32.107,33.467,29.997,29.067,29.766,31.514,28.856,40.18,33.075,31.055,32.594,31.747,26.231,40.18,31.1821
117,2.978,32.166,31.738,34.652,28.077,31.861,32.809,35.21,32.797,32.421,33.038,32.292,32.584,29.998,30.188,33.073,29.841,40.52,35.971,34.109,32.131,33.885,28.077,40.52,32.85975
118,4.555,42.419,42.333,45.246,43.551,45.527,45.921,45.377,46.136,45.261,47.35,43.229,44.563,44.366,43.028,42.608,41.891,52.871,44.758,43.451,47.832,41.954,41.891,52.871,44.86265
119,3.068,35.699,32.706,36.456,32.693,38.107,37.919,37.493,36.276,35.668,36.142,38.555,33.549,38.624,36.2,35.637,33.408,47.41,39.825,35.061,37.642,36.688,32.693,47.41,36.80295
120,3.319,35.839,32.795,36.472,32.815,37.273,35.301,40.806,35.657,35.058,36.04,37.522,35.543,40.311,34.608,36.223,32.643,45.208,39.125,35.872,37.961,36.936,32.643,45.208,36.70845
121,3.279,35.839,32.639,36.145,32.85,34.932,34.772,38.655,34.695,33.461,35.738,36.797,34.242,40.748,33.662,35.58,31.837,43.401,37.992,35.879,34.68,36.853,31.837,43.401,35.7779
122,4.054,39.134,36.604,40.061,37.448,37.624,38.747,43.819,39.224,38.026,38.084,38.952,38.138,43.882,37.725,37.967,36.29,49.812,41.788,39.075,40.132,39.173,36.29,49.812,39.62855
123,3.563,38.213,33.321,36.829,34.751,35.134,37.479,42.274,36.512,34.921,37.034,38.303,36.744,43.164,35.521,36.743,33.782,50.825,41.813,37.514,36.116,38.336,33.321,50.825,37.8558
124,2.423,30.799,29.714,29.273,25.776,28.747,28.657,34.383,28.505,28.956,29.464,31.333,27.403,31.392,26.946,30.298,27.733,39.492,32.416,30.687,30.002,30.682,25.776,39.492,30.09295
125,3.211,33.112,32.238,35.83,28.994,32.357,33.708,36.571,34.148,33.777,31.093,32.574,32.644,36.493,31.403,34.31,30.257,41.853,37.815,35.032,33.203,34.719,28.994,41.853,33.95095
126,3.236,33.247,32.509,35.847,32.095,33.085,34.399,36.979,34.443,33.619,34.124,32.416,34.376,36.237,33.886,34.225,30.241,42.01,37.297,35.331,33.367,36.462,30.241,42.01,34.6474
127,5.48,53.823,52.735,56.182,54.25,55.571,56.71,58.223,55.224,59.458,58.432,54.36,58.269,54.377,50.879,52.633,54.225,56.787,55.299,55.288,58.133,55.151,50.879,59.458,55.6093
128,5.115,53.37,48.945,58.088,53.428,54.612,52.81,54.201,54.715,58.741,54.566,53.222,54.439,54.002,52.174,52.424,52.082,57.526,54.827,55.846,54.816,55.336,48.945,58.741,54.34
129,4.952,52.75,55.021,60.265,52.647,54.3,55.962,55.854,55.405,54.727,56.417,50.926,57.428,50.372,53.781,51.137,51.189,58.135,55.91,57.277,56.397,52.063,50.372,60.265,54.76065
130,3.92,46.577,51.306,55.847,47.938,46.108,52.924,51.043,48.146,48.95,48.07,47.457,58.099,45.64,48.006,47.384,44.969,54.421,47.364,47.822,52.877,46.817,44.969,58.099,49.5594
131,3.666,44.701,49.417,52.507,43.146,40.941,48.325,49.016,43.694,46.718,43.92,41.783,55.298,43.782,42.801,43.099,42.466,51.746,43.976,45.06,49.85,44.717,40.941,55.298,46.1131
132,4.029,45.146,51.01,50.265,44.972,40.66,48.007,47.809,44.357,45.427,46.103,41.207,57.752,45.034,42.469,43.686,42.92,52.618,44.968,46.218,52.179,45.308,40.66,57.752,46.64845
133,3.536,43.692,47.449,45.55,42.363,37.645,44.307,45.814,41.872,43.138,44.018,39.604,53.97,43.047,39.846,41.821,41.067,50.517,44.826,42.693,47.9,42.579,37.645,53.97,44.0013
134,7.134,74.193,77.609,74.925,74.919,74.102,77.459,74.142,75.012,74.39,75.847,74.202,78.998,73.415,68.344,73.481,73.351,74.99,73.352,72.253,76.583,85.711,68.344,85.711,75.15425
135,2.437,38.762,40.545,36.962,36.483,38.408,43.365,39.286,39.364,36.192,41.195,37.848,39.606,38.039,35.987,39.762,39.143,43.015,38.394,37.628,39.231,44.491,35.987,44.491,39.2472
136,5.289,56.487,50.512,58.308,55.853,54.302,58.837,58.296,53.621,55.515,54.002,56.001,60.404,57.062,51.028,56.241,56.628,59.689,56.98,56.074,55.964,56.468,50.512,60.404,56.08925
137,3.48,47.404,41.316,52.007,42.855,45.779,53.437,48.56,43.396,45.871,47.533,43.248,53.666,46.136,43.214,43.615,47.794,53.856,48.436,47.581,49.207,46.281,41.316,53.856,47.1894
138,4.697,52.281,44.647,56.418,49.168,50.152,55.697,53.156,46.867,47.511,50.448,49.382,55.359,52.715,47.981,48.771,54.497,56.329,51.515,52.636,53.554,48.444,44.647,56.418,51.26235
139,3.847,49.623,41.522,54.537,45.176,46.92,52.287,48.897,45.092,45.116,46.595,42.789,55.269,49.303,43.783,48.478,51.086,53.091,46.583,49.011,51.61,45.06,41.522,55.269,48.11025
140,3.688,48.71,36.284,50.59,44.245,45.927,48.393,47.842,43.698,43.6,46.229,41.151,55.11,49.171,41.971,44.146,49.565,51.488,44.665,47.674,49.719,43.706,36.284,55.11,46.2587
141,3.752,48.71,34.218,47.083,44.548,42.82,46.326,44.294,42.461,42.996,46.456,40.104,54.07,49.586,40.888,43.14,48.677,49.833,44.883,47.999,49.725,42.813,34.218,54.07,45.146
142,6.672,69.536,67.948,68.32,70.079,69.041,71.053,70.446,68.483,67.629,70.829,68.415,70.338,70.911,61.953,68.494,69.685,69.359,68.244,69.41,70.679,74.39,61.953,74.39,69.2853
143,4.805,60.005,51.966,61.819,60.833,54.509,62.888,62.035,57.947,59.286,62.819,56.906,68.738,62.534,57.983,57.45,57.326,63.372,62.138,59.489,60.75,60.709,51.966,68.738,60.07485
144,4.191,55.024,53.004,58.434,56.531,52.495,58.294,55.275,53.173,52.804,60.845,52.27,61.324,60.008,52.524,51.826,52.932,59.633,60.828,57.241,58.559,52.102,51.826,61.324,56.0051
145,5.527,60.704,57.947,66.733,61.519,61.805,64.825,60.952,59.71,60.804,67.981,56.15,69.242,65.705,58.255,60.207,59.682,64.192,69.199,62.999,65.294,55.844,55.844,69.242,62.45225
146,4.994,59.608,55.86,65.614,61.516,60.582,62.141,58.382,62.404,61.543,65.406,52.545,68.559,68.213,57.463,58.317,57.092,63.904,69.73,61.788,64.46,54.284,52.545,69.73,61.49015
147,5.712,61.991,58.703,70.275,63.586,63.754,67.455,63.011,68.314,68.65,69.618,57.733,72.319,72.066,59.958,64.127,61.529,66.675,72.101,64.657,69.935,57.868,57.733,72.319,65.6167
148,3.173,45.894,45.313,52.769,43.875,44.185,51.727,47.046,51.879,52.535,52.218,44.278,54.395,54.027,42.293,48.38,45.857,51.456,51.201,49.761,54.714,43.692,42.293,54.714,49.08005
149,5.304,57.502,52.974,66.519,57.645,54.717,62.185,57.871,63.072,63.026,66.2,55.879,67.195,63.621,54.132,52.953,57.569,61.458,64.764,58.581,64.978,56.719,52.953,67.195,60.1029
150,5.772,61.403,60.58,71.56,62.98,59.13,68.484,65.362,70.538,69.995,68.923,58.643,72.186,69.529,60.698,56.974,61.958,66.53,70.447,65.381,72.118,59.706,56.974,72.186,65.5861
151,3.334,47.256,48.62,54.628,45.212,45.615,52.633,52.147,53.796,55.25,54.055,46.181,56.054,55.69,43.236,42.153,46.83,53,50.853,52.085,57.319,45.744,42.153,57.319,50.55505
152,5.436,58.643,58.013,67.822,59.142,55.716,62.997,65.298,65.126,63.868,66.994,57.764,67.854,64.676,56.18,53.569,58.684,62.158,62.732,60.21,65.973,58.392,53.569,67.854,61.6584
153,6.674,69.555,67.306,75.613,69.042,70.997,72.257,75.548,76.487,75.987,75.745,69.976,76.963,75.129,69.32,66.354,69.492,71.216,70.567,68.981,77.606,70.805,66.354,77.606,72.26955
154,4.949,61.103,56.346,69.528,62.887,61.837,65.162,68.216,69.25,69.176,67.631,58.51,68.753,68.65,60.514,60.774,58.263,65.434,69.305,61.57,66.817,62.027,56.346,69.528,64.5325
155,5.769,63.588,59.291,70.855,64.334,63.761,68.363,70.873,73.278,72.167,73.369,65.244,72.538,71.824,61.449,68.636,62.096,67.942,72.193,67.898,73.524,69.313,59.291,73.524,68.4474
156,5.599,63.588,58.935,72.2,64.077,62.462,68.383,71.317,72.909,71.872,72.506,67.675,72.159,71.821,60.528,70.411,61.594,68.068,73.261,68.846,73.024,69.429,58.935,73.261,68.57385
157,4.198,55.086,52.873,62.988,58.332,53.776,58.686,63.178,63.706,63.344,62.881,60.88,62.976,61.678,54.694,61.702,52.051,61.28,62.96,61.494,62.596,60.071,52.051,63.706,60.1073
158,4.919,57.065,55.629,65.322,61.143,56.349,62.705,65.291,65.55,66.056,63.144,59.067,68.436,66.287,55.192,64.792,55.564,63.636,64.134,63.865,66.167,62.648,55.192,68.436,62.54885
159,3.283,46.931,43.854,55.071,44.545,42.199,53.078,53.642,54.44,53.422,53.744,47.733,55.563,54.584,40.265,51.692,45.565,52.14,50.519,50.379,52.409,51.363,40.265,55.563,50.31035
160,4.367,50.967,43.364,58.356,50.104,43.067,54.82,61.683,60.034,57.856,60.777,49.443,62.867,60.676,42.162,47.982,51.163,55.131,57.099,56.953,59.228,50.596,42.162,62.867,54.16805
161,5.049,55.688,50.1,65.297,54.415,50.984,56.516,65.88,64.418,62.467,64.854,53.435,66.81,64.882,51.132,53.999,55.394,57.783,58.889,57.954,62.627,53.543,50.1,66.81,58.56895
162,5.468,58.976,57.691,69.207,60.795,57.911,61.139,69.593,70.838,68.348,66.366,55.684,71.021,70.488,56.833,57.232,58.816,61.635,61.467,63.201,66.814,55.266,55.266,71.021,63.01725
163,4.728,56.906,54.588,65.745,61.108,54.681,59.366,66.533,67.598,66.936,63.258,51.272,67.122,65.09,55.615,55.054,55.266,60.347,58.933,62.283,66.586,52.779,51.272,67.598,60.508
164,5.38,58.532,57.2,68.272,63.206,59.048,64.685,68.383,71.104,70.327,66.118,55.337,70.721,69.717,57.437,59.529,58.435,63.762,61.639,64.541,72.37,54.535,54.535,72.37,63.8183
165,3.51,48.735,47.099,56.498,48.498,49.176,55.111,55.174,56.246,56.756,55.799,46.663,57.587,57.218,43.89,45.509,47.806,54.452,45.512,55.55,59.003,44.335,43.89,59.003,51.8941
166,4.461,51.97,49.831,60.027,50.672,48.854,57.107,62.514,61.338,59.601,62.186,48.911,64.855,61.382,46.615,46.877,52.794,55.892,49.064,57.035,61.681,46.572,46.572,64.855,55.1904
167,4.529,52.369,51.521,62.045,50.395,53.152,55.265,62.951,62.622,61.241,62.345,50.372,64.964,62.175,47.437,50.359,53.319,56.133,50.614,55.07,61.576,48.156,47.437,64.964,56.0856
168,6.304,66.157,65.129,72.224,67.917,63.512,66.784,73.598,74.458,74.005,72.438,66.01,74.466,69.218,64.539,64.058,65.686,67.379,65.158,68.45,72.91,65.941,63.512,74.466,68.694
169,4.181,54.613,50.52,63.084,57.037,51.79,58.365,62.496,63.627,62.19,61.755,53.707,62.845,60.517,53.99,55.481,51.908,59.692,56.049,57.935,62.359,53.952,50.52,63.627,57.96495
170,3.835,51.754,51.458,56.834,51.352,45.266,56.995,60.889,57.701,60.165,58.857,49.359,60.221,57.553,48.345,48.878,49.749,55.704,54.102,53.806,57.961,49.224,45.266,60.889,54.22095
171,4.313,52.62,52.856,56.826,49.92,44.323,55.374,61.633,60.432,60.308,61.727,49.328,64.553,60.801,49.368,49.977,51.938,55.394,53.647,53.796,59.38,49.305,44.323,64.553,55.0443
172,2.365,38.027,36.075,40.701,31.11,31.019,36.889,43.491,42.826,40.882,42.336,36.471,40.033,40.766,31.735,37.763,34.218,43.09,36.222,36.601,39.834,36.989,31.019,43.491,37.95255
173,4.519,49.828,42.175,46.84,45.189,42.82,46.436,54.355,51.929,49.464,51.127,44.981,58.897,49.353,43.311,46.843,43.471,54.781,50.131,48.543,51.486,44.636,42.175,58.897,48.3384
174,3.332,45.141,38.223,41.615,38.723,42.033,42.72,44.667,42.605,41.365,44.809,41.896,44.239,44.382,41.648,45.604,39.019,49.39,42.015,41.437,45.804,40.364,38.223,49.39,42.6279
175,0.404,16.925,13.027,17.17,13.159,15.942,18.457,16.39,16.711,11.136,17.156,16.473,15.114,16.406,14.338,16.484,17.294,16.472,18.294,14.416,16.938,16.309,11.136,18.457,15.8843
176,3.793,39.528,33.732,43.025,34.776,37.549,38.237,37.989,38.57,38,39.592,41.037,42.283,38.852,39.45,38.167,36.676,47.263,40.933,44.037,38.981,41.099,33.732,47.263,39.5124
177,3.195,38.169,33.873,35.481,32.318,37.461,37.884,33.535,34.721,32.802,37.882,39.567,34.735,34.54,35.574,34.504,34.541,42.823,38.818,38.144,34.492,39.157,32.318,42.823,36.1426
178,0.483,17.656,12.918,12.783,12.077,14.24,15.748,11.739,17.131,13.435,14.34,16.473,11.617,15.888,13.332,15.676,16.337,14.453,16.669,16.525,15.299,17.252,11.617,17.252,14.6966
179,3.529,37.118,31.635,33.278,32.019,30.314,35.238,30.663,37.029,30.883,38.187,36.457,34.306,33.442,29.626,33.339,34.698,39.965,37.741,41.607,36.292,36.927,29.626,41.607,34.6823
180,6.556,67.784,68.976,66.948,71.967,67.074,67.362,68.005,68.486,66.212,73.236,65.927,68.513,67.708,67.327,68.253,66.709,70.367,67.794,70.027,69.133,71.308,65.927,73.236,68.5666
181,4.531,57.019,54.282,55.893,57.224,54.161,55.601,59.422,53.813,54.54,56.465,57.917,57.622,56.422,53.69,54.309,54.038,57.379,55.678,58.063,54.189,55.675,53.69,59.422,55.81915
182,4.621,57.019,55.264,60.917,54.708,53.403,56.2,60.919,54.477,53.606,55.084,56.13,55.101,53.605,54.003,54.709,53.888,58.276,55.476,58.573,54.75,53.568,53.403,60.919,55.63285
183,0.62,19.282,16.479,19.406,18.37,16.401,19.881,19.217,16.115,20.404,19.216,17.047,14.411,20.587,15.461,21.531,18.794,16.025,19.752,17.462,19.17,20.631,14.411,21.531,18.318
184,4.162,43.324,40.395,43.21,42.638,43.989,49.845,46.958,41.541,44.229,42.472,43.324,46.466,46.13,40.14,46.354,39.602,52.295,45.975,47.478,42.143,44.113,39.602,52.295,44.46485
185,3.407,41.18,34.224,37.69,37.466,39.84,46.238,42.747,37.441,37.588,40.01,44.399,38.615,43.564,37.976,45.002,36.088,49.369,43.261,44.675,36.536,40.939,34.224,49.369,40.6834
186,4.069,42.859,36.505,40.398,40.463,41.094,46.402,47.068,37.871,38.557,42.085,46.577,41.916,49.254,36.74,44.189,38.356,51.754,43.622,48.05,39.887,41.423,36.505,51.754,42.61055
187,3.755,42.546,33.926,37.636,38.915,38.306,45.437,44.225,36.541,36.721,41.664,45.077,41.881,50.478,35.253,43.636,36.763,51.775,44.394,49.458,36.863,40.707,33.926,51.775,41.4828
188,0.087,13.346,9.614,10.345,10.485,9.522,13.613,11.052,14.975,8.825,11.989,13.036,10.312,13.902,8.035,12.729,11.852,10.623,12.8,11.918,14.332,13.074,8.035,14.975,11.65165
189,2.619,28.287,25.442,25.958,24.242,23.882,28.508,26.888,30.392,24.393,30.531,25.56,25.323,27.27,21.079,28.556,28.411,31.391,26.5,31.094,28.764,26.865,21.079,31.391,27.05245
190,1.079,21.19,16.857,19.667,15.599,20.819,16.861,18.663,20.229,19.584,22.773,18.826,19.427,21.858,15.536,18.032,22.112,24.962,18.047,23.836,23.125,21.926,15.536,24.962,19.93695
191,2.386,26.673,22.409,27.938,23.405,25.889,25.863,23.359,28.728,25.582,29.951,26.63,26.282,25.469,18.57,26.694,27.016,28.426,23.206,28.426,26.644,28.406,18.57,29.951,25.94465
192,0.582,17.427,12.127,10.517,13.369,10.937,13.033,14.513,15.05,12.462,16.489,13.978,14.126,18.701,7.782,12.338,16.992,14.812,12.476,17.935,14.291,18.981,7.782,18.981,14.04545
193,4.89,49.863,43.945,49.477,50.674,51.747,48.788,49.109,53.151,51.247,50.35,50.016,52.123,50.62,48.171,51.453,48.542,56.899,48.753,51.849,49.264,51.2,43.945,56.899,50.3689
194,0.434,16.882,13.365,13.595,15.217,11.844,14.587,16.2,15.917,16.813,13.077,15.565,13.286,15.94,14.152,14.694,17.438,16.023,16.281,18.759,14.945,17.632,11.844,18.759,15.2665
195,0.24,14.914,13.3,14.104,12.501,12.624,12.685,13.478,14.712,9.554,14.358,14.196,12.729,12.937,8.442,12.295,13.61,10.287,10.92,16.178,14.011,15.289,8.442,16.178,12.9105
196,2.072,24.173,20.396,22.982,20.384,21.813,24.109,23.362,25.834,19.677,23.43,21.769,25.724,19.819,15.76,25.009,24.549,19.552,21.042,25.426,23.473,22.133,15.76,25.834,22.31215
197,-0.348,8.377,6.477,4.121,6.187,5.693,8.682,6.371,7.391,6.092,9.418,7.83,8.566,4.371,0.126,10.203,7.63,-0.242,6.792,11.072,7.784,9.695,-0.242,11.072,6.71295
198,0.839,13.06,14.348,14.242,11.228,13.245,11.139,12.731,9.687,10.35,12.894,11.736,13.851,13.036,5.426,16.956,13.227,5.062,7.584,16.157,12.076,13.416,5.062,16.956,11.91955
199,-0.091,9.948,7.224,8.885,3.754,6.339,5.598,4.54,6.532,5.374,4.354,7.476,10.064,6.376,-0.422,14.275,8.99,-0.038,5.72,14.695,5.64,5.752,-0.422,14.695,6.5564
200,4.271,43.019,40.702,44.135,39.265,43.544,37.764,41.334,41.396,42.378,43.444,41.901,46.721,39.724,41.22,41.754,41.661,43.605,42.687,45.019,42.784,42.933,37.764,46.721,42.19855
201,2.9,37.104,32.717,36.77,30.953,40.509,35.182,32.364,33.353,33.391,35.95,36.559,35.25,36.308,32.295,33.917,34.549,37.351,35.841,37.581,34.134,38.712,30.953,40.509,35.1843
202,1.092,22.342,18.137,20.183,13.44,20.456,19.765,20.925,23.179,21.708,20.6,21.405,23.11,21.815,19.671,21.957,22.107,25.332,21.201,22.532,22.015,22.139,13.44,25.332,21.08385
203,0.302,14.861,13.679,13.711,11.66,13.404,17.322,15.084,16.483,13.047,15.201,12.992,15.253,15.886,7.398,16.734,13.505,11.095,15.154,16.951,14.461,17.929,7.398,17.929,14.34745
204,2.843,29.882,28.209,29.598,25.936,28.111,27.856,27.923,32.246,27.582,28.89,24.233,31.219,27.781,23.471,28.949,30.185,27.584,28.944,32.876,30.641,29.669,23.471,32.876,28.59515
205,1.648,25.148,22.677,22.272,21.876,21.239,22.786,21.674,24.267,23.667,26.789,22.205,25.344,23.696,20.491,24.416,25.359,23.109,23.723,27.321,26.313,25.784,20.491,27.321,23.7504
206,1.709,25.148,22.422,23.959,22.21,22.132,24.068,22.456,24.522,24.092,27.331,22.198,24.372,24.197,18.191,25.26,24.388,23.68,23.82,26.716,25.661,25.77,18.191,27.331,23.87225
207,0.536,16.83,11.724,14.314,11.693,11.613,15.767,15.047,17.87,14.362,14.166,14.529,14.471,18.226,6.988,13.635,16.451,11.66,12.05,15.853,16.069,19.847,6.988,19.847,14.31675
208,-2.913,-22.199,-23.907,-23.674,-22.651,-26.238,-23.032,-25.381,-22.214,-23.936,-22.693,-22.16,-23.244,-22,-24.687,-24.111,-21.039,-22.941,-22.926,-24.242,-23.522,-22.665,-26.238,-21.039,-23.36315
209,0.113,-2.919,-5.667,-5.026,-3.889,-0.979,-3.422,-6.096,-2.061,-1.705,-2.579,-5.087,-1.947,-4.214,-4.489,-3.254,-4.574,-1.07,-0.496,-6.442,-5.635,-5.666,-6.442,-0.496,-3.7149
210,-0.853,-6.237,-9.503,-6.891,-5.393,-7.274,-6.247,-14.997,-8.409,-6.075,-6.068,-7.644,-8.936,-14.803,-11.863,-6.219,-10.814,-7.3,-7.088,-8.963,-6.335,-4.7,-14.997,-4.7,-8.2761
211,1.377,9.12,7.632,10.1,6.475,9.712,7.15,4.137,5.427,6.323,9.063,6.088,4.632,3.504,5.591,6.388,6.243,7.079,11.638,4.896,4.701,6.192,3.504,11.638,6.64855
212,1.984,15.295,10.127,15.347,16.062,16.229,17.484,12.51,15.395,11.565,15.524,13.541,11.063,8.904,11.136,15.742,16.957,16.617,14.999,12.925,10.626,12.513,8.904,17.484,13.7633
213,-1.481,-8.032,-13.094,-5.703,-6.755,-6.518,-5.568,-11.297,-8.304,-6.815,-8.076,-8.503,-7.968,-9.524,-11.801,-6.373,-4.668,-12.774,-7.817,-13.029,-10.016,-12.189,-13.094,-4.668,-8.8396
214,0.646,3.55,-1.656,7.453,1.369,4.848,3.188,0.472,3.895,1.787,2.231,2.313,-0.287,1.839,0.289,4.092,6.861,0.699,1.715,0.33,0.636,1.425,-1.656,7.453,2.17495
215,3.056,26.667,24.54,24.611,27.77,27.614,26.59,26.305,25.874,25.844,25.475,27.304,25.72,25.876,22.659,24.525,29.11,27.821,27.722,24.99,26.778,26.887,22.659,29.11,26.20075
216,-1.877,-11.187,-15.073,-9.857,-10.012,-12.327,-12.123,-11.289,-12.109,-13.584,-11.293,-9.823,-12.763,-9.258,-14.083,-12.346,-8.481,-15.685,-11.658,-13.892,-11.588,-10.729,-15.685,-8.481,-11.89865
217,2.698,22.994,22.018,22.533,23.985,22.892,24.323,22.132,24.104,22.564,23.768,27.352,20.135,20.386,22.573,21.858,27.081,19.346,22.848,23.384,28.984,24.336,19.346,28.984,23.3301
218,-2.496,-17.7,-23.436,-23.626,-22.417,-23.299,-23.064,-19.382,-17.708,-18.805,-17.064,-16.8,-19.963,-13.089,-21.091,-21.134,-16.505,-21.595,-20.19,-19.897,-19.603,-18.249,-23.626,-13.089,-19.84585
219,-0.869,-9.972,-14.623,-10.161,-13.214,-8.134,-13.371,-12.989,-5.384,-8.642,-5.318,-6.434,-8.021,-9.589,-9.578,-12.906,-7.039,-12.748,-11.172,-11.589,-7.916,-5.431,-14.623,-5.318,-9.71295
220,-1.06,-9.972,-15.149,-13.332,-14.005,-10.84,-14.552,-14.231,-8.441,-11.689,-7.553,-12.416,-10.941,-9.356,-9.206,-14.152,-11.152,-14.615,-14.186,-14.702,-7.823,-7.368,-15.149,-7.368,-11.78545
221,-1.138,-10.161,-15.196,-15.004,-14.231,-9.484,-14.282,-15.038,-8.089,-14.086,-10.755,-12.996,-13.631,-9.606,-8.294,-14.978,-11.452,-15.983,-14.75,-15.181,-8.056,-9.793,-15.983,-8.056,-12.54425
222,-2.958,-22.751,-29.604,-28.925,-27.312,-21.613,-30.324,-32.602,-25.435,-30.333,-27.851,-32.084,-30.256,-25.844,-23.879,-22.695,-29.295,-34.516,-31.21,-31.273,-26.562,-26.163,-34.516,-21.613,-28.3888
223,-2.586,-22.28,-32.08,-34.536,-31.932,-21.701,-29.066,-33.484,-25.847,-29.519,-28.818,-31.085,-29.158,-25.002,-31.314,-27.394,-29.227,-34.599,-34.834,-32.591,-29.488,-29.664,-34.834,-21.701,-30.06695
224,-2.86,-22.481,-36.015,-36.374,-35.06,-32.324,-31.076,-36.017,-35.131,-32.599,-35.401,-33.803,-29.817,-29.571,-36.311,-33.95,-35.784,-36.955,-35.89,-37.181,-35.278,-35.415,-37.181,-29.571,-34.4976
225,-0.99,-12.431,-21.651,-24.702,-20.549,-20.611,-21.872,-24.59,-21.18,-19.785,-23.93,-21.166,-19.836,-20.683,-22.321,-23.626,-18.993,-22.567,-23.471,-24.778,-23.905,-23.398,-24.778,-18.993,-22.1807
226,-1.102,-12.431,-18.949,-20.88,-19.298,-21.394,-20.582,-19.472,-20.813,-17.479,-20.168,-19.803,-17.466,-17.763,-19.456,-20.892,-17.6,-21.763,-20.192,-21.233,-19.306,-20.393,-21.763,-17.466,-19.7451
227,2.573,21.399,15.198,18.006,20.867,14.35,20.597,23.48,18.534,18.461,17.843,22.599,18.049,16.466,17.953,17.679,22.65,22.024,16.824,21.2,18.028,21.351,14.35,23.48,19.10795
228,2.118,20.626,16.953,20.71,24.036,17.096,21.201,22.284,19.868,22.025,20.646,17.579,22.391,16.996,17.208,20.429,21.148,18.945,20.333,23.296,15.853,23.918,15.853,24.036,20.14575
229,-3.639,-31.141,-33.677,-33.139,-30.822,-28.634,-32.556,-34.88,-32.66,-34.445,-31.945,-32.454,-33.128,-33.075,-30.806,-35.496,-30.444,-33.32,-31.022,-34.558,-36.173,-31.209,-36.173,-28.634,-32.72215
230,-1.248,-17.395,-12.227,-18.706,-18.653,-14.132,-15.819,-18.248,-14.194,-19.45,-17.142,-16.346,-17.559,-21.746,-20.944,-20.36,-18.786,-18.16,-16.956,-15.772,-20.311,-15.622,-21.746,-12.227,-17.55665
231,0.657,0.235,-2.44,-3.893,0.062,-2.99,-1.262,-2.491,-6.245,0.165,-2.449,-2.754,-4.674,-2.282,-1.666,-6.618,-0.035,-2.473,-1.888,-2.881,-1.985,-4.898,-6.618,0.165,-2.68485
232,-2.354,-18.899,-21.971,-20.573,-16.708,-17.292,-18.249,-17.691,-19.216,-16.146,-22.148,-18.432,-18.797,-23.116,-20.325,-16.311,-20.614,-21.046,-21.05,-18.905,-18.889,-16.797,-23.116,-16.146,-19.2138
233,-2.763,-22.662,-28.955,-29.434,-26.546,-21.716,-25.671,-22.482,-27.681,-27.664,-30.176,-29.903,-28.598,-32.827,-28.509,-20.672,-28.517,-30.565,-32.189,-29.906,-29.857,-27.503,-32.827,-20.672,-27.96855
234,-2.507,-22.507,-31.594,-32.842,-32.024,-27.462,-28.183,-29.771,-30.188,-27.821,-34.422,-30.255,-29.778,-35.233,-33.415,-23.287,-30.744,-32.476,-34.797,-32.594,-32.57,-33.07,-35.233,-23.287,-31.1263
235,-0.165,-7.159,-7.399,-10.845,-9.979,-10.363,-9.119,-11.437,-13.411,-12.4,-11.488,-10.284,-8.002,-10.543,-8.506,-12.163,-9.523,-8.191,-11.509,-9.081,-8.458,-8.203,-13.411,-7.399,-10.0452
236,-5.416,-53.032,-54.383,-53.062,-53.988,-52.252,-52.506,-53.572,-52.45,-52.139,-53.385,-53.889,-53.579,-56.602,-51.441,-50.881,-50.455,-53.607,-53.372,-55.836,-53.224,-55.654,-56.602,-50.455,-53.31385
237,-3.95,-46.458,-47.266,-47.257,-48.866,-46.468,-47.341,-48.572,-45.701,-47.822,-47.908,-46.233,-48.592,-48.442,-48.063,-48.689,-42.272,-47.175,-47.975,-48.803,-47.378,-49.162,-49.162,-42.272,-47.49925
238,-1.662,-26.963,-29.13,-27.174,-29.128,-29.552,-26.088,-31.639,-31.041,-28.241,-28.137,-27.06,-28.159,-32.271,-29.367,-29.63,-24.912,-28.821,-29.172,-28.273,-26.669,-28.508,-32.271,-24.912,-28.6486
239,-2.237,-28.23,-29.299,-29.161,-29.473,-30.302,-27.333,-31.449,-32.376,-28.529,-29.455,-29.242,-28.685,-35.598,-29.629,-28.397,-28.214,-29.038,-29.522,-28.253,-26.864,-30.816,-35.598,-26.864,-29.58175
240,-2.549,-29.833,-34.589,-32.943,-33.586,-34.202,-31.07,-33.666,-34.523,-28.405,-34.847,-32.888,-29.685,-36.238,-33.661,-32.721,-32.301,-33.99,-33.963,-33.845,-30.826,-34.722,-36.238,-28.405,-33.13355
241,-4.471,-44.309,-50.109,-46.711,-47.339,-48.869,-46.934,-47.123,-48.765,-45.405,-49.265,-46.986,-46.2,-45.661,-48.078,-49.883,-44.642,-49.382,-46.515,-45.941,-44.445,-46.588,-50.109,-44.445,-47.24205
242,-0.536,-15.724,-14.468,-18.017,-14.507,-19.524,-15.602,-18.029,-18.274,-13.927,-16.252,-17.95,-16.095,-16.662,-16.143,-19.083,-14.267,-18.169,-15.737,-16.8,-17.977,-16.369,-19.524,-13.927,-16.6926
243,2.858,21.997,21.707,21.348,23.41,17.655,19.054,23.777,25.632,21.201,20.64,24.893,21.072,19.706,21.693,21.01,20.879,22.275,21.887,22.088,18.376,26.107,17.655,26.107,21.7205
244,-2.412,-19.383,-21.324,-22.829,-21.437,-22.209,-19.282,-16.597,-18.02,-20.444,-18.566,-18.408,-18.769,-13.982,-23.758,-22.481,-21.565,-19.012,-17.839,-18.475,-17.547,-19.197,-23.758,-13.982,-19.58705
245,-4.296,-40.066,-42.516,-44.606,-40.411,-42.414,-43.284,-40.404,-43.3,-38.634,-40.116,-42.254,-40.381,-42.308,-41.529,-43.976,-40.291,-39.883,-41.711,-43.057,-42.175,-47.446,-47.446,-38.634,-42.0348
246,-1.533,-23.119,-24.427,-24.059,-25.991,-23.549,-28.551,-27.302,-23.672,-25.718,-24.629,-24.744,-25.879,-25.09,-26.987,-24.866,-23.777,-28.692,-23.227,-26.296,-28.897,-27.879,-28.897,-23.227,-25.7116
247,-5.498,-54.038,-55.878,-56.155,-56.997,-54.941,-55.481,-54.154,-54.303,-54.132,-54.376,-54.667,-55.138,-57.421,-57.387,-56.42,-54.544,-54.461,-55.197,-56.622,-55.949,-55.673,-57.421,-54.132,-55.4948
248,-6.207,-62.782,-60.928,-64.956,-63.009,-66.007,-64.332,-65.049,-64.621,-63.445,-67.587,-64.521,-63.935,-67.592,-64.832,-66.614,-59.406,-64.486,-62.949,-64.403,-63.534,-66.543,-67.592,-59.406,-64.43745
249,-3.936,-50.02,-57.136,-57.268,-49.027,-59.002,-54.434,-56.415,-53.024,-54.153,-53.972,-52.297,-50.22,-51.52,-55.988,-55.792,-49.156,-55.342,-53.035,-53.459,-52.892,-52.458,-59.002,-49.027,-53.8295
250,-11.855,-132.361,-130.835,-131.765,-128.176,-127.081,-125.673,-137.833,-126.397,-124.954,-127.77,-127.095,-137.962,-131.061,-126.693,-138.285,-126.493,-124.975,-128.974,-127.746,-125.285,-132.552,-138.285,-124.954,-129.38025
251,-7.639,-101.778,-92.585,-93.708,-107.203,-87.733,-90.435,-102.75,-103.027,-94.977,-84.355,-86.427,-80.921,-111.918,-79.389,-102.764,-93.673,-98.824,-100.206,-88.18,-82.024,-91.68,-111.918,-79.389,-93.63895
252,-5.289,-76.916,-71.101,-69.933,-73.795,-70.437,-66.397,-72.701,-69.769,-69.666,-69.049,-68.748,-69.479,-71.168,-69.96,-70.766,-69.545,-70.532,-70.86,-70.415,-69.479,-72.447,-73.795,-66.397,-70.31235
253,-8.371,-96.699,-94.643,-94.262,-96.138,-94.43,-93.284,-95.087,-94.465,-93.217,-92.766,-91.95,-94.084,-99.868,-96.069,-94.75,-94.231,-97.99,-89.645,-96.116,-90.946,-95.404,-99.868,-89.645,-94.46725
254,-7.471,-93.756,-77.668,-83.943,-87.02,-90.322,-82.868,-86.729,-84.166,-81.001,-87.846,-82.33,-82.484,-78.288,-81.808,-88.632,-82.204,-81.374,-86.937,-86.144,-79.367,-84.667,-90.322,-77.668,-83.7899
255,-5.743,-80.935,-73.243,-73.378,-73.837,-73.219,-69.422,-73.478,-71.469,-71.191,-72.08,-70.566,-71.876,-70.062,-71.296,-72.819,-70.059,-70.616,-72.033,-71.664,-70.479,-72.773,-73.837,-69.422,-71.778
256,-9.418,-106.638,-103.656,-100.198,-104.456,-100.824,-101.029,-104.846,-103.767,-102.085,-97.017,-101.39,-103.518,-110.583,-102.618,-101.934,-105.579,-107.887,-100.83,-104.113,-95.429,-101.002,-110.583,-95.429,-102.63805
257,-5.761,-81.5,-71.024,-75.05,-75.298,-77.268,-75.157,-76.98,-73.389,-72.291,-71.768,-71.782,-72.762,-74.174,-70.222,-73.634,-72.972,-74.311,-74.446,-73.165,-72.559,-72.953,-77.268,-70.222,-73.56025
258,-6.2,-82.207,-74.769,-73.116,-71.491,-72.942,-75.425,-73.952,-74.5,-73.63,-71.363,-70.842,-73.483,-72.784,-72.68,-73.201,-70.982,-73.979,-72.617,-71.792,-72.551,-75.267,-75.425,-70.842,-73.0683
259,-4.566,-68.756,-71.162,-65.946,-66.031,-67.352,-63.282,-60.475,-64.761,-65.24,-63.915,-63.552,-67.101,-63.823,-63.312,-64.011,-64.377,-67.368,-65.312,-67.823,-65.167,-67.811,-71.162,-60.475,-65.39105
260,-1.225,-28.783,-29.097,-31.788,-27.305,-26.275,-27.062,-26.726,-32.159,-27.289,-26.94,-25.281,-28.652,-27.195,-30.042,-27.29,-27.89,-30.473,-25.477,-29.899,-31.472,-30.008,-32.159,-25.281,-28.416
261,-4.212,-47.713,-49.283,-55.825,-47.484,-48.569,-40.685,-44.384,-46.946,-43.825,-46.532,-43.757,-47.612,-44.835,-43.494,-43.617,-46.224,-46.08,-48.259,-50.291,-44.814,-47.679,-55.825,-40.685,-46.50975
262,-4.706,-52.256,-51.06,-55.953,-54.8,-53.266,-48.744,-48.038,-50.233,-52.081,-49.749,-51.18,-53.702,-50.447,-51.826,-50.547,-48.296,-51.693,-55.171,-54.28,-48.672,-49.992,-55.953,-48.038,-51.4865
263,-4.507,-52.256,-52.008,-58.319,-55.615,-53.463,-47.593,-50.622,-50.211,-49.371,-49.748,-49.268,-52.84,-51.675,-55.79,-52.729,-47.284,-53.429,-51.755,-54.16,-50.414,-50.301,-58.319,-47.284,-51.82975
264,-4.156,-51.095,-53.499,-58.333,-55.758,-53.471,-47.54,-50.695,-50.351,-49.528,-49.467,-49.659,-52.609,-53.891,-54.778,-52.207,-46.264,-52.693,-51.248,-53.616,-49.251,-47.421,-58.333,-46.264,-51.61395
265,-7.919,-85.655,-84.41,-85.666,-85.223,-86.56,-84.439,-85.138,-85.209,-85.45,-82.162,-82.181,-85.32,-86.832,-87.178,-85.989,-82.766,-83.455,-84.795,-85.51,-81.93,-86.372,-87.178,-81.93,-84.82925
266,-5.24,-69.448,-69.162,-70.545,-69.159,-68.633,-68.523,-68.438,-63.46,-68.983,-69.011,-63.571,-67.244,-70.249,-66.336,-70.455,-66.011,-65.421,-64.97,-70.308,-65.307,-67.846,-70.545,-63.46,-67.6816
267,-3.994,-57.928,-62.243,-61.465,-63.144,-60.14,-59.97,-61.505,-59.467,-60.736,-61.927,-54.69,-63.174,-60.898,-59.711,-60.801,-57.508,-60.484,-57.82,-63.232,-61.034,-61.847,-63.232,-54.69,-60.5898
268,-9.053,-98.596,-98.651,-100.531,-98.823,-105.477,-99.788,-100.759,-103.069,-98.381,-97.327,-102.716,-101.97,-106.296,-105.746,-102.414,-97.599,-101.844,-99.991,-99.318,-99.796,-98.556,-106.296,-97.327,-100.9526
269,-2.362,-41.752,-43.481,-46.056,-42.105,-40.463,-40.117,-45.589,-44.927,-46.884,-38.955,-42.279,-43.987,-46.83,-40.964,-42.826,-43.796,-42.413,-39.428,-44.163,-41.056,-42.701,-46.884,-38.955,-42.951
270,-1.729,-34.593,-35.416,-33.695,-33.259,-29.62,-34.53,-37.624,-34.048,-35.42,-33.574,-34.1,-36.559,-34.64,-29.792,-33.058,-33.345,-30.427,-35.586,-38.052,-34.425,-34.858,-38.052,-29.62,-34.1014
271,-6.879,-74.71,-76.014,-74.404,-73.402,-72.608,-73.834,-76.065,-75.115,-77.012,-72.515,-73.946,-74.01,-76.175,-75.656,-72.726,-71.629,-79.735,-74.334,-73.989,-71.295,-76.274,-79.735,-71.295,-74.5369
272,-5.717,-70.184,-63.783,-71.156,-65.767,-66.82,-62.355,-66.565,-64.848,-67.654,-65.973,-64.089,-62.522,-71.8,-64.337,-68.1,-66.037,-70.624,-64.406,-66.445,-66.85,-67.459,-71.8,-62.355,-66.3795
273,-7.633,-82.751,-83.39,-85.537,-81.575,-77.32,-81.562,-85.817,-80.455,-86.018,-82.85,-75.045,-75.539,-82.681,-83.562,-86.301,-78.374,-90.504,-84.211,-79.91,-86.678,-82.328,-90.504,-75.045,-82.48285
274,-2.902,-46.975,-50.084,-49.923,-43.69,-44.376,-46.856,-45.692,-48.795,-50.155,-44.156,-43.617,-51.266,-47.52,-48.362,-50.641,-43.322,-48.838,-47.854,-44.494,-48.687,-49.235,-51.266,-43.322,-47.37815
275,-8.182,-88.785,-89.864,-92.912,-89.623,-88.097,-89.248,-93.169,-93.464,-92.619,-87.541,-86.82,-89.454,-98.719,-94.071,-93.808,-85.214,-91.676,-86.091,-92.753,-89.723,-94.308,-98.719,-85.214,-90.9587
276,-5.662,-73.939,-71.047,-74.701,-74.007,-73.322,-70.482,-73.73,-74.395,-72.991,-71.354,-70.651,-71.787,-71.034,-72.803,-73.704,-70.244,-73.754,-71.348,-74.465,-72.841,-73.333,-74.701,-70.244,-72.59965
277,-7.564,-83.742,-85.735,-84.862,-87.057,-82.072,-85.174,-83.767,-89.829,-85.921,-76.476,-85.51,-88.446,-86.699,-87.998,-89.31,-85.49,-89.156,-81.239,-78.476,-85.131,-88.508,-89.829,-76.476,-85.3428
278,-4.823,-66.452,-69.627,-65.957,-66.76,-68.817,-66.3,-62.98,-66.588,-67.707,-65.465,-65.175,-67.646,-66.805,-68.297,-66.876,-65.789,-69.707,-65.779,-68.634,-67.449,-68.4,-69.707,-62.98,-67.0379
279,-10.345,-113.89,-113.888,-115.626,-112.859,-110.651,-109.554,-118.704,-120.406,-112.211,-106.996,-115.152,-118.897,-124.887,-110.654,-110.453,-115.285,-120.971,-113.313,-113.029,-103.417,-110.539,-124.887,-103.417,-113.8746
280,-0.966,-25.593,-31.823,-25.242,-28.124,-25.92,-23.066,-26.45,-28.381,-29.3,-25.357,-23.805,-29.767,-29.503,-24.059,-24.514,-27.677,-30.437,-28.184,-27.939,-26.648,-22.336,-31.823,-22.336,-26.9266
281,-7.819,-84.251,-90.618,-90.375,-86.537,-85.483,-87.457,-87.148,-92.75,-88.027,-83.85,-90.098,-85.531,-91.052,-84.77,-83.879,-87.482,-89.226,-82.956,-87.826,-87.946,-84.913,-92.75,-82.956,-87.3962
282,-4.723,-64.329,-65.937,-66.234,-64.85,-62.742,-66.129,-65.976,-66.168,-67.231,-67.739,-64.526,-64.348,-68.767,-64.831,-66.488,-65.117,-67.204,-59.942,-67.468,-65.326,-60.153,-68.767,-59.942,-65.3588
283,-5.513,-66.657,-70.11,-71.558,-67.381,-67.665,-67.801,-68.258,-70.271,-69.486,-68.131,-64.375,-68.97,-69.371,-69.711,-69.18,-68.335,-69.742,-66.306,-67.728,-68.777,-61.976,-71.558,-61.976,-68.2566
284,-7.133,-78.238,-82.593,-82.935,-84.078,-87.428,-84.265,-81.397,-84.892,-81.609,-81.997,-75.376,-85.554,-79.857,-83.14,-85.625,-79.587,-84.339,-81.671,-80.758,-82.663,-71.423,-87.428,-71.423,-82.05935
285,-8.365,-90.453,-90.489,-92.563,-100.207,-95.577,-96.17,-94.194,-87.458,-93.78,-91.568,-92.057,-94.405,-94.699,-95.463,-95.353,-95.233,-95.737,-98.097,-94.188,-90.09,-98.15,-100.207,-87.458,-94.2739
286,-1.033,-26.356,-25.596,-24.678,-28.655,-24.889,-22.959,-28.502,-26.951,-27.192,-25.187,-21.56,-32.326,-31.643,-25.825,-26.599,-25.923,-27.098,-24.317,-26.017,-26.699,-22.92,-32.326,-21.56,-26.2768
287,-6.843,-73.496,-75.139,-80.789,-75.95,-74.858,-73.294,-74.839,-75.727,-73.504,-71.784,-78.34,-75.161,-76.587,-74.746,-75.3,-74.322,-80.962,-71.823,-71.296,-74.152,-77.639,-80.962,-71.296,-75.3106
288,-3.614,-52.369,-53.566,-55.96,-53.932,-51.136,-53.519,-51.127,-53.905,-51.397,-52.838,-51.562,-53.531,-52.732,-50.919,-50.877,-51.16,-53.265,-52.742,-51.73,-49.004,-51.207,-55.96,-49.004,-52.30545
289,-7.86,-84.72,-83.545,-90.524,-82.719,-82.019,-83.607,-86.951,-86.521,-85.385,-82.091,-79.413,-82.423,-88.551,-87.279,-87.775,-82.295,-84.812,-83.712,-84.212,-83.317,-85.173,-90.524,-79.413,-84.6162
290,-7.195,-83.026,-79.372,-84.063,-80.783,-84.433,-78.111,-82.042,-78.537,-76.451,-83.542,-76.612,-85.211,-77.519,-77.911,-88.599,-77.685,-80.128,-80.336,-78.595,-79.864,-80.687,-88.599,-76.451,-80.52405
291,-2.667,-44.153,-47.367,-46.92,-41.823,-45.406,-39.556,-44.736,-46.51,-45.013,-39.569,-40.332,-44.092,-44.167,-43.53,-45.479,-43.647,-44.811,-42.717,-44.63,-44.845,-46.788,-47.367,-39.556,-44.0969
292,-0.781,-23.315,-21.677,-24.282,-22.352,-21.832,-21.557,-23.23,-23.915,-24.505,-23.607,-20.229,-21.192,-25.578,-21.925,-22.439,-24.381,-21.965,-27.8,-28.842,-25.382,-27.374,-28.842,-20.229,-23.7032
293,-5.148,-55.402,-50.915,-51.76,-52.494,-54.024,-52.854,-52.252,-55.444,-51.041,-55.736,-50.26,-53.64,-55.973,-51.322,-53.449,-51.374,-50.444,-54.794,-60.102,-50.996,-59.065,-60.102,-50.26,-53.39695
294,-10.076,-110.525,-107.995,-116.719,-103.032,-105.972,-108.291,-119.582,-109.818,-109.693,-107.965,-103.551,-112.56,-109.566,-126.295,-110.451,-112.428,-111.717,-108.621,-108.721,-110.954,-111.665,-126.295,-103.032,-110.7798
295,3.666,31.468,32.824,31.738,37.391,32.952,35.864,37.797,31.33,29.613,31.862,34.827,31.944,38.813,34.931,36.715,33.528,39.345,35.123,32.734,32.948,35.798,29.613,39.345,34.40385
296,-7.688,-81.021,-79.903,-79.751,-79.506,-81.694,-80.776,-84.559,-82.326,-81.726,-79.93,-81.482,-82.768,-82.076,-88.162,-74.743,-80.417,-82.031,-80.622,-81.891,-84.769,-79.604,-88.162,-74.743,-81.4368
297,-10.361,-113.951,-107.061,-108.804,-104.683,-116.314,-107.845,-112.981,-112.602,-108.186,-103.466,-106.787,-112.701,-116.888,-107.085,-115.395,-117.127,-119.018,-114.75,-114.37,-112.796,-103.696,-119.018,-103.466,-111.12775
298,6.253,63.341,49.108,62.256,60.648,54.506,55.325,57.791,62.389,59.628,54.232,53.744,95.514,85.463,59.336,56.373,59.817,63.59,62.551,63.029,52.835,57.398,49.108,95.514,61.27665
299,-5.669,-56.143,-58.195,-56.084,-61.782,-58.637,-54.929,-59.973,-61.849,-54.48,-58.993,-60.604,-71.192,-56.144,-52.431,-51.996,-55.97,-60.832,-52.988,-57.851,-60.894,-55.851,-71.192,-51.996,-58.08375
300,-9.824,-107.341,-100.46,-107.326,-96.866,-117.867,-102.37,-107.576,-114.867,-113.383,-103.749,-107.607,-118.039,-114.985,-108.848,-114.242,-104.433,-108.775,-110.884,-104.375,-115.21,-115.534,-118.039,-96.866,-109.3698
301,-6.634,-86.566,-74.32,-84.547,-79.587,-92.092,-75.7,-85.913,-90.306,-80.012,-77.59,-88.558,-75.234,-78.135,-75.093,-87.258,-78.45,-79.042,-86.002,-77.796,-75.494,-81.359,-92.092,-74.32,-81.1244
302,-2.35,-41.612,-45.573,-42.691,-38.67,-42.926,-36.71,-38.785,-44.148,-45.133,-35.6,-38.7,-42.11,-41.758,-39.146,-40.001,-40.72,-41.699,-38.174,-42.808,-42.703,-42.281,-45.573,-35.6,-41.0168
303,-2.976,-43.115,-49.354,-45.826,-40.316,-46,-34.626,-40.747,-43.332,-41.938,-38.255,-39.651,-42.348,-40.139,-39.567,-44.187,-42.668,-43.455,-45.028,-39.899,-42.008,-40.646,-49.354,-34.626,-41.9995
304,-7.06,-77.177,-77.449,-75.386,-77.664,-77.983,-75.737,-76.738,-77.11,-79.327,-73.169,-76.082,-77.365,-76.167,-74.897,-76.895,-75.038,-80.949,-75.728,-75.473,-73.097,-77.602,-80.949,-73.097,-76.4928
305,3.725,32.198,33.406,33.728,29.354,31.772,32.86,28.909,30.288,30.145,32.236,32.981,27.583,31.878,32.56,36.294,30.29,33.854,33.121,31.435,34.346,33.279,27.583,36.294,32.01595
306,-5.563,-54.934,-56.429,-57.433,-54.901,-61.734,-56.903,-54.913,-52.751,-54.781,-58.086,-50.435,-53.931,-58.292,-61.893,-54.817,-59.622,-51.422,-53.87,-58.01,-54.449,-55.475,-61.893,-50.435,-56.00735
307,-8.124,-86.392,-86.916,-84.731,-82.342,-86.289,-85.889,-87.175,-87.838,-94.668,-82.374,-85.045,-85.407,-86.718,-87.133,-88.51,-83.213,-87.523,-86.891,-85.056,-85.428,-87.899,-94.668,-82.342,-86.35225
308,0.551,-6.611,-4.651,-5.832,-5.474,-6.65,-5.62,-7.649,-5.24,-5.992,-5.052,-5.575,-4.936,-6.115,-6.507,-6.993,-5.7,-6.226,-6.696,-6.577,-3.854,-4.038,-7.649,-3.854,-5.76885
309,2.12,12.432,7.289,12.925,12.371,8.207,9.008,10.928,10.982,9.813,11.956,9.647,11.877,16.954,10.837,11.04,8.83,12.589,13.77,15.735,12.222,4.333,4.333,16.954,11.06565
310,-6.368,-65.133,-63.008,-65.449,-64.366,-65.444,-66.4,-65.037,-62.281,-66.413,-67.287,-64.471,-66.095,-66.604,-62.156,-61.001,-64.701,-66.068,-63.344,-64.801,-64.788,-63.339,-67.287,-61.001,-64.65265
311,-8.604,-92.303,-86.087,-89.223,-87.538,-93.389,-88.552,-89.955,-91.04,-91.117,-87.266,-84.77,-89.57,-91.808,-96.588,-88.52,-88.529,-92.196,-90.345,-88.482,-93.614,-89.446,-96.588,-84.77,-89.90175
312,1.225,1.41,0.429,1.077,1.681,-1.126,0.769,1.64,1.047,0.659,0.514,1.624,-0.514,1.936,0.756,-0.261,2.317,0.014,2.229,3.736,1.842,0.935,-1.126,3.736,1.0652
313,-10.983,-121.61,-124.076,-109.396,-124.221,-124.916,-124.084,-117.542,-119.865,-124.273,-124.051,-125.447,-124.706,-121.656,-122.534,-125.582,-118.793,-123.959,-122.71,-110.419,-124.54,-124.653,-125.582,-109.396,-121.87115
314,-7.595,-99.009,-97.157,-94.173,-102.423,-83.839,-84.583,-96.029,-99.813,-95.033,-80.43,-104.529,-101.303,-93.866,-79.778,-96.403,-80.835,-103.398,-92.406,-86.836,-78.49,-90.676,-104.529,-78.49,-92.1
315,1.289,2.183,-2.679,-1.101,-1.376,-1.027,0.703,2.004,4.764,0.152,0.868,0.633,1.341,1.03,3.143,0.866,1.898,2.641,0.537,3.413,1.853,-0.966,-2.679,4.764,0.93485
316,-2.694,-26.1,-35.735,-33.309,-29.829,-30.463,-33.377,-28.191,-23.762,-31.667,-31.233,-30.287,-23.101,-28.816,-32.237,-30.19,-32.539,-31.293,-22.524,-27.397,-27.253,-24.193,-35.735,-22.524,-29.3698
317,-3.418,-33.349,-38.217,-41.21,-36.185,-38.285,-36.091,-36.36,-37.403,-42.122,-38.744,-38.85,-36.967,-37.515,-38.799,-38.104,-38.063,-36.329,-33.059,-37.342,-39.467,-38.072,-42.122,-33.059,-37.8592
318,-0.84,-18.01,-18.351,-20.377,-21.526,-20.249,-19.949,-20.39,-20.903,-18.021,-20.212,-19.075,-19.259,-23.183,-19.63,-21.935,-18.237,-21.815,-17.967,-23.25,-20.557,-18.266,-23.25,-17.967,-20.1576
319,-2.749,-27.872,-32.99,-31.306,-32.206,-34.341,-32.414,-32.982,-31.654,-31.921,-32.058,-32.369,-32.312,-34.72,-31.54,-32.608,-31.901,-30.066,-32.544,-34.748,-32.576,-32.352,-34.748,-30.066,-32.4804
320,-7.218,-75.6,-79.039,-74.783,-75.033,-79.418,-75.283,-78.408,-79.581,-78.558,-76.168,-75.947,-76.966,-79.598,-79.89,-77.885,-76.328,-79.167,-76.448,-79.313,-76.096,-78.159,-79.89,-74.783,-77.6034
321,3.196,25.686,25.76,26.89,24.88,25.474,26.325,22.636,25.654,23.081,24.345,26.751,19.8,26.314,23.463,29.303,25.264,25.126,27.307,25.524,28.042,26.939,19.8,29.303,25.4439
322,3.509,29.538,28.343,31.321,35.856,36.204,36.712,30.119,34.024,35.355,34.154,36.363,37.487,30.823,32.861,32.768,29.452,33.803,32.709,32.63,33.714,38.18,28.343,38.18,33.6439
323,-0.852,-2.489,2.248,-0.277,-5.091,-2.221,0.329,-0.805,3.443,4.488,1.021,0.563,4.014,-3.233,1.693,3.441,-1.88,3.105,1.586,0.923,2.833,1.993,-5.091,4.488,0.90865
324,-1.374,-7.8,-6.501,-5.038,-4.719,-6.358,-6.2,-10.074,-8.767,-8.167,-7.271,-6.837,-6.424,-7.058,-5.562,-7.384,-5.961,-3.938,-6.013,-6.465,-3.522,-6.748,-10.074,-3.522,-6.45035
325,7.924,83.935,81.877,78.071,77.306,83.694,79.919,83.618,81.867,82.409,82.652,85.151,83.223,81.705,84.165,74.858,82.182,90.227,74.52,86.438,81.393,83.358,74.52,90.227,81.93165
326,-2.419,-16.108,-17.761,-17.814,-14.546,-23.43,-21.162,-23.055,-19.361,-14.594,-13.519,-14.177,-16.75,-11.424,-14.563,-19.688,-13.329,-12.253,-19.51,-19.407,-18.021,-13.378,-23.43,-11.424,-16.8871
327,-2.23,-16.108,-20.464,-17.542,-17.037,-22.43,-14.841,-20.716,-13.907,-16.528,-18.988,-14.091,-19.78,-20.103,-15.023,-18.647,-16.394,-13.949,-21.264,-16.574,-24.563,-14.145,-24.563,-13.907,-17.8493
328,0.389,1.226,-0.338,-4.324,2.559,-6.169,-2.469,-1.878,-1.786,-2.219,-5.077,0.137,-1.282,-4.413,-3.13,-5.852,-1.689,3.377,-6.59,-5.467,-4.628,-8.26,-8.26,3.377,-2.9749
329,4.94,48.29,46.368,45.534,47.101,47.854,48.172,47.856,49.802,47.202,50.183,50.243,49.608,48.28,50.642,47.331,47.907,46.511,47.414,47.555,50.086,47.905,45.534,50.642,48.1777
330,5.549,55.338,55.165,52.775,56.684,54.59,54.743,54.166,53.629,55.372,57.296,57.301,55.987,55.552,53.941,56.986,55.244,54.801,52.609,54.237,54.781,54.46,52.609,57.301,55.01595
331,-1.732,-8.173,-11.559,-5.287,-6.616,-8.741,-7.543,-9.599,-4.875,-5.999,-7.965,-3.52,-10.357,-8.511,-12.415,-15.207,-8.116,-6.908,-7.838,-5.213,-7.59,-11.048,-15.207,-3.52,-8.24535
332,0.661,5.585,3.891,10.199,4.399,5.291,2.314,3.452,13.312,9.07,9.415,6.833,6.58,2.942,7.139,9.118,10.009,14.031,7.266,8.603,6.123,7.709,2.314,14.031,7.3848
333,-5.96,-59.732,-60.471,-59.171,-58.695,-59.984,-57.812,-58.91,-60.271,-60.611,-61.095,-57.853,-59.58,-61.058,-60.484,-59.107,-57.539,-61.578,-58.33,-59.217,-60.474,-60.798,-61.578,-57.539,-59.6519
334,-1.57,-27.414,-25.666,-24.751,-27.138,-26.342,-27.424,-27.115,-27.283,-28.974,-27.246,-26.777,-27.791,-29.816,-27.287,-26.551,-23.681,-26.255,-27.661,-26.641,-26.645,-26.8,-29.816,-23.681,-26.8922
335,-3.558,-37.882,-37.423,-35.765,-36.978,-37.301,-35.8,-36.085,-41.255,-35.763,-37.424,-35.451,-39.664,-39.55,-37.993,-38.788,-38.869,-35.355,-37.396,-37.97,-39.904,-34.835,-41.255,-34.835,-37.47845
336,-4.098,-42.324,-45.758,-46.898,-44.227,-46.509,-43.736,-43.704,-45.219,-46.57,-45.624,-42.118,-45.785,-43.081,-44.907,-45.122,-43.637,-41.574,-45.18,-42.997,-45.96,-42.966,-46.898,-41.574,-44.5786
337,6.781,69.852,66.619,68.081,66.381,68.628,71.635,67.482,69.498,64.947,69.819,68.872,69.314,70.677,68.122,66.351,67.612,71.006,71.417,70.104,67.593,71.517,64.947,71.635,68.78375
338,-2.988,-23.139,-27.795,-28.073,-28.761,-31.412,-23.335,-27.119,-23.652,-30.727,-24.898,-22.092,-23.621,-20.893,-22.04,-28.033,-25.322,-28.344,-25.56,-26.292,-23.347,-29.297,-31.412,-20.893,-26.03065
339,-1.82,-18.572,-16.864,-14.299,-19.668,-16.184,-12.72,-16.419,-13.59,-12.723,-19.818,-16.385,-17.264,-20.721,-14.617,-20.471,-21.033,-19.711,-22.868,-18.126,-19.101,-11.972,-22.868,-11.972,-17.2277
340,1.895,14.211,7.271,13.59,13.692,11.148,10.853,10.777,15.542,9.771,9.386,14.047,10.265,9.284,8.545,12.112,12.231,16.184,9.719,10.916,10.928,14.194,7.271,16.184,11.52275
341,5.748,57.375,57.698,54.529,53.115,57.763,59.482,57.641,57.386,56.235,55.282,56.783,60.016,57.727,58.528,57.315,58.972,61.462,54.11,56.419,58.071,59.632,53.115,61.462,57.4083
342,3.087,41.324,45.407,38.993,41.785,42.29,40.79,39.938,43.589,40.41,43.636,43.808,40.574,42.699,46.43,41.988,40.385,43.816,37.482,41.954,43.65,43.376,37.482,46.43,42.15
343,14.603,166.21,134.794,149.421,147.678,136.177,136.637,134.865,151.721,139.24,146.681,151.449,137.06,151.62,134.47,145.776,157.026,135.759,131.515,139.221,141.045,136.054,131.515,157.026,141.91045
344,0.557,20.55,20.575,17.858,22.626,16.721,21.774,19.55,27.919,17.312,15.892,23.866,13.304,22.726,23.224,15.643,11.257,16.895,19.164,20.663,19.201,23.219,11.257,27.919,19.46945
345,2.347,29.491,29.325,34.647,33.227,31.898,28.782,32.791,32.447,30.524,34.658,37.083,30.493,30.342,30.28,36.572,32.378,34.443,31.279,38.975,31.577,30.101,28.782,38.975,32.5911
346,2.554,31.092,26.671,33.154,29.329,29.788,27.79,29.427,26.393,27.093,36.744,37.197,31.596,28.162,29.112,34.299,29.099,32.555,28.532,34.567,30.425,30.751,26.393,37.197,30.6342
347,8.473,91.393,92.823,88.738,89.799,102.362,93.006,89.666,90.397,89.635,92.801,93.183,88.624,91.553,91.733,88.474,87.55,93.477,92.526,93.441,91.366,90.714,87.55,102.362,91.5934
348,3.955,57.782,56.309,59.459,52.701,55.788,57.502,56.682,55.413,56.116,57.475,61.466,54.537,56.582,56.962,54.704,55.975,54.324,57.309,55.777,58.011,64.274,52.701,64.274,56.8683
349,0.958,25.196,23.886,25.562,23.21,23.779,25.983,24.099,24.983,19.641,26.606,25.621,20.72,24.402,23.204,26.244,23.179,22.341,24.204,27.247,24.983,27.856,19.641,27.856,24.3875
350,-3.079,-24.243,-22.191,-26.187,-22.534,-25.674,-28.893,-24.203,-24.385,-23.235,-21.484,-25.102,-26.036,-23.339,-25.952,-22.842,-25.774,-25.143,-22.933,-25.848,-25.086,-28.894,-28.894,-21.484,-24.78675
351,2.999,25.812,24.484,24.207,26.123,25.558,26.058,25.056,25.31,24.232,25.633,26.262,25.274,24.955,24.744,24.316,26.567,26.276,25.554,25.182,29.952,31.483,24.207,31.483,25.8613
352,8.9,95.954,94.509,92.261,95.75,96.627,92.495,100.371,94.267,94.475,95.135,96.284,101.244,91.87,94.666,95.063,96.36,101.297,89.981,94.454,100.476,94.63,89.981,101.297,95.61075
353,-0.043,12.976,11.774,11.741,12.458,10.728,14.394,15.867,14.983,10.191,11.143,7.012,15.695,10.073,11.597,11.984,12.141,14.558,12.503,11.76,12.962,12.902,7.012,15.867,12.3233
354,4.768,49.576,47.731,49.144,52.521,50.292,49.643,48.623,49.45,50.09,51.121,51.656,53.91,51.631,50.64,48.22,48.691,52.679,49.609,52.52,52.105,51.148,47.731,53.91,50.5712
355,3.468,44.136,40.211,47.079,45.417,46.615,43.705,42.237,43.951,39.28,43.388,46.092,44.863,47.968,42.546,43.651,42.317,42.771,42.927,46.214,41.422,46.416,39.28,47.968,43.9535
356,6.666,70.017,67.713,70.648,74.052,66.31,71.475,68.511,68.902,65.19,70.05,68.821,71.885,69.528,70.476,68.153,65.395,64.788,68.058,71.407,70.681,75.373,64.788,75.373,69.3708
357,-1.565,-5.586,-4.963,-6.804,-5.449,-3.82,-6.906,-5.525,-5.293,-6.271,-2.611,-3.939,-1.813,-6.236,-4.078,-13.758,-5.731,-7.176,-5.763,-11.241,-2.569,-7.864,-13.758,-1.813,-5.8905
358,14.301,162.49,143.951,145.191,142.07,154.207,155.26,130.772,150.319,127.613,163.601,169.292,152.766,138.961,147.483,140.617,155.303,125.898,134.789,156.925,140.951,142.778,125.898,169.292,145.93735
359,-3.721,-32.149,-33.346,-33.615,-30.784,-36.246,-33.243,-35.145,-32.639,-35.051,-34.919,-31.563,-35.587,-47.908,-39.634,-44.422,-34.377,-34.961,-35.136,-35.303,-35.406,-27.969,-47.908,-27.969,-35.3627
360,0.953,3.042,8.299,8.765,4.142,6.009,2.782,5.904,7.378,6.096,2.57,5.279,-2.401,2.616,8.542,0.2,-2.757,5.872,10.116,3.683,-0.087,9.203,-2.757,10.116,4.61055
361,7.574,79.622,79.923,79.124,78.056,80.479,81.206,79.236,75.026,77.28,76.542,77.975,83.306,81.81,79.258,73.351,77.053,83.751,71.543,82.239,79.14,86.273,71.543,86.273,79.12855
362,4.469,59.626,61.606,56.422,54.171,54.814,54.285,60.421,52.996,59.13,56.956,57.145,57.652,59.208,56.686,56.109,57.925,55.605,55.313,54.714,54.233,62.536,52.996,62.536,56.89635
363,7.236,76.594,81.319,78.175,78.232,74.727,74.824,83.582,73.6,72.19,78.234,76.198,77.44,75.306,74.37,75.752,76.875,79.042,73.02,83.639,73.598,80.381,72.19,83.639,77.0252
364,0.703,20.76,19.854,21.318,20.77,21.977,19.061,22.168,19.156,18.694,20.38,19.056,19.365,20.138,21.197,19.752,19.773,22.626,22.246,24.182,17.429,20.717,17.429,24.182,20.49295
365,2.906,32.948,32.994,38.517,35.596,34.825,35.928,34.779,30.311,31.282,37.749,35.001,35.088,32.256,33.928,38.431,31.822,37.423,32.958,36.942,31.2,35.488,30.311,38.517,34.6259
366,3.435,37.426,35.494,40.371,36.506,36.224,35.563,34.016,33.651,29.516,36.842,37.61,36.179,37.537,36.499,42.608,33.822,38.122,34.901,38.981,33.042,33.775,29.516,42.608,36.06295
367,11.312,125.663,120.588,119.299,118.277,127.042,127.234,125.721,127.714,121.99,123.579,124.385,119.378,125.309,120.545,124.807,125.032,121.937,122.399,124.979,125.803,131.428,118.277,131.428,123.8723
368,7.007,94.197,89.695,92.671,85.986,85.513,91.864,91.103,92.974,92.076,110.892,92.93,94.485,102.147,89.466,86.48,93.069,86.839,86.226,99.716,99.954,91.27,85.513,110.892,92.7678
369,7.626,95.659,89.436,80.166,84.25,85.05,85.826,84.477,91.564,90.474,92.315,89.225,93.828,93.558,90.839,82.486,101.674,98.478,84.705,95.607,90.865,88.197,80.166,101.674,89.651
370,0.438,19.082,18.076,16.889,18.639,18.819,19.55,18.389,18.726,20.24,17.663,19.036,20.701,12.662,18.74,16.369,16.048,16.975,18.531,17.783,13.498,16.689,12.662,20.701,17.70115
371,8.654,93.439,98.335,92.389,92.714,90.256,92.912,97.827,96.659,88.341,93.61,97.154,92.27,95.757,101.785,106.645,92.466,103.444,94.318,96.456,102.568,105.887,88.341,106.645,96.58965
372,5.018,68.497,70.733,69.962,66.082,57.554,74.28,75.527,67.284,68.171,66.938,72.254,71.252,73.469,71.625,74.308,66.038,72.807,67.955,67.195,69.755,73.71,57.554,75.527,69.84495
373,10.914,120.76,118.319,118.139,113.44,119.269,124.214,121.186,119.667,117.254,119.572,121.627,121.13,117.259,117.763,119.631,120.873,120.562,116.89,118.308,118.9,120.087,113.44,124.214,119.2045
374,14.114,160.18,143.75,142.091,143.45,146.672,143.053,158.069,143.535,173.639,151.946,158.838,147.267,147.038,151.015,142.896,149.289,142.433,164.712,169.36,165.951,169.353,142.091,173.639,152.71785
375,2.582,45.501,46.222,43.809,48.011,41.625,51.903,50.038,43.813,45.646,37.83,60.495,49.14,46.722,51.736,51.545,41.05,36.155,51.147,65.901,62.791,53.239,36.155,65.901,48.9409
376,2.155,40.234,40.862,38.158,35.016,30.353,43.388,46.535,33.702,41.136,41.937,40.993,39.317,37.995,43.698,38.123,38.01,37.949,38.123,41.778,35.976,42.638,30.353,46.535,39.28435
377,-0.067,12.869,10.328,9.771,13.8,10.254,21.048,10.555,13.569,14.773,9.301,19.678,9.841,12.149,14.546,16.137,11.779,9.944,11.379,11.139,15.627,14.86,9.301,21.048,13.0239
378,3.6,38.106,33.553,34.856,36.484,31.43,41.01,34.08,30.54,34.58,37.53,42.783,36.085,36.411,38.195,37.768,36.311,33.409,37.084,39.288,37.777,40.06,30.54,42.783,36.4617
379,2.47,33.778,29.524,32.482,30.668,27.185,32.999,25.238,26.138,29.577,31.539,38.843,31.954,29.859,34.428,32.784,30.989,27.608,32.199,30.633,31.341,32.899,25.238,38.843,30.94435
380,6.237,65.406,66.077,62.034,64.477,63.102,68.778,63.586,62.205,64.634,66.725,71.242,67.507,64.626,66.654,63.684,62.758,67.005,63.798,62.348,64.911,69.507,62.034,71.242,65.2829
381,3.773,51.041,51.84,50.216,50.1,49.859,54.792,51.647,48.927,51.096,52.281,56.576,51.779,51.871,56.638,50.676,47.859,51.343,52.843,47.315,50.036,54.098,47.315,56.638,51.5896
382,2.742,41.795,43.926,39.054,41.261,41.218,44.11,42.404,36.359,36.719,40.677,48.452,42.167,39.392,45.404,42.018,36.401,40.712,39.851,39.783,36.608,41.809,36.359,48.452,40.91625
383,9.923,108.559,114.577,108.34,103.227,110.95,113.418,111.017,110.031,112.64,116.911,112.926,105.374,113.472,107.113,108.892,106.261,116.52,112.03,113.748,113.594,114.318,103.227,116.911,111.26795
384,-0.041,13.182,12.002,11.379,11.065,10.864,9.932,12.659,11.417,9.465,11.668,9.304,13.308,12.152,11.778,8.16,11.25,10.844,10.339,14.159,14.056,12.941,8.16,14.159,11.4371
385,6.859,72.366,74.203,69.448,78.729,70.685,72.942,73.511,71.739,73.373,73.218,76.036,74.079,71.519,77.351,76.707,70.537,77.382,69.402,77.83,79.912,80.016,69.402,80.016,74.43095
386,2.705,42.404,46.391,46.731,42.995,40.041,47.044,40.304,41.995,39.98,42.029,43.6,38.97,40.66,47.216,44.357,37.148,43.643,40.056,45.379,38.627,41.318,37.148,47.216,42.4242
387,8.396,90.135,102.435,91.034,89.07,89.832,93.075,89.792,91.485,90.035,97.004,92.878,86.749,87.033,95.138,90.809,88.157,92.339,89.616,93.164,92.112,96.839,86.749,102.435,91.9298
388,11.736,130.891,136.001,128.92,126.444,133.45,136.096,135.261,133.442,134.401,133.584,136.786,134.12,132.438,126.211,129.804,132.264,131.061,134.231,147.854,127.115,137.02,126.211,147.854,133.32515
389,3.327,54.269,57.891,55.204,57.636,54.236,60.808,57.359,53.796,54.083,53.184,54.693,47.647,53.671,57.993,56.081,49.442,57.624,53.784,62.943,52.671,56.745,47.647,62.943,55.37455
390,7.078,80.304,80.975,76.548,79.114,79.858,77.867,80.443,81.204,80.275,82.704,81.217,83.649,79.986,79.023,78.55,86.538,80.93,78.789,82.731,84.476,85.104,76.548,86.538,80.99905
391,5.793,74.972,73.228,73.674,72.623,72.438,74.693,73.93,73.997,72.445,73,75.154,74.835,73.902,72.97,73.328,72.42,75.301,72.85,73.736,71.774,75.398,71.774,75.398,73.5848
392,0.926,25.093,26.143,22.241,25.485,25.037,26.523,24.065,22.086,27.784,22.838,23.945,25.459,22.819,26.857,23.203,25.155,26.67,26.826,23.753,22.529,27.675,22.086,27.784,24.85465
393,6.147,65.962,67.834,61.403,70.897,64.837,69.08,66.522,71.529,71.66,62.794,68.854,66.33,64.576,66.006,65.583,65.246,64.117,61.906,67.157,70.32,69.133,61.403,71.66,66.7892
394,6.406,68.704,67.391,73.733,73.487,64.234,74.821,69.19,78.309,76.309,64.174,72.506,70.509,66.734,69.657,72.324,68.392,69.498,68.824,73.118,65.163,71.632,64.174,78.309,70.50025
395,7.039,75.539,80.214,78.169,78.017,70.941,80.47,81.353,79.667,78.76,77.603,82.774,73.17,79.948,80.099,74.785,73.645,79.845,79.045,81.277,79.137,78.456,70.941,82.774,78.36875
396,3.994,56.084,58.598,61.841,59.521,59.963,59.996,60.546,61.76,61.589,58.959,62.92,61.004,63.182,61.422,61.289,55.225,60.154,60.741,59.855,61.108,62.998,55.225,63.182,60.63355
397,5.465,62.694,65.198,67.925,66.021,62.742,68.227,67.395,67.718,67.84,66.182,68.017,64.742,69.453,68.17,67.776,59.64,69.028,67.567,67.737,66.796,71.139,59.64,71.139,66.96565
398,-0.74,4.579,7.363,6.075,5.636,3.462,8.73,1.05,5.306,1.537,-0.948,9.782,4.648,4.716,3.396,0.707,2.62,3.503,3.333,5.829,5.795,-0.006,-0.948,9.782,4.1267
399,3.209,32.536,32.903,31.153,34.849,32.781,41.169,30.078,32.34,28.48,30.13,35.034,31.424,33.311,29.437,33.751,28.424,32.699,32.543,38.872,35.431,36.541,28.424,41.169,33.0675