,outputs,nb_plays-0-units-0-__activation__-elu-__nb_plays__-50-__units__-50-ensemble-1-diff,nb_plays-0-units-0-__activation__-elu-__nb_plays__-50-__units__-50-ensemble-2-diff,nb_plays-0-units-0-__activation__-elu-__nb_plays__-50-__units__-50-ensemble-3-diff,nb_plays-0-units-0-__activation__-elu-__nb_plays__-50-__units__-50-ensemble-4-diff,nb_plays-0-units-0-__activation__-elu-__nb_plays__-50-__units__-50-ensemble-5-diff,nb_plays-0-units-0-__activation__-elu-__nb_plays__-50-__units__-50-ensemble-6-diff,nb_plays-0-units-0-__activation__-elu-__nb_plays__-50-__units__-50-ensemble-7-diff,nb_plays-0-units-0-__activation__-elu-__nb_plays__-50-__units__-50-ensemble-8-diff,nb_plays-0-units-0-__activation__-elu-__nb_plays__-50-__units__-50-ensemble-9-diff,nb_plays-0-units-0-__activation__-elu-__nb_plays__-50-__units__-50-ensemble-10-diff,nb_plays-0-units-0-__activation__-elu-__nb_plays__-50-__units__-50-ensemble-11-diff,nb_plays-0-units-0-__activation__-elu-__nb_plays__-50-__units__-50-ensemble-12-diff,nb_plays-0-units-0-__activation__-elu-__nb_plays__-50-__units__-50-ensemble-13-diff,nb_plays-0-units-0-__activation__-elu-__nb_plays__-50-__units__-50-ensemble-14-diff,nb_plays-0-units-0-__activation__-elu-__nb_plays__-50-__units__-50-ensemble-15-diff,nb_plays-0-units-0-__activation__-elu-__nb_plays__-50-__units__-50-ensemble-16-diff,nb_plays-0-units-0-__activation__-elu-__nb_plays__-50-__units__-50-ensemble-17-diff,nb_plays-0-units-0-__activation__-elu-__nb_plays__-50-__units__-50-ensemble-18-diff,nb_plays-0-units-0-__activation__-elu-__nb_plays__-50-__units__-50-ensemble-19-diff,nb_plays-0-units-0-__activation__-elu-__nb_plays__-50-__units__-50-ensemble-20-diff
1301,10,11.322,-12.334,12.405,-11.771,-11.613,-11.269,-11.366,-10.126,11.565,-13.827,-12.832,11.582,-11.471,11.558,-11.482,-9.985,-12.394,-11.957,-12.068,-10.475
1302,-25,-24.324,26.217,-23.982,23.257,21.722,24.068,20.596,23.265,-26.615,17.809,10.063,-22.95,24.015,-25.636,22.723,21.214,21.045,25.313,20.967,28.573
1303,9,3.117,-3.864,3.102,-2.932,-1.962,-3.202,-1.682,-3.805,2.578,0.698,5.082,2.771,-2.439,3.168,-2.456,-2.464,-2.286,-3.702,-1.504,-2.873
1304,3,3.977,-4.937,4.497,-3.913,-3.207,-3.879,-3.381,-4.29,4.789,-0.939,6.195,4,-4.913,4.353,-4.039,-3.189,-1.637,-4.896,-3.523,-6.168
1305,-39,-31.011,30.482,-29.899,31.909,30.735,31.61,31.604,33.585,-30.109,30.115,23.696,-32.642,31.642,-32.109,31.81,33.693,30.149,31.457,28.728,28.34
1306,6,0,0,0,0,0,0,0,0,0,0,0,0,0,0,0,0,0,0,0,0
1307,-27,-6.767,5.603,-6.315,7.242,6.993,6.35,7.894,6.646,-5.97,8.067,7.566,-7.105,6.991,-6.407,6.618,7.591,7.155,6.249,6.469,4.986
1308,-6,-14.089,11.491,-13.157,14.713,14.191,12.718,15.602,13.251,-11.967,16.079,14.365,-14.21,14.217,-13.045,13.188,15.515,15.39,13.033,13.176,9.982
1309,26,13.873,-13.618,13.879,-15.907,-16.086,-14.528,-17.332,-14.934,13.671,-13.427,-17.348,16.064,-14.687,15.355,-14.317,-16.37,-14.997,-15.695,-6.373,-12.085
1310,16,18.328,-15.534,16.038,-17.97,-18.937,-17.351,-18.721,-16.847,16.573,-18.228,-17.83,17.944,-17.206,17.245,-16.513,-19.101,-19.446,-16.836,-13.46,-13.466
1311,17,19.879,-19.997,18.62,-19.053,-18.66,-20.342,-18.25,-20.494,20.265,-19.061,-10.867,19.063,-19.76,20.027,-19.6,-20.8,-17.52,-19.222,-26.212,-19.606
1312,1,3.34,-3.128,2.97,-3.282,-2.968,-3.116,-3.059,-3.303,3.403,-3.343,-4.014,3.429,-3.295,3.379,-3.462,-3.216,-2.791,-2.999,-3.699,-3.632
1313,-12,-8.455,9.629,-8.667,7.584,6.151,8.076,5.668,7.953,-9.465,-0.627,-12.831,-7.972,8.359,-8.781,7.917,5.069,3.1,9.586,6.684,11.655
1314,-38,-33.478,31.555,-31.416,34.793,36.309,34.651,36.604,34.517,-32.48,38.926,48.463,-34.318,33.539,-34.423,32.787,38.903,38.008,32.766,30.677,27.209
1315,16,4.012,-4.38,4.349,-4.734,-4.85,-4.619,-5.234,-4.808,4.138,-1.925,-5.432,5.157,-3.972,5.192,-4.402,-4.498,-4.613,-4.884,-1.864,-3.686
1316,-40,-24.351,21.328,-22.298,24.973,25.834,23.359,26.97,24.433,-21.977,25.153,26.579,-26.295,24.023,-24.278,23.871,27.481,25.47,23.646,20.881,18.551
1317,4,0,0,0,0,0,0,0,0,0,0,0,0,0,0,0,0,0,0,0,0
1318,-33,-41.046,40.916,-42.574,39.153,40.107,41.712,38.921,38.971,-40.28,38.15,30.411,-38.526,41.232,-38.086,39.404,32.797,39.662,38.518,47.075,34.797
1319,-11,-9.275,10.956,-10.729,10.691,10.824,9.741,9.904,8.923,-8.816,10.849,8.818,-10.605,9.283,-9.259,9.849,11.276,10.607,11.024,11.128,11.406
1320,11,3.497,-9.738,8.213,-6.571,-5.102,-4.214,-5.917,-7.661,5.714,-2.897,3.919,5.691,-4.29,4.758,-6.312,-4.531,-5.99,-7.995,-7.062,-12.499
1321,-21,-13.122,20.848,-18.684,17.454,15.252,14.003,16.5,17.202,-14.895,13.454,5.796,-16.472,13.968,-14.499,16.198,16.689,16.59,17.985,17.831,24.664
1322,-9,-9.409,9.646,-9.23,10.297,9.631,9.54,9.554,9.199,-8.696,9.009,9.991,-9.854,8.989,-9.275,9.182,10.493,9.909,9.118,10.151,10.119
1323,-4,-11.236,10.501,-10.856,11.021,11.778,9.686,11.842,9.606,-10.703,9.757,13.15,-10.975,8.555,-11.279,10.462,10.954,10.571,10.986,11.39,8.238
1324,-35,-47.238,41.328,-42.83,46.221,47.895,39.267,43.946,40.183,-43.917,42.969,45.037,-44.924,41.079,-46.145,44.673,43.442,43.574,42.03,44.509,40.799
1325,-7,-1.638,1.435,-1.415,1.631,1.567,1.302,1.437,1.352,-1.499,1.518,1.472,-1.487,1.225,-1.569,1.488,0.582,1.435,1.402,1.534,1.572
1326,-14,-8.107,7.183,-7.215,8.136,7.675,6.479,7.462,6.915,-7.346,7.786,7.215,-7.485,6.385,-7.597,7.354,3.289,7.232,8.745,7.779,7.703
1327,-12,-22.207,22.106,-21.868,22.261,19.438,23.713,22.032,25.117,-20.527,24.425,17.953,-21.937,23.24,-22.506,34.052,20.801,25.119,29.244,25.067,35.806
1328,-19,-6.712,6.893,-6.592,6.445,6.092,8.205,7.473,8.083,-6.792,7.96,5.476,-6.25,7.68,-6.528,9.142,10.35,7.555,11.146,5.602,4.989
1329,15,5.976,-11.162,13.063,-1.627,-2.984,-6.279,-4.922,-11.304,9.483,1.398,-1.305,4.26,-6.205,9.416,-4.319,22.18,-2.841,-12.348,-12.434,-17.655
1330,-5,-2.087,4.849,-6.541,-0.371,-1.033,-0.165,0.708,6.818,-5.539,-3.828,-2.612,-0.721,2.587,-4.446,2.24,-18.945,-0.861,8.205,7.428,13.188
1331,-10,-3.889,6.313,-6.522,1.998,4.017,6.444,4.214,4.486,-3.944,2.43,3.917,-3.539,3.618,-4.97,2.079,-3.235,3.702,4.143,5.006,4.467
1332,7,4.321,-9.445,11.39,0.231,-1.348,-4.072,-3.447,-9.902,8.213,3.412,0.712,2.445,-4.39,7.7,-2.619,22.706,-0.969,-11.123,-11.274,-18.836
1333,-16,-17.628,26.437,-24.563,13.838,16.424,22.283,18.788,27.79,-23.98,14.217,15.505,-19.146,22.532,-20.999,21.973,0.81,17.357,36.585,21.865,35.63
1334,-20,-8.534,11.21,-8.677,9.11,9.718,12.045,9.99,11.68,-10.422,10.475,10.705,-10.726,11.92,-8.706,12.785,14.872,10.74,15.635,6.758,11.598
1335,24,52.624,-56.584,59.441,-47.809,-48.817,-53.266,-48.579,-53.814,54.754,-41.259,-45.574,45.654,-47.633,56.976,-46.274,-11.954,-43.342,-47.934,-52.157,-23.97
1336,-4,-1.111,3.783,-3.304,0.214,0.365,0.227,1.79,3.625,-3.127,-6.288,-6.786,-1.649,0.212,-2.199,2.15,-3.644,0.164,4.677,2.198,3.729
1337,-4,-2.913,2.23,-1.721,1.855,3.281,2.723,2.661,3.028,-3.513,3.629,4.945,-3.064,2.877,-2.825,3.464,2.656,2.274,2.236,2.49,3.773
1338,-4,-2.284,1.355,-1.958,2.683,1.964,1.911,2.464,2.849,-2.418,3.554,3.815,-2.858,3.291,-2.077,2.953,2.583,2.003,1.633,2.528,2.934
1339,-23,-13.479,12.888,-14.799,14.736,13.581,11.854,12.468,11.423,-11.227,13.082,13.878,-12.736,13.895,-11.907,12.409,-1.109,13.626,12.046,12.698,11.531
1340,21,8.256,-9.057,10.061,-7.266,-5.91,-5.473,-6.867,-11.257,9.404,-3.111,-4.676,8.246,-8.707,8.432,-9.373,7.803,-6.012,-10.952,-9.89,-14.315
1341,64,66.777,-68.118,68.364,-72.465,-72.968,-64.354,-70.294,-61.452,63.922,-72.226,-69.689,69.618,-62.294,65.262,-66.378,-69.473,-70.885,-61.947,-67.299,-63.374
1342,-13,-7.285,14.522,-12.457,11.054,9.78,8.875,10.104,11.742,-10.4,7.602,1.076,-10.227,8.489,-8.661,10.046,9.758,10.615,12.118,10.219,18.482
1343,10,3.463,-9.651,8.142,-6.365,-4.568,-4.166,-5.905,-7.486,5.62,-2.863,4.479,5.642,-4.272,4.727,-6.19,-4.551,-5.946,-8.362,-6.901,-12.393
1344,23,40.554,-36.66,37.452,-36.6,-38.991,-42.04,-37,-36.56,40.905,-35.942,-38.013,37.677,-39.035,39.299,-37.546,-35.972,-36.836,-35.698,-33.567,-35.177
1345,-16,-10.691,11.648,-11.454,10.565,9.357,12.408,10.611,11.931,-12.402,6.842,4.083,-11.65,11.005,-12.584,11.13,5.188,9.975,11.845,5.854,10.812
1346,-30,-28.789,29.835,-28.651,27.689,29.31,31.209,28.61,29.83,-30.496,30.47,29.312,-28.538,29.446,-27.288,29.603,31.218,27.986,26.495,29.998,35.083
1347,-11,-7.761,7.558,-8.523,8.627,6.697,7.446,7.661,7.75,-6.316,8.796,8.866,-8.088,8.785,-6.905,7.242,8.5,9.729,6.745,8.147,9.197
1348,-18,-10.952,11.102,-12.576,11.457,12.531,10.076,12.092,10.167,-10.369,9.565,13.844,-10.748,10.095,-10.992,10.254,8.848,12.199,11.122,11.953,5.978
1349,-4,-2.105,2.328,-2.388,2.117,2.559,2.189,2.498,1.886,-2.127,1.939,2.467,-2.3,1.894,-2.161,1.935,1.801,2.323,2.062,2.151,1.146
1350,-23,-18.076,16.803,-17.667,18.163,19.308,17.588,18,14.871,-16.034,16.691,17.633,-19.017,16.476,-17.629,17.481,16.208,17.641,18.078,17.362,13.739
1351,-12,-10.376,10.206,-9.501,10.73,10.857,8.766,10.441,9.274,-10.067,9.685,9.965,-10.724,10.114,-10.176,10.474,11.367,10.013,10.035,10.393,10.289
1352,42,25.673,-25.255,26.86,-25.782,-25.686,-23.273,-27.333,-27.077,26.316,-21.79,-24.526,26.879,-25.412,25.889,-26.282,-19.829,-27.233,-24.604,-25.358,-24.869
1353,-28,-18.569,17.373,-18.278,18.05,16.812,17.255,20.032,20.374,-19.31,15.137,16.847,-19.584,16.363,-19.203,19.071,14.25,18.691,17.793,18.022,18.824
1354,-3,-1.308,1.217,-1.327,1.368,1.402,0.709,1.092,1.21,-0.885,1.31,1.396,-1.118,1.619,-0.951,1.128,0.88,1.597,1.083,1.107,1.046
1355,24,14.987,-14.161,14.355,-13.422,-13.803,-13.065,-16.262,-16.556,16.174,-10.1,-12.539,15.898,-12.107,15.921,-15.571,-9.444,-13.91,-14.294,-14.449,-13.778
1356,-29,-17.452,16.76,-17.191,16.051,16.803,14.652,18.384,18.862,-18.32,12.488,15.219,-18.188,15.229,-18.269,17.934,11.235,16.927,16.849,17.001,15.83
1357,14,7.18,-7.897,7.022,-5.447,-6.53,-6.071,-7.956,-9.935,9.522,-1.588,-2.374,8.191,-6.017,8.218,-8.923,-2.394,-5.488,-8.822,-7.203,-9.757
1358,4,1.701,-1.284,1.502,-1.866,-1.709,-1.578,-1.983,-1.663,1.522,-2.126,-2.313,1.862,-1.698,1.729,-1.679,-1.693,-1.814,-1.059,-1.594,-1.14
1359,-10,-4.436,6.288,-5.355,3.19,4.067,3.917,5.316,6.573,-6.613,-2.3,-2.377,-4.576,2.269,-5.941,4.996,-0.123,3.303,6.84,4.746,5.768
1360,2,-0.479,-3.004,2.558,1.279,1.266,1.948,-0.265,-2.307,0.919,7.791,8.89,0.123,1.46,0.663,-0.996,5.55,1.35,-3.233,-2.038,-2.019
1361,-24,-20.272,21.759,-20.976,19.765,19.851,16.331,20.868,21.751,-21.202,12.729,13.995,-21.861,19.017,-20.546,22.862,10.591,16.902,20.64,22.071,22.925
1362,15,6.237,-7.159,7.884,-4.625,-3.861,-4.252,-5.654,-9.453,8.352,-1.032,-2.605,6.913,-6.814,6.676,-7.892,3.667,-4.194,-8.92,-7.775,-12.11
1363,35,24.252,-23.145,23.835,-25.52,-27.259,-23.101,-25.452,-19.968,21.978,-23.941,-25.912,24.653,-21.961,23.66,-22.803,-20.687,-25.791,-20.401,-22.158,-15.298
1364,-22,-13.686,13.347,-13.028,12.322,12.964,12.356,15.17,15.459,-15.289,8.753,11.141,-14.78,10.561,-15.007,14.443,8.564,12.313,13.267,13.439,12.733
1365,17,11.537,-11.644,10.885,-10.015,-11.105,-10.431,-12.928,-13.534,13.416,-6.115,-8.299,12.642,-8.691,13.042,-12.494,-6.542,-9.812,-11.551,-11.326,-11.242
1366,-17,-11.537,11.644,-10.885,10.015,11.105,10.431,12.928,13.534,-13.416,6.115,8.299,-12.642,8.691,-13.042,12.494,6.542,9.812,11.551,11.326,11.242
1367,17,11.537,-11.644,10.885,-10.015,-11.105,-10.431,-12.928,-13.534,13.416,-6.115,-8.299,12.642,-8.691,13.042,-12.494,-6.542,-9.812,-11.551,-11.326,-11.242
1368,62,40.764,-44.974,43.792,-46.776,-44.562,-43.475,-44.135,-41.182,39.706,-46.829,-44.207,44.751,-41.835,40.454,-42.32,-50.424,-45.047,-41.846,-44.465,-48.177
1369,28,48.034,-41.088,42.364,-43.28,-45.712,-45.71,-44.479,-42.514,45.366,-42.598,-45.193,44.936,-44.486,46.108,-43.965,-44.383,-43.27,-42.871,-40.553,-36.526
1370,17,7.887,-6.78,7.162,-8.223,-8.378,-7.174,-8.54,-7.212,6.969,-8.554,-8.761,7.996,-7.505,7.523,-7.383,-8.9,-8.072,-7.539,-7.546,-5.884
1371,-6,0,0,0,0,0,0,0,0,0,0,0,0,0,0,0,0,0,0,0,0
1372,1,0,0,0,0,0,0,0,0,0,0,0,0,0,0,0,0,0,0,0,0
1373,-22,-13.517,13.533,-13.748,14.759,15.788,14.253,16.125,14.787,-13.56,12.769,15.601,-15.797,14.447,-15.062,13.978,16.16,14.482,15.323,6.379,12.035
1374,-7,-10.831,9.498,-9.694,9.399,10.432,10.406,9.752,9.902,-10.337,8.574,6.442,-11.376,9.947,-10.191,9.374,5.805,10.731,10.073,8.782,8.288
1375,34,24.348,-23.031,23.442,-24.158,-26.22,-24.659,-25.877,-24.689,23.897,-21.343,-22.043,27.173,-24.394,25.253,-23.352,-21.965,-25.213,-25.396,-15.161,-20.323
1376,-27,-13.517,13.533,-13.748,14.759,15.788,14.253,16.125,14.787,-13.56,12.769,15.601,-15.797,14.447,-15.062,13.978,16.16,14.482,15.323,6.379,12.035
1377,27,13.517,-13.533,13.748,-14.759,-15.788,-14.253,-16.125,-14.787,13.56,-12.769,-15.601,15.797,-14.447,15.062,-13.978,-16.16,-14.482,-15.323,-6.379,-12.035
1378,22,23.518,-20.322,21.434,-23.983,-24.432,-21.525,-25.711,-21.672,20.781,-25.419,-25.323,23.529,-22.07,22.405,-22.082,-25.82,-24.067,-22.167,-22.572,-17.642
1379,-13,-3.983,4.349,-4.295,4.528,4.637,4.57,5.059,4.787,-4.079,1.736,4.852,-4.992,3.823,-5.078,4.325,4.291,4.491,4.745,1.835,3.664
1380,31,24.345,-23.746,23.712,-24.955,-24.376,-23.981,-23.511,-24.905,22.425,-23.429,-16.364,24.195,-23.277,24.769,-23.613,-26.932,-25.45,-24.772,-23.096,-20.053
1381,36,35.767,-36.005,36.44,-35.738,-34.003,-33.257,-34.324,-33.158,35.739,-34.607,-30.633,35.672,-35.193,36.883,-35.888,-39.089,-34.833,-38.924,-44.095,-36.341
1382,-2,-1.584,1.751,-1.48,1.138,0.267,1.639,-0.058,1.644,-1.846,-1.285,-11.553,-1.594,1.5,-1.406,1.546,0.064,-0.453,2.195,1.194,2.331
1383,16,6.003,-6.16,5.918,-5.605,-4.52,-5.861,-4.306,-5.77,6.249,-4.053,6.753,6.209,-5.965,6.02,-6.852,-5.227,-4.522,-7.19,-5.912,-6.649
1384,5,4.399,-4.386,4.411,-4.459,-4.19,-4.199,-4.345,-4.167,4.376,-5.364,-4.818,4.6,-4.492,4.571,-5.28,-5.157,-4.97,-4.966,-4.673,-4.273
1385,-15,-13.214,14.201,-13.136,12.477,10.968,12.794,10.418,12.016,-15.197,10.361,-6.8,-12.876,13.493,-14.01,12.794,9.873,11.62,14.713,8.542,17.033
1386,-10,-12.64,12.999,-11.959,11.905,11.96,12.737,11.535,11.643,-13.893,10.773,17.516,-12.109,11.999,-13.344,12.327,12.081,9.865,11.896,13.141,14.139
1387,39,33.608,-35.622,33.474,-32.984,-30.784,-33.316,-30.132,-31.533,36.678,-29.911,-19.022,33.321,-34.223,35.315,-35.013,-31.95,-30.248,-36.212,-30.743,-38.242
1388,16,19.315,-18.989,18.149,-18.831,-20.3,-17.765,-19.52,-19.621,17.975,-17.414,-20.606,20.023,-17.529,18.249,-24.621,-24.714,-21.219,-21.889,-23.122,-17.647
1389,-12,-10.805,11.898,-9.733,9.288,10.413,10.489,8.527,10.999,-12.186,2.52,-8.476,-9.948,9.666,-9.458,10.523,9.127,8.895,11.91,9.16,11.568
1390,4,3.137,-4.903,4.19,-3.378,-1.773,-3.468,-1.538,-3.897,3.811,0.387,19.085,3.304,-3.95,2.862,-3.779,-1.812,-0.941,-5.084,-3.416,-4.907
1391,22,15.726,-14.773,14.064,-15.31,-17.921,-15.558,-16.078,-16.064,17.068,-11.487,-20.096,15.417,-14.525,15.074,-17.962,-19.528,-18.028,-17.454,-14.253,-18.365
1392,-22,-17.935,18.065,-16.046,16.411,18.258,18.206,16.601,19.083,-20.752,11.808,3.341,-17.692,16.909,-17.342,19.362,18.166,16.037,19.196,15.582,19.337
1393,22,17.935,-18.065,16.046,-16.411,-18.258,-18.206,-16.601,-19.083,20.752,-11.808,-3.341,17.692,-16.909,17.342,-19.362,-18.166,-16.037,-19.196,-15.582,-19.337
1394,25,15.45,-14.8,15.686,-17.343,-15.374,-16.86,-16.597,-16.175,15.036,-17.476,-15.874,16.524,-16.775,16.299,-19.249,-24.174,-17.939,-19.702,-15.19,-21.172
1395,21,9.863,-9.503,8.984,-10.413,-8.727,-9.781,-10.173,-9.734,7.717,-11.303,-9.953,10.138,-9.739,10.165,-12.235,-12.646,-10.442,-9.875,-9.498,-12.127
1396,-15,-12.298,11.282,-11.631,11.223,8.756,14.275,10.57,12.844,-13.961,5.854,-4.296,-11.954,11.487,-11.641,10.535,13.565,9.66,10.84,7.824,14.519
1397,8,6.278,-6.759,6.581,-5.69,-4.764,-7.9,-4.223,-6.441,9.241,2.715,13.516,5.913,-5.326,5.182,-4.59,-7.2,-5.308,-8.341,-3.38,-8.765
1398,-31,-21.5,20.692,-21.287,21.222,20.933,21.032,20.187,22.023,-23.07,14.049,7.224,-19.769,21.849,-19.903,20.306,22.863,23.112,23.437,18.925,20.678
1399,12,10.893,-11.701,9.671,-9.269,-11.304,-10.962,-8.843,-11.434,13.119,-1.591,6.935,9.641,-9.349,9.688,-11.04,-9.902,-9.642,-12.131,-9.234,-11.777
1400,26,16.627,-13.514,16.666,-17.486,-13.621,-16.445,-17.691,-16.992,14.671,-21.027,-23.379,16.169,-18.661,16.674,-15.211,-19.326,-17.822,-13.805,-14.135,-14.655
1401,28,12.58,-11.536,10.786,-12.349,-10.603,-11.78,-12.213,-11.127,9.524,-13.526,-12.259,11.878,-11.542,12.183,-14.399,-15.083,-12.684,-12.29,-11.613,-14.842
1402,10,8.924,-8.524,8.123,-8.667,-7.914,-8.581,-8.338,-8.091,7.176,-9.593,-8.538,8.742,-8.237,8.469,-11.082,-11.607,-8.801,-9.728,-8.881,-11.669
1403,49,20.371,-19.907,17.461,-20.136,-22.132,-19.009,-20.997,-21.757,17.86,-22.672,-19.265,21.577,-20.098,17.69,-27.366,-18.506,-23.285,-17.855,-20.785,-32.905
1404,7,1.519,-1.804,1.209,-1.696,-1.886,-1.647,-1.693,-1.786,1.607,-1.949,-1.861,1.989,-1.909,1.353,-2.266,-1.553,-1.661,-1.458,-1.363,-2.663
1405,-18,-10.497,12.571,-13.012,7.395,6.383,13.676,6.93,11.809,-11.3,3.556,1.139,-10.197,9.333,-8.981,10.057,-0.182,11.191,-4.193,10.572,19.214
1406,-51,-41.718,41.652,-39.487,43.966,46.595,39.181,45.88,38.25,-38.954,44.636,42.941,-42.797,39.518,-42.273,40.319,38.258,40.137,40.539,40.804,32.178
1407,22,16.719,-15.435,15.233,-15.427,-16.581,-18.177,-15.882,-18.397,20.399,-9.535,-3.831,16.168,-15.789,15.742,-16.964,-19.584,-15.861,-17.736,-13.709,-18.351
1408,11,8.067,-6.714,7.978,-8.019,-5.265,-6.638,-7.662,-7.177,4.72,-9.604,-9.287,6.761,-8.621,7.457,-6.194,-6.89,-8.639,-4.854,-6.573,-5.881
1409,15,5.929,-6.861,6.944,-6.32,-6.138,-6.566,-7.1,-5.113,5.537,-6.587,-7.055,5.969,-6.349,6.478,-5.306,-4.655,-6.567,-4.632,-5.936,-4.411
1410,7,8.659,-10.285,10.062,-8.893,-9.233,-9.815,-9.016,-6.325,7.732,-9.871,-9.797,9.303,-7.731,8.628,-8.275,-7.397,-8.578,-9.256,-9.592,-7.153
1411,4,5.632,-6.319,5.803,-5.516,-6.879,-5.076,-6.01,-5.278,5.059,-5.483,-6.416,7.055,-4.219,5.585,-5.923,-1.008,-5.902,-1.585,-7.341,-6.724
1412,-33,-19.448,19.983,-21.871,18.121,13.954,20.859,18.563,19.423,-18.749,14.657,7.77,-19.531,19.414,-19.172,17.664,12.399,20.266,9.3,18.123,23.047
1413,16,13.035,-12.112,12.724,-11.689,-6.035,-14.097,-11.296,-12.697,12.812,-7.641,3.541,12.078,-12.353,12.594,-11.198,-10.688,-9.861,-6.792,-9.496,-14.899
1414,-16,-13.035,12.112,-12.724,11.689,6.035,14.097,11.296,12.697,-12.812,7.641,-3.541,-12.078,12.353,-12.594,11.198,10.688,9.861,6.792,9.496,14.899
1415,3,1.356,-2.824,1.612,-0.444,1.818,-1.27,1.196,-1.028,2.28,5.245,21.623,0.832,0.269,-0.155,-1.729,-0.093,0.407,-2.166,-2.964,-2.547
1416,-9,-11.382,13.177,-12.13,11.298,10.556,11.765,9.512,9.546,-12.179,5.964,-10.447,-11.272,9.638,-9.437,10.401,10.954,9.507,14.343,11.815,10.16
1417,8,6.278,-6.759,6.581,-5.69,-4.764,-7.899,-4.223,-6.441,9.241,2.716,13.516,5.913,-5.326,5.183,-4.591,-7.2,-5.308,-8.341,-3.38,-8.765
1418,14,7.249,-5.435,6.398,-6.899,-4.743,-7.521,-7.821,-7.662,5.618,-10.489,-11.13,7.27,-7.751,7.676,-7.112,-7.442,-5.456,-3.039,-5.642,-6.87
1419,17,15.947,-18.142,19.41,-16.386,-16.821,-15.934,-17.227,-13.838,13.789,-18.093,-21.332,16.788,-16.244,15.905,-14.633,-8.618,-19.416,-10.097,-17.952,-15.025
1420,8,1.136,-1.316,1.048,-1.086,-1.363,-0.986,-1.135,-1.168,1.005,-1.068,-1.217,1.202,-0.898,1.114,-1.143,0.176,-1.144,0.237,-1.387,-1.312
1421,16,10.513,-12.469,8.872,-11.087,-12.62,-10.429,-10.891,-11.904,10.477,-11.702,-12.023,12.169,-10.857,10.119,-13.189,-3.36,-9.467,-2.882,-10.775,-16.175
1422,22,8.259,-8.833,6.111,-9.231,-9.077,-9.18,-9.189,-10.078,8.962,-10.81,-10.718,10.178,-10.761,7.256,-12.386,-9.233,-9.336,-8.683,-7.162,-19.386
1423,23,3.848,-4.146,2.828,-4.343,-4.347,-4.445,-4.387,-4.925,4.331,-5.144,-4.941,4.822,-5.239,3.497,-5.581,-4.601,-4.437,-4.325,-3.213,-8.527
1424,4,2.467,-2.706,1.84,-2.817,-2.839,-2.931,-2.82,-3.256,2.809,-3.213,-3.191,3.177,-3.402,2.266,-3.683,-3.064,-2.779,-2.877,-2.033,-4.542
1425,18,3.581,-3.992,2.708,-4.131,-4.154,-4.359,-4.062,-4.851,4.1,-4.658,-4.623,4.603,-4.973,3.213,-5.473,-4.59,-4.101,-4.31,-2.829,-6.772
1426,-15,-11.606,15.921,-17.206,9.271,7.453,18.197,5.291,15.785,-15.175,5.416,7.878,-11.9,10.717,-9.893,12.78,-9.918,10.498,-11.667,14.422,25.25
1427,18,12.775,-17.238,18.097,-10.629,-8.816,-19.642,-6.606,-17.395,16.528,-6.949,-9.369,13.379,-12.354,10.931,-14.563,8.388,-11.856,10.232,-15.328,-27.507
1428,-21,-14.521,18.424,-19.678,12.234,10.906,20.886,8.795,18.634,-18.232,7.877,10.342,-14.641,13.995,-13.168,15.312,-9.328,12.495,-12.359,17.067,26.896
1429,-18,-9.982,9.363,-7.822,10.804,10.41,8.243,11.76,7.944,-9.068,10.073,7.97,-9.947,9.844,-11.001,9.329,6.632,8.695,5.456,9.102,7.244
1430,29,14.579,-18.224,18.04,-12.695,-11.809,-18.607,-12.048,-15.904,16.309,-8.607,-6.912,15.16,-14.337,13.66,-14.41,-1.121,-15.835,2.87,-15.475,-24.232
1431,12,6.043,-5.718,5.885,-6.374,-5.825,-6.327,-5.109,-5.877,6.612,-6.135,-7.319,5.932,-5.668,6.163,-6.439,2.31,-3.758,2.39,-6.991,-8.864
1432,-49,-26.142,29.276,-28.922,25.131,23.19,29.441,23.468,26.615,-27.731,20.821,18.591,-26.777,25.307,-25.877,25.961,2.509,24.355,-1.47,27.726,37.279
1433,-28,-36.819,34.762,-32.458,36.424,40.323,32.821,38.202,33.926,-33.462,36.845,37.744,-35.309,33.393,-35.989,34.384,33.16,32.772,35.173,33.792,26.896
1434,-21,-11.249,11.341,-11.109,11.981,11.279,10.52,11.736,10.585,-10.433,13.982,11.967,-11.505,11.725,-12.027,11.543,12.205,10.786,12.103,11.153,9.591
1435,3,1.564,-1.734,1.46,-1.139,-0.155,-1.614,0.088,-1.632,1.822,1.29,11.586,1.58,-1.53,1.365,-1.525,-0.059,0.454,-2.161,-1.172,-2.285
1436,43,32.507,-30.513,32.219,-32.819,-31.794,-32.631,-34.013,-33.183,32.853,-32.367,-35.396,31.418,-33.895,32.038,-31.789,-35.732,-34.647,-30.906,-28.881,-30.239
1437,-15,-12.298,11.282,-11.63,11.224,8.756,14.274,10.569,12.844,-13.961,5.854,-4.296,-11.954,11.488,-11.642,10.535,13.565,9.66,10.84,7.824,14.519
1438,46,28.059,-29.229,28.981,-27.568,-24.766,-31.516,-27.657,-24.969,27.575,-23.798,-13.399,28.641,-25.614,28.021,-25.119,-28.414,-25.503,-26.195,-24.489,-27.382
1439,-8,-9.858,9.939,-10.273,8.014,3.799,11.582,7.853,9.568,-10.804,3.975,-6.629,-9.25,8.48,-9.506,9.048,8.264,6.858,5.487,7.776,13.024
1440,8,9.858,-9.939,10.273,-8.014,-3.799,-11.582,-7.853,-9.568,10.804,-3.975,6.629,9.25,-8.48,9.506,-9.048,-8.264,-6.858,-5.487,-7.776,-13.024
1441,9,7.208,-8.078,6.851,-6.853,-8.432,-6.266,-7.528,-7.105,6.304,-6.765,-7.695,8.294,-5.604,7.08,-7.425,-0.832,-7.046,-1.349,-8.897,-8.036
1442,39,30.131,-31.355,25.166,-30.85,-32.725,-30.697,-28.461,-34.65,32.078,-31.073,-34.138,30.528,-31.941,29.403,-34.262,-7.118,-23.164,-5.851,-27.692,-39.431
1443,25,4.413,-5.115,3.417,-5.11,-5.198,-5.637,-4.981,-6.249,5.258,-5.854,-5.076,5.586,-6.157,3.917,-6.825,-6.105,-5.289,-5.717,-3.161,-9.018
1444,-4,-15.331,20.327,-21.493,13.366,9.652,23.372,6.548,21.336,-20.143,7.733,10.822,-14.534,14.591,-13.837,16.902,-12.893,10.815,-14.342,17.643,26.556
1445,8,6.316,-10.693,11.077,-3.355,-0.37,-11.815,0.523,-9.763,8.369,0.441,-1.221,6.454,-4.884,3.903,-7.867,8.006,-6.677,9.205,-8.301,-20.482
1446,-38,-28.464,30.665,-29.282,26.242,25.079,30.14,25.377,29.098,-29.073,21.339,19.736,-27.666,26.583,-28.084,26.983,3.198,24.866,-0.973,28.014,34.255
1447,-5,-8.506,7.676,-7.702,8.802,8.306,6.698,8.921,7.533,-6.933,9.105,7.253,-8.428,8.042,-8.618,7.524,5.354,7.107,5.961,7.451,6.158
1448,-6,-11.814,11.087,-10.738,11.983,13.433,10.871,12.202,10.698,-11.12,12.774,12.171,-11.545,11.027,-11.599,10.095,11.351,10.78,12.587,10.095,8.879
1449,13,9.734,-9.527,9.492,-8.647,-7.227,-11.949,-7.909,-10.185,12.155,-1.979,8.121,9.402,-8.624,9.134,-8.09,-11.409,-7.675,-9.918,-5.721,-12.254
1450,-13,-9.734,9.527,-9.492,8.647,7.227,11.949,7.909,10.185,-12.155,1.979,-8.121,-9.402,8.624,-9.134,8.09,11.409,7.675,9.918,5.721,12.254
1451,-32,-27.999,27.34,-25.503,27.735,30.074,25.837,28.815,26.279,-26.224,30.305,30.287,-26.841,26.08,-28.227,28.308,28.661,27.175,29.008,27.836,21.45
1452,28,20.823,-20.136,19.413,-20.176,-21.176,-21.409,-20.291,-22.623,24.224,-16.016,-8.446,20.86,-20.819,20.297,-22.481,-22.382,-19.604,-22.242,-18.529,-22.422
1453,29,14.798,-14.05,16.11,-15.401,-12.378,-14.59,-15.555,-13.534,11.867,-16.791,-17.116,13.783,-16.222,14.758,-12.255,-14.592,-16.242,-11.985,-13.023,-11.218
1454,29,21.419,-24.086,22.358,-21.578,-22.837,-21.754,-22.694,-17.887,18.502,-22.979,-23.638,23.336,-18.114,21.807,-20.586,-14.498,-21.236,-15.544,-24.062,-19.782
1455,49,41.594,-42.885,35.742,-42.75,-44.959,-44.065,-38.563,-48.299,46.123,-43.241,-44.184,40.896,-43.887,41.159,-36.205,-10.383,-32.687,-8.785,-36.037,-46.549
1456,37,6.472,-7.299,5.238,-7.574,-7.474,-8.325,-7.491,-8.181,7.726,-8.643,-7.073,8.066,-8.737,5.877,-4.156,-8.939,-7.794,-8.534,-4.392,-6.957
1457,-54,-104.99,104.388,-102.869,103.42,104.89,104.352,98.269,106.16,-106.421,101.312,96.368,-98.245,98.186,-107,99.275,48.214,90.162,45.668,98.869,87.421
1458,-15,-17.293,17.202,-17.231,17.215,16.671,15.608,16.378,15.178,-16.552,18.121,19.001,-16.621,16.252,-17.743,16.713,17.21,17.303,17.012,17.673,15.684
1459,9,10.598,-11.555,10.643,-9.789,-8.485,-10.1,-7.853,-9.725,11.999,-5.867,10.819,10.147,-10.749,11.197,-10.189,-6.997,-7.933,-11.995,-7.084,-14.07
1460,-3,-3.098,3.721,-3.267,2.806,1.291,3.271,0.88,3.022,-3.8,0.705,-17.436,-3.177,3.331,-3.145,3.267,1.449,0.799,4.316,2.555,5.06
1461,7,8.635,-9.298,8.479,-8.333,-6.544,-8.946,-6.075,-7.911,10.384,-7.989,9.661,8.728,-9.012,9.006,-8.501,-7.217,-6.985,-9.834,-6.452,-11.344
1462,-6,-3.052,3.675,-3.218,2.804,1.141,3.219,0.84,2.997,-3.747,0.698,-17.488,-3.158,3.366,-3.082,3.23,1.442,0.806,4.254,2.497,4.978
1463,-44,-45.368,46.662,-45.642,46.198,45.628,43.864,43.834,43.741,-45.246,45.217,56.006,-44.602,44.546,-47.954,44.066,47.136,47.545,46.205,43.846,42.974
1464,-10,-15.422,13.551,-14.378,15.64,15.986,14.31,17.322,14.388,-13.587,16.766,18.633,-15.381,14.61,-14.792,14.595,17.457,16.034,15.691,14.379,11.588
1465,-22,-7.825,6.814,-7.248,8.076,8.217,7.198,8.686,7.229,-6.953,8.599,7.929,-7.896,7.522,-7.504,7.384,8.943,8.154,8.013,7.314,5.89
1466,16,4.012,-4.38,4.349,-4.735,-4.85,-4.619,-5.234,-4.808,4.138,-1.924,-5.432,5.157,-3.972,5.191,-4.402,-4.498,-4.613,-4.884,-1.864,-3.687
1467,-40,-27.515,25.05,-26.161,28.408,29.641,26.541,30.463,26.708,-25.185,27.121,27.843,-29.58,27.03,-27.904,26.188,32.503,29.361,29.15,24.966,21.317
1468,8,0.468,-0.463,0.377,-0.215,-0.797,-0.739,-0.273,-0.718,0.408,0.523,-0.216,0.575,-0.234,0.977,-0.407,-0.214,-0.818,-0.616,-0.311,-0.406
1469,19,13.048,-13.07,13.371,-14.544,-14.991,-13.514,-15.852,-14.069,13.152,-13.292,-15.385,15.222,-14.214,14.085,-13.571,-15.947,-13.665,-14.707,-6.069,-11.629
1470,-10,-0.56,0.479,-0.396,0.321,0.864,0.838,0.348,0.758,-0.445,-0.407,0.485,-0.615,0.267,-1.063,0.478,0.392,0.989,0.747,0.31,0.419
1471,-4,-3.431,3.903,-3.954,4.45,4.013,3.768,4.872,4.041,-3.697,2.319,4.714,-4.518,3.725,-4.123,3.918,4.182,3.629,4.16,1.556,3.27
1472,-21,-30.45,27.92,-28.881,29.788,29.573,30.208,30.416,29.022,-29.404,30.332,24.081,-31.403,30.39,-30.176,28.564,29.669,30.586,31.538,27.108,24.715
1473,-29,-27.102,26.646,-26.972,25.061,26.166,27.713,25.955,25.932,-26.626,26.103,21.198,-25.893,27.03,-25.455,25.823,31.463,26.889,28.349,32.147,26.555
1474,-16,-10.618,12.154,-11.724,12.563,12.075,11.136,11.529,11.067,-10.206,12.401,9.575,-12.272,11.418,-10.804,10.611,15.161,12.635,13.458,12.531,12.669
1475,-26,-14.097,15.879,-15.002,16.199,14.805,14.72,14.974,14.555,-13.197,15.987,13.79,-16.084,15.156,-14.171,13.69,19.742,16.75,16.385,15.853,17.463
1476,-11,-6.575,6.518,-6.693,7.439,6.827,7.065,6.829,6.965,-6.174,6.679,6.825,-7.156,6.891,-6.599,6.751,8.446,7.708,7.592,7.367,7.023
1477,-13,-9.021,8.772,-9.108,9.458,9.514,8.451,9.84,8.709,-8.618,8.734,10.066,-9.535,7.929,-9.239,10.819,10.918,9.874,10.697,9.78,8.395
1478,3,-1.018,-3.117,2.429,0.606,1.584,1.904,-0.5,-1.823,0.599,4.728,9.045,-0.054,2.356,0.205,-0.67,3.715,1.017,-2.348,-3.58,-0.777
1479,11,10.267,-11.148,10.139,-11.632,-11.033,-12.511,-11.068,-10.197,11.675,-11.454,-13.348,10.66,-10.787,10.367,-9.717,-12.927,-12.591,-9.941,-7.832,-15.253
1480,-32,-18.077,22.445,-20.728,20.129,18.777,19.015,20.815,20.6,-20.649,15.736,14.03,-19.888,16.306,-19.599,20.962,20.131,21.051,22.259,20.417,26.087
1481,-11,-8.61,7.302,-7.325,8.456,8.274,7.737,8.258,8.347,-7.62,8.38,7.99,-8.765,7.762,-8.421,10.319,10.415,8.313,9.027,8.007,10.258
1482,-13,-7.838,6.231,-6.617,7.587,7.216,6.994,7.027,7.247,-6.605,6.923,6.717,-7.741,7.665,-7.211,9.702,8.841,7.921,8.339,7.181,9.885
1483,20,13.527,-13.668,12.892,-12.57,-13.126,-12.891,-15.243,-15.523,15.445,-9.224,-11.131,14.758,-10.11,15.075,-14.282,-9.587,-12.166,-13.65,-13.524,-13.578
1484,-20,-13.527,13.668,-12.892,12.57,13.126,12.891,15.243,15.523,-15.445,9.224,11.131,-14.758,10.11,-15.075,14.282,9.587,12.166,13.65,13.524,13.578
1485,29,20.984,-20.971,21.508,-21.343,-19.342,-20.378,-23.211,-23.263,21.893,-18.922,-19.746,22.526,-18.999,21.774,-21.794,-18.519,-21.954,-20.292,-21.103,-22.949
1486,-7,-5.614,10.472,-9.158,7.51,5.413,6.572,7.69,8.541,-8.319,2.321,-0.878,-7.042,5.221,-6.768,6.857,5.055,7.93,8.948,7.675,12.022
1487,34,24.642,-34.534,33.265,-30.661,-29.573,-26.92,-29.272,-28.972,27.003,-24.868,-21.02,28.984,-26.899,25.846,-27.151,-27.019,-31.075,-29.533,-29.83,-34.505
1488,32,27.861,-24.66,25.584,-23.926,-24.966,-30.2,-24.586,-23.279,27.3,-22.874,-24.173,24.452,-27.105,26.539,-25.527,-20.587,-24.249,-25.003,-21.918,-21.42
1489,-12,-5.778,7.216,-6.914,6.447,3.843,7.733,5.823,7.056,-7.624,2.638,0.205,-6.288,6.282,-7.753,6.685,1.171,5.634,6.988,3.424,6.708
1490,23,20.071,-19.94,20.299,-19.822,-19.191,-21.319,-19.411,-20.305,20.793,-16.98,-15.53,21.575,-19.627,21.423,-19.957,-16.673,-19.899,-20.943,-17.227,-17.942
1491,-1,0,0,0,0,0,0,0,0,0,0,0,0,0,0,0,0,0,0,0,0
1492,23,15.253,-13.246,13.958,-16.231,-16.465,-14.137,-16.912,-13.984,13.519,-16.495,-16.532,15.847,-14.75,14.615,-14.48,-17.741,-15.783,-15,-14.729,-11.716
1493,-37,-29.154,27.178,-27.594,28.88,29.508,29.757,29.967,28.781,-29.288,24.97,26.037,-30.402,28.809,-30.036,27.585,25.614,29.441,29.398,19.217,24.344
1494,7,2.327,-3.371,3.086,-2.766,0.362,-3.417,-2.388,-3.102,3.517,0.888,1.02,1.634,-2.29,3.877,-2.976,0.904,-2.252,-2.682,-1.541,-3.028
1495,15,14.279,-13.244,13.557,-12.996,-16.13,-14.367,-13.785,-14.306,14.143,-13.156,-12.216,15.899,-14.277,14.252,-13.36,-12.092,-13.91,-14.641,-8.538,-12.109
1496,-23,-21.337,20.248,-20.259,18.662,18.941,22.864,19.924,21.122,-22.906,15.633,14.709,-20.499,21.056,-22.887,20.283,14.74,19.336,20.712,14.507,18.925
1497,-28,-21.338,22.245,-22.135,21.871,22.549,22.661,21.819,23.59,-21.708,25.745,22.155,-22.467,22.306,-19.535,23.349,24.372,21.348,19.815,26.165,26.299
1498,-13,-8.063,8.824,-9.457,9.094,7.485,7.521,8.342,8.149,-6.702,9.501,8.705,-8.494,9.139,-7.334,7.796,9.085,9.828,7.748,8.566,9.456
1499,-28,-18.852,20.308,-21.583,20.264,21.743,19.349,20.888,17.373,-18.186,17.578,22.435,-19.792,17.988,-18.669,17.797,16.573,21.069,19.684,20.463,13.181
1500,-11,-13.317,11.783,-12.325,13.012,13.808,12.435,13.136,10.979,-11.714,12.355,13.025,-13.899,11.154,-13.427,12.874,13.168,12.582,12.893,12.96,10.901
1501,15,14.531,-14.81,14.091,-14.091,-14.125,-14.24,-16.509,-16.8,16.546,-11.068,-12.487,15.931,-11.306,16.047,-15.352,-11.542,-13.709,-14.794,-14.704,-15.593
1502,10,7.675,-8.084,9.09,-8.827,-6.583,-7.517,-8.289,-7.897,6.647,-9.799,-8.751,8.149,-8.964,7.008,-7.769,-9.176,-9.814,-6.845,-8.004,-9.407
1503,-4,1.12,3.279,-2.518,0.861,-2.141,-0.881,0.435,2.172,-0.559,-1.226,-7.814,-0.384,-0.79,0.212,1.381,-0.378,0.256,2.124,2.62,4.366
1504,1,-0.168,-0.259,0.175,-0.109,1.547,1.872,0.337,-0.237,-0.593,0.718,1.008,-0.562,1.424,-1.066,0.188,1.293,0.144,-0.203,-0.176,-0.21
1505,-10,-8.656,9.952,-9.022,9.008,8.307,8.039,9.081,8.717,-9.413,5.592,8.558,-8.337,6.78,-7.955,7.202,6.934,9.804,8.944,7.443,10.786
1506,13,7.704,-12.972,11.365,-9.76,-7.713,-9.03,-9.853,-10.652,10.565,-5.084,-1.752,9.283,-7.414,8.809,-8.771,-7.849,-10.204,-10.865,-9.887,-14.942
1507,-25,-22.206,22.894,-23.181,22.918,20.708,21.757,24.798,24.697,-23.193,20.867,21.238,-24.08,20.27,-23.055,23.121,20.718,23.523,21.639,22.708,25
1508,-3,-1.964,1.692,-1.832,2.005,2.015,1.846,1.976,1.62,-1.721,1.666,1.804,-2.034,1.992,-1.917,2.019,1.949,1.954,1.908,1.909,1.833
1509,20,13.527,-13.668,12.892,-12.57,-13.126,-12.891,-15.243,-15.523,15.445,-9.224,-11.131,14.758,-10.11,15.075,-14.282,-9.587,-12.166,-13.65,-13.524,-13.578
1510,-10,-5.853,8.97,-7.711,5.763,6.045,5.537,7.437,7.37,-8.375,0.563,0.682,-6.237,2.766,-7.138,5.503,2.559,6.261,8.57,7.053,7.016
1511,-25,-14.925,10.899,-11.387,13.878,13.864,13.472,14.268,14.85,-13.349,15.435,16.83,-15.623,14.66,-14.307,17.803,15.541,13.488,13.04,13.123,16.189
1512,31,17.414,-16.215,16.913,-16.323,-15.719,-15.482,-18.631,-18.959,18.148,-13.274,-15.4,18.238,-14.971,17.99,-17.821,-12.252,-17.036,-16.555,-16.687,-16.761
1513,12,7.622,-8.67,9.057,-9.364,-8.2,-7.669,-8.01,-8.058,6.866,-9.376,-8.538,7.938,-9.154,7.367,-7.749,-8.974,-9.788,-7.515,-8.293,-9.37
1514,-10,-7.159,11.748,-10.36,8.777,7.149,8.148,9.236,9.77,-10.028,3.896,1.587,-8.365,6.238,-8.278,7.945,6.419,9.3,10.316,9.117,12.948
1515,8,5.111,-9.282,8.192,-6.534,-4.92,-5.695,-7.087,-7.703,7.797,-1.143,0.963,6.209,-4.053,6.286,-6.053,-3.648,-7.032,-8.531,-6.955,-10.04
1516,-11,-6.639,10.53,-9.36,7.773,6.638,7.271,8.691,9.064,-9.46,2.783,1.499,-7.513,5.064,-8.027,7.578,5.011,8.398,9.921,8.403,11.125
1517,20,14.065,-19.733,18.358,-16.358,-15.245,-15.854,-17.325,-16.739,17.237,-11.778,-9.98,16.005,-13.425,15.498,-15.29,-14.248,-17.228,-17.533,-16.742,-20.339
1518,5,2.705,-3.632,3.549,-3.312,-3.572,-3.097,-3.279,-2.876,2.798,-3.17,-3.039,3.311,-3.095,2.756,-2.956,-3.233,-3.292,-3.125,-3.126,-3.174
1519,11,8.722,-11.029,10.772,-10.647,-11.322,-9.797,-9.845,-8.853,8.541,-10.253,-10.015,10.169,-9.3,8.433,-9.12,-9.658,-10.024,-9.967,-9.841,-9.681
1520,16,12.532,-12.217,12.361,-11.064,-12.187,-14.818,-11.684,-10.938,12.502,-11.65,-11.528,11.321,-13.101,12.038,-12.347,-11.228,-11.479,-11.534,-11.632,-11.867
1521,18,18.727,-16.196,16.892,-16.888,-16.696,-18.662,-16.691,-16.163,18.503,-15.329,-16.606,17.325,-17.156,18.461,-17.111,-15.004,-16.775,-16.883,-14.664,-15.035
1522,55,45.529,-39.966,41.321,-46.086,-48.246,-42.271,-48.106,-42.325,40.565,-47.886,-49.454,47.043,-43.316,43.45,-42.759,-50.512,-45.923,-43.789,-43.77,-34.726
1523,45,49.765,-48.445,47.577,-50.087,-48.144,-46.573,-47.416,-47.575,46.698,-47.589,-34.989,48.351,-47.393,48.986,-48.096,-52.15,-47.199,-48.425,-57.415,-45.42
1524,-6,-5.331,6.227,-5.591,4.762,3.326,5.282,3.001,5.214,-6.384,-0.571,-17.439,-5.277,5.644,-5.602,5.222,2.989,1.223,6.697,3.965,8.236
1525,-27,-20.302,21.476,-20.393,21.18,21.555,21.584,19.704,21.39,-21.182,19.969,31.984,-20.242,20.699,-21.961,19.494,22.375,22.999,20.627,18.878,19.401
1526,22,16.791,-18.759,17.585,-17.45,-16.467,-17.82,-14.873,-18.852,17.35,-11.245,-3.791,17.049,-17.717,18.432,-16.731,-16.699,-16.258,-18.821,-13.291,-17.437
1527,29,21.672,-21.803,21.181,-21.483,-20.855,-20.697,-20.1,-19.3,23.044,-23.074,-24.886,21.076,-20.826,22.309,-20.844,-21.458,-21.045,-21.209,-22.814,-23.377
1528,16,22.358,-22.817,22.475,-22.992,-22.364,-20.098,-21.978,-20.883,21.749,-23.953,-24.6,21.976,-21.137,21.958,-22.694,-23.293,-22.428,-22.133,-24.707,-20.998
1529,11,9.127,-8.582,8.122,-8.478,-9.597,-7.551,-8.794,-8.28,8.482,-6.943,-10.173,8.59,-7.391,8.464,-9.042,-9.544,-8.744,-8.707,-10.438,-7.639
1530,-18,-18.046,19.144,-16.662,16.41,17.144,17.66,15.667,17.838,-20.125,13.503,1.207,-17.348,17.14,-17.641,18.388,16.064,15.906,18.822,15.873,19.819
1531,-17,-13.112,12.33,-12.506,13.142,11.836,12.213,12.778,12.865,-13.406,15.864,17.669,-13.627,13.386,-13.423,13.791,12.857,12.625,12.025,13.583,13.869
1532,-40,-27.905,28.708,-30.183,29.806,27.732,26.702,27.042,29.087,-25.994,29.473,39.039,-27.584,29.675,-28.875,27.669,29.047,31.53,27.786,31.045,24.757
1533,-30,-21.096,19.352,-20.684,22.022,23.052,20.767,24.923,20.202,-19.309,23.166,25.08,-21.937,21.172,-20.318,20.456,22.679,22.835,20.339,20.083,14.924
1534,-24,-21.646,19.803,-20.838,22.308,23.797,20.987,23.587,20.076,-19.396,23.814,21.2,-22.592,21.482,-20.376,20.357,23.313,22.693,21.557,20.893,14.921
1535,27,13.517,-13.533,13.748,-14.759,-15.788,-14.253,-16.125,-14.788,13.56,-12.769,-15.601,15.796,-14.448,15.062,-13.977,-16.161,-14.483,-15.324,-6.38,-12.035
1536,-14,-3.991,4.383,-4.35,4.771,4.877,4.607,5.22,4.799,-4.141,1.912,5.198,-5.133,3.992,-5.185,4.395,4.574,4.618,4.908,1.866,3.689
1537,9,0.557,-0.48,0.396,-0.321,-0.862,-0.837,-0.343,-0.757,0.445,0.414,-0.451,0.603,-0.267,1.058,-0.476,-0.391,-0.987,-0.747,-0.31,-0.419
1538,30,33.961,-30.052,30.594,-34.542,-35.368,-33.117,-35.433,-32.436,31.661,-34.733,-34.876,34.147,-32.768,33.076,-31.445,-36.738,-35.734,-32.24,-25.984,-25.914
1539,13,14.552,-14.928,13.762,-14.024,-13.335,-14.697,-14.012,-15.591,14.857,-13.007,-7.103,14.585,-14.622,14.76,-15.208,-15.023,-11.802,-14.209,-21.553,-15.405
1540,-15,-9.828,11.524,-10.217,9.3,7.723,9.477,7.399,10.414,-10.171,1.548,-8.795,-9.164,9.821,-10.308,8.926,7.338,6.269,11.126,8.551,12.158
1541,-11,-9.801,10.147,-10.132,10.893,11.427,11.298,10.027,10.868,-10.619,11.671,15.913,-10.705,10.635,-11.084,10.406,12.24,12.423,10.497,8.389,8.716
1542,17,7.517,-8.422,8.103,-8.409,-7.8,-8.698,-5.948,-8.871,7.855,-6.33,-3.281,8.475,-7.889,9.119,-8.261,-8.563,-8.399,-8.784,-3.574,-7.318
1543,-3,0,0,0,0,0,0,0,0,0,0,0,0,0,0,0,0,0,0,0,0
1544,39,29.465,-29.486,30.375,-29.589,-26.139,-27.575,-28.063,-28.808,29.72,-28.003,-24.691,28.459,-30.968,29.462,-28.485,-27.105,-28.932,-29.044,-31.952,-31.251
1545,-11,-13.428,14.45,-13.379,12.516,11.169,13.035,10.426,12.159,-15.424,7.931,-7.191,-12.957,13.484,-14.146,12.764,9.876,10.379,14.783,8.929,17.423
1546,-32,-21.483,22.416,-21.142,22.076,22.572,22.958,21.308,23.342,-22.151,24.048,34.305,-22.059,21.656,-23.476,22.202,24.618,23.131,21.365,23.363,20.523
1547,-15,-13.33,11.032,-11.761,13.729,13.547,12.605,15.402,13.255,-11.782,15.704,17.922,-13.805,13.165,-12.602,13.073,14.76,13.762,12.024,12.376,9.925
1548,10,0.56,-0.479,0.396,-0.32,-0.864,-0.839,-0.348,-0.758,0.444,0.409,-0.504,0.615,-0.265,1.064,-0.478,-0.391,-0.99,-0.748,-0.309,-0.418
1549,-32,-21.416,17.573,-19.868,22.275,22.048,19.906,23.844,20.654,-18.381,23.737,22.435,-21.93,21.473,-20.515,20.283,23.497,23.535,20.031,19.954,15.386
1550,-25,-26.444,23.692,-25.026,24.901,24.493,25.326,24.426,23.705,-24.321,25.66,19.59,-25.964,25.053,-24.968,24.564,21.538,25.959,25.05,27.857,20.422
1551,22,16.605,-16.616,16.644,-15.762,-15.767,-17.784,-16.174,-17.408,17.661,-12.268,-11.195,17.534,-16.566,18.129,-16.336,-11.188,-16.161,-17.323,-10.078,-15.137
1552,29,25.594,-21.452,22.153,-26.352,-27.58,-24.552,-28.162,-23.398,23.568,-27.668,-31.104,25.943,-24.836,24.148,-22.94,-28.996,-26.65,-24.126,-20.582,-18.713
1553,20,27.005,-24.748,24.376,-26.57,-25.901,-26.503,-26.085,-28.123,24.922,-29.207,-17.788,26.746,-26.766,26.153,-26.95,-29.434,-26.248,-25.181,-29.468,-22.391
1554,23,14.314,-13.456,15.169,-14.391,-11.903,-12.725,-13.272,-13.302,13.713,-13.734,-13.211,13.791,-14.926,13.965,-13.974,-12.869,-13.768,-13.209,-19.091,-14.731
1555,48,37.879,-40.902,41.032,-39.11,-40.11,-35.961,-38.084,-35.024,36.814,-41.135,-43.767,38.111,-37.813,36.921,-38.744,-35.542,-41.511,-39.378,-43.481,-32.8
1556,-18,-18.046,19.144,-16.662,16.41,17.144,17.66,15.667,17.838,-20.125,13.503,1.207,-17.348,17.14,-17.641,18.388,16.064,15.906,18.822,15.873,19.819
1557,2,1.584,-1.75,1.48,-1.138,-0.267,-1.638,0.058,-1.643,1.846,1.285,11.554,1.595,-1.5,1.405,-1.546,-0.064,0.454,-2.195,-1.194,-2.331
1558,-13,-11.365,10.916,-10.474,10.767,9.135,10.754,9.388,11.224,-11.866,11.161,1.903,-11.802,11.249,-11.46,11.916,9.706,9.223,11.139,11.081,12.649
1559,-21,-14.619,14.041,-15.498,14.678,12.158,13.014,13.636,13.626,-13.894,12.815,18.445,-14.026,15.108,-14.302,14.083,13.253,13.311,13.468,15.886,14.703
1560,7,3.614,-4.513,3.831,-3.177,-1.599,-3.788,-1.216,-3.548,4.198,3.023,15.623,3.515,-3.587,3.582,-3.439,-1.844,0.644,-4.663,-2.966,-5.543
1561,4,2.14,-2.428,2.261,-1.965,-2.008,-1.926,-2.115,-2.111,2.499,-1.059,-0.15,2.085,-2.3,2.434,-2.087,-1.536,-1.256,-2.383,-1.746,-3.054
1562,23,25.436,-25.891,24.167,-25.036,-24.478,-25.16,-24.239,-23.787,27.786,-29.993,-33.64,25.282,-25.613,26.736,-25.824,-24.677,-26.124,-25.045,-22.915,-27.782
1563,-3,-2.088,3.465,-2.871,2.539,0.612,2.638,0.307,2.485,-2.675,-1.148,-18.1,-2.299,3.142,-1.921,2.615,1.134,0.046,3.952,2.438,3.618
1564,1,0,0,0,0,0,0,0,0,0,0,0,0,0,0,0,0,0,0,0,0
1565,28,28.833,-27.276,29.574,-29.67,-27.992,-26.309,-27.864,-28.785,28.865,-24.668,-15.492,28.072,-28.31,26.968,-29.798,-31.032,-29.119,-29.93,-31.577,-26.891
1566,22,27.644,-25.575,25.773,-27.4,-25.006,-25.806,-27.496,-23.126,22.662,-29.068,-27.896,25.573,-24.073,28.419,-23.696,-29.972,-26.162,-23.348,-25.09,-20.299
1567,34,55.986,-55.956,54.507,-55.033,-57.38,-56.947,-51.742,-61.413,55.025,-57.5,-53.48,55.679,-55.397,58.484,-63.743,-26.294,-52.864,-22.856,-58.891,-56.323
1568,11,10.355,-9.294,9.094,-10.848,-8.689,-12.294,-8.339,-12.806,11.109,-10.99,-7.421,9.667,-11.555,10.063,-6.417,-7.773,-10.232,-6.29,-8.703,-8.524
1569,7,1.242,-1.22,1.188,-1.313,-1.307,-1.385,-1.419,-1.349,1.284,-1.53,-1.199,1.349,-1.457,1.119,-0.691,-1.468,-1.294,-1.42,-0.763,-1.175
1570,-1,-46.616,48.579,-48.975,44.872,43.374,52.372,38.355,53.192,-52.981,37.135,35.683,-41.652,43.613,-48.282,43.787,-7.397,33.541,-11.863,43.513,42.059
1571,5,9.277,-9.529,9.885,-7.149,-3.45,-11.172,-7.143,-9.009,10.38,-3.099,6.934,8.817,-7.666,8.775,-8.664,-7.297,-6.473,-5.301,-7.494,-12.898
1572,-43,-55.576,53.366,-51.902,53.588,53.292,52.445,55.229,51.531,-52.433,52.514,39.986,-53.475,50.695,-55.047,52.212,49.845,50.575,50.028,51.064,47.153
1573,39,29.011,-26.854,28.141,-28.658,-26.751,-29.02,-28.282,-30.173,29.563,-25.048,-18.187,27.778,-30.057,28.053,-28.217,-31.311,-28.998,-28.296,-25.122,-28.185
1574,26,9.458,-11.019,10.729,-10.089,-9.689,-10.89,-11.206,-7.679,8.454,-10.614,-10.837,9.627,-9.534,9.842,-8.19,-7.079,-9.905,-7.982,-9.057,-6.625
1575,-45,-29.552,28.05,-29.44,28.822,26.559,30.575,29.483,29.273,-29.557,24.682,18.788,-27.725,29.389,-28.826,27.106,29.946,29.887,26.081,24.742,27.953
1576,-44,-21.576,22.315,-21.892,22.588,22.111,20.689,22.25,19.766,-20.568,26.231,24.428,-22.027,22.223,-22.182,21.736,21.304,21.923,22.765,21.64,18.129
1577,-34,-42.85,43.775,-43.319,43.527,42.124,39.937,40.974,40.266,-40.466,42.798,52.12,-41.402,40.843,-44.521,41.489,44.804,43.656,43.04,45.99,37.878
1578,4,0,0,0,0,0,0,0,0,0,0,0,0,0,0,0,0,0,0,0,0
1579,-12,-14.399,13.417,-14.146,15.115,15.489,14.113,15.698,14.218,-13.221,16.439,18.466,-14.9,14.196,-14.553,14.349,17.144,15.856,15.28,14.206,11.111
1580,-50,-31.502,27.556,-29.17,32.629,33.058,29.362,35.169,29.25,-28.002,34.245,31.779,-32.354,30.638,-30.408,29.457,36.901,33.287,32.468,30.122,23.558
1581,-24,-41.027,35.714,-37.244,35.712,36.098,40.562,37.861,36.44,-39.305,36.959,29.137,-38.247,39.483,-38.58,36.974,39.087,38.658,39.988,43.939,31.817
1582,-31,-21.767,24.764,-24.232,24.955,25.194,22.455,22.952,23.285,-21.096,25.156,19.352,-24.686,22.804,-21.79,22.017,29.956,25.504,26.378,26.992,25.513
1583,-19,-10.6,12.054,-11.63,12.221,11.223,11.077,11.539,11.014,-10.101,12.473,9.973,-12.197,11.439,-10.776,10.479,15.131,12.593,12.913,12.139,13.023
1584,-10,-7.034,7.858,-7.263,8.074,7.37,7.343,7.286,7.229,-6.477,7.719,6.973,-7.972,7.536,-6.992,6.727,9.669,8.361,7.931,7.837,8.772
1585,15,9.269,-16.628,13.998,-12.822,-10.934,-11.188,-11.841,-13.212,12.151,-9.561,-2.871,12.181,-10.541,10.442,-11.311,-12.404,-12.743,-13.735,-11.936,-21.077
1586,-6,-0.019,5.235,-4.18,2.626,0.619,0.433,2.085,3.999,-2.026,0.114,-7.881,-1.887,0.701,-1.177,2.919,0.938,1.468,4.298,4.528,7.039
1587,-20,-12.658,14.747,-13.231,14.099,13.86,14.391,13.206,12.77,-13.262,13.161,14.192,-14.055,13.543,-12.643,11.737,16.142,15.385,13.303,11.204,18.304
1588,1,-1.145,-1.685,0.936,0.115,2.383,1.909,0.532,-1.13,-0.53,2.491,4.57,-0.614,1.835,-1.04,-0.148,1.857,0.337,-0.826,-1.093,-1.82
1589,-17,-8.068,10.846,-10.49,9.795,7.27,7.164,9.462,10.379,-8.316,6.207,5.557,-9.173,6.64,-8.373,10.728,9.19,9.851,11.726,11.282,10.025
1590,-10,-8.875,8.233,-8.386,9.176,9.374,8.418,9.415,8.593,-8.561,9.011,10.175,-9.364,7.901,-9.08,10.713,10.92,9.795,10.379,9.251,9.534
1591,8,6.225,-9.466,8.47,-6.762,-6.286,-6.399,-7.901,-8.115,8.899,-1.651,-1.134,6.852,-3.892,7.414,-6.209,-3.746,-7.455,-9.325,-7.645,-8.984
1592,10,6.226,-7.293,6.353,-6.721,-6.583,-7.356,-7.296,-6.986,6.647,-8.609,-8.528,7.422,-6.55,6.625,-7.516,-8.643,-6.846,-5.623,-6.583,-9.249
1593,-2,1.085,1.7,-1.302,0.031,-2.339,-1.864,-0.152,1.203,0.292,-2.021,-4.556,0.383,-1.711,0.874,0.472,-1.41,-0.266,0.936,1.161,2.03
1594,13,5.982,-9.406,9.138,-8.828,-5.616,-5.583,-8.006,-9.479,6.548,-8.025,-4.874,8.291,-6.556,6.082,-8.57,-7.958,-7.683,-8.173,-9.309,-11.543
1595,-8,-3.437,9.58,-8.082,6.157,4.038,4.121,5.882,7.326,-5.549,2.774,-4.793,-5.575,4.25,-4.698,6.075,4.506,5.911,8.05,6.772,12.326
1596,4,-1.119,-3.279,2.518,-0.861,2.141,0.881,-0.435,-2.172,0.559,1.226,7.813,0.384,0.79,-0.212,-1.38,0.377,-0.257,-2.124,-2.62,-4.366
1597,-22,-13.206,16.863,-15.389,15.135,12.942,14.622,15.857,16.45,-15.788,14.185,13.475,-15.873,11.967,-14.36,15.449,15.184,14.823,14.842,16.382,18.64
1598,13,6.64,-10.514,9.36,-7.773,-6.637,-7.271,-8.523,-8.925,9.461,-2.716,-1.414,7.513,-5.064,7.772,-7.05,-5.012,-8.398,-9.866,-8.319,-10.963
1599,27,19.156,-21.325,21.311,-22.126,-21.037,-20.034,-21.274,-21.397,18.421,-25.491,-25.158,22.276,-20.988,18.912,-21.398,-24.046,-22.069,-18.418,-21.188,-25.448
1600,21,19.882,-17.284,18.512,-16.696,-16.542,-21.527,-17.246,-17.401,19.877,-15.36,-17.265,15.417,-20.951,19.314,-18.174,-14.684,-17.314,-16.268,-14.659,-15.372
1601,-18,-12.506,13.805,-13.26,10.127,8.171,14.863,11.549,13.451,-15.407,5.522,2.828,-9.111,12.86,-13.291,13.097,6.362,10.106,11.883,8.548,15.087
1602,18,12.506,-13.805,13.26,-10.127,-8.171,-14.863,-11.549,-13.451,15.407,-5.522,-2.828,9.111,-12.86,13.291,-13.097,-6.362,-10.106,-11.883,-8.548,-15.087
1603,23,19.824,-18.534,19.538,-18.691,-22.24,-19.821,-19.362,-18.669,18.757,-19.399,-20.142,21.713,-19.498,18.806,-18.395,-17.854,-19.934,-19.102,-18.763,-14.188
1604,-9,-0.535,0.479,-0.394,0.319,0.852,0.818,0.325,0.754,-0.441,-0.445,0.342,-0.59,0.257,-1.037,0.473,0.377,0.983,0.737,0.311,0.417
1605,29,15.415,-13.709,14.352,-16.192,-17.15,-14.955,-16.636,-14.196,13.447,-15.628,-16.611,15.907,-14.784,14.84,-14.251,-16.287,-16.355,-15.701,-14.378,-10.369
1606,44,42.078,-38.769,39.812,-43.016,-42.797,-40.444,-42.733,-39.678,37.288,-45.831,-35.617,42.125,-40.063,40.246,-40.172,-46.473,-44.164,-41.684,-42.847,-33.144
1607,-51,-42.243,39.206,-39.267,43.919,44.597,42.515,45.055,42.44,-39.931,43.074,40.315,-43.133,41.988,-42.275,39.892,46.82,44.882,42.501,30.201,33.893
1608,-7,-6.276,5.461,-5.563,5.562,6.793,6.077,6.16,6.079,-5.872,6.99,6.547,-6.329,6.109,-6.144,6.088,7.145,6.211,5.805,6.16,4.875
1609,8,0.469,-0.463,0.377,-0.215,-0.797,-0.739,-0.273,-0.718,0.408,0.523,-0.216,0.575,-0.233,0.977,-0.407,-0.214,-0.819,-0.617,-0.311,-0.407
1610,5,3.171,-3.843,3.854,-3.35,-3.706,-3.617,-3.807,-3.954,3.617,-1.978,-3.331,4.288,-3.49,3.915,-3.686,-4.001,-3.358,-3.875,-1.559,-3.23
1611,7,4.324,-4.418,4.544,-5.425,-5.117,-4.81,-5.427,-4.707,4.497,-5.409,-4.835,5.146,-5.089,4.719,-4.702,-5.912,-4.773,-5.228,-2.068,-4.074
1612,11,11.772,-9.914,10.322,-12.008,-12.831,-10.678,-13.496,-11.042,10.385,-12.074,-14.869,11.915,-11.468,11.271,-10.731,-12.127,-12.171,-11.356,-6.932,-8.716
1613,27,28.783,-26.029,25.733,-28.483,-28.939,-28.748,-28.212,-28.098,26.896,-31.126,-23.611,27.538,-27.817,27.537,-26.454,-31.711,-29.972,-27.23,-25.491,-22.341
1614,-25,-16.967,17.727,-17.102,17.893,17.35,17.98,16.642,19.015,-16.41,15.365,11.925,-17.526,17.319,-18.2,16.931,18.163,18.179,18.6,9.921,15.166
1615,34,29.995,-31.234,30.274,-31.046,-29.681,-30.109,-29.129,-31.233,29.458,-25.159,-18.717,30.416,-30.192,31.363,-29.855,-31.213,-28.99,-31.707,-29.514,-29.297
1616,-11,-5.753,6.942,-6.092,5.142,3.607,5.715,3.331,5.658,-6.696,-1.964,-15.473,-5.599,5.887,-6.016,5.526,3.38,0.612,7.045,4.712,8.598
1617,-39,-33.08,31.114,-31.072,34.336,35.885,33.896,35.882,33.839,-31.846,37.308,47.091,-33.384,33.067,-33.808,31.775,37.578,37.918,32.362,29.107,26.67
1618,-18,-25.94,21.782,-22.696,25.137,27.42,24.573,27.389,25.329,-23.563,29.248,25.292,-27.786,25.309,-24.721,25.298,27.089,25.911,23.747,25.199,19.597
1619,-25,-22.157,17.51,-19.987,18.258,14.939,21.434,19.083,19.371,-21.144,18.657,15.624,-17.403,21.79,-19.428,19.97,15.725,18.906,17.564,23.742,16.678
1620,26,25.555,-23.417,23.55,-20.9,-21.799,-27.412,-23.183,-24.119,27.481,-16.796,-17.443,23.048,-24.91,25.552,-23.721,-17.645,-22.209,-23.76,-17.169,-22.191
1621,18,13.009,-10.868,11.184,-13.526,-14.138,-12.49,-14.057,-11.95,11.969,-14.727,-15.264,13.159,-12.743,12.234,-11.616,-15.039,-13.279,-12.215,-11.38,-9.487
1622,21,19.86,-16.599,17.016,-19.637,-20.773,-18.98,-22.456,-19.022,17.83,-22.737,-23.783,20.46,-18.698,19.093,-19.495,-22.043,-19.958,-18.197,-18.576,-14.775
1623,17,17.246,-15.729,16.08,-17.696,-16.054,-16.869,-15.744,-18.36,15.39,-20.163,-10.194,16.845,-17.626,16.359,-16.947,-19.069,-17.861,-16.046,-18.367,-13.668
1624,18,19.697,-19.426,20.426,-19.753,-17.18,-17.739,-18.38,-18.51,19.067,-16.942,-14.557,19.1,-20.101,19.508,-19.125,-18.458,-18.085,-18.968,-26.563,-20.455
1625,31,16.86,-17.106,16.545,-17.218,-16.195,-15.466,-16.354,-15.378,16.758,-19.923,-18.616,16.795,-16.001,17.478,-16.92,-16.965,-17.369,-16.851,-17.588,-17.495
1626,49,58.927,-56.664,56.845,-60.131,-59.635,-54.382,-59.553,-54.353,56.063,-57.158,-65.167,57.095,-53.767,58.409,-57.499,-66.923,-58.084,-57.836,-60.265,-51.686
1627,9,6.723,-6.258,5.968,-6.531,-5.947,-5.961,-6.665,-5.416,5.141,-7.198,-6.778,6.04,-5.579,6.865,-5.766,-6.358,-6.105,-5.114,-6.06,-4.674
1628,-10,-8.962,8.936,-8.355,7.317,3.857,10.15,6.506,8.737,-9.836,1.242,-10.622,-8.01,7.213,-8.331,7.355,7.338,5.752,5.749,5.3,10.906
1629,3,3.86,-4.774,4.02,-2.922,-0.248,-4.435,-1.312,-3.587,5.33,6.006,18.601,3.59,-2.346,2.576,-3.156,-3.121,-2.299,-3.979,-2.279,-5.632
1630,18,36.124,-36,34.718,-33.799,-37.039,-32.913,-34.79,-32.543,31.846,-38.826,-40.523,34.674,-30.178,36.863,-33.177,-19.746,-32.477,-15.476,-35.964,-34.052
1631,-20,-12.083,14.905,-15.134,9.512,8.705,15.651,9.244,13.538,-13.457,5.442,3.785,-12.309,11.525,-11.036,11.914,0.615,13.432,-3.462,12.644,21.24
1632,-7,-4.31,4.832,-4.646,5.317,4.958,4.253,5.364,3.702,-4.239,5.521,3.971,-4.845,4.682,-4.819,3.942,3.407,4.577,3.627,4.426,3.332
1633,15,12.113,-12.323,13.041,-9.406,-5.538,-13.966,-9.629,-11.923,11.897,-6.155,1.154,11.511,-10.637,10.76,-10.809,-6.429,-11.469,-2.955,-10.635,-16.876
1634,-10,-7.013,7.88,-8.254,3.619,1.974,9.235,3.792,7.295,-8.33,-0.728,-8.328,-6.817,4.472,-5.623,6.714,2.191,4.863,-0.252,5.998,12.468
1635,-35,-30.287,28.576,-29.026,32.674,31.531,28.206,33.101,27.453,-26.718,34.464,31.974,-30.928,29.96,-30.666,27.901,26.453,29.804,28.424,28.059,24.324
1636,-8,-8.463,8.43,-6.767,7.694,9.151,7.599,8.568,7.956,-7.666,7.445,9.103,-7.562,6.608,-7.892,8.663,8.343,7.674,7.93,8.51,5.968
1637,-22,-10.134,10.265,-9.43,10.696,10.461,9.538,10.905,9.918,-9.05,11.827,11.036,-10.449,10.735,-10.585,10.529,11.216,9.585,10.625,10.567,8.104
1638,-24,-12.455,12.493,-12.168,12.602,12.149,11.311,12.23,11.188,-11.932,14.906,14.192,-12.347,11.977,-12.902,12.435,12.749,12.308,12.409,12.046,11.271
1639,-6,-12.788,12.858,-12.769,12.862,12.424,11.63,12.279,11.347,-12.249,13.874,14.456,-12.446,12.185,-13.087,12.56,12.794,12.821,12.641,12.984,11.693
1640,25,23.83,-25.074,22.658,-22.322,-22.091,-23.458,-21.116,-23.13,26.445,-22.122,-8.556,23.462,-23.277,24.233,-24.335,-21.426,-21.757,-24.226,-20.94,-26.891
1641,-34,-36.907,38.228,-35.731,35.324,34.61,35.373,33.371,34.74,-39.039,33.333,22.221,-36.088,35.478,-37.467,36.941,34.224,32.935,36.986,34.543,39.088
1642,10,10.828,-11.819,10.908,-9.856,-8.56,-10.346,-7.847,-9.909,12.248,-3.332,11.005,10.26,-10.761,11.316,-10.194,-6.991,-6.557,-11.995,-7.443,-14.463
1643,-33,-34.173,36.148,-34.877,34.813,33.112,33.596,31.154,34.255,-34.074,27.978,21.437,-33.871,34.01,-36.104,33.615,33.761,32.447,35.908,33.416,33.856
1644,-31,-23.164,20.274,-21.24,23.676,24.156,21.48,25.875,21.605,-20.489,25.248,26.561,-23.277,21.895,-22.208,21.979,25.495,23.85,21.975,21.617,17.477
1645,38,25.148,-23.575,23.824,-26.05,-26.651,-25.225,-26.555,-25.6,23.685,-24.114,-25.745,26.103,-24.888,26.082,-24.464,-26.714,-26.983,-25.585,-14.792,-20.497
1646,6,10.55,-11.318,10.376,-10.515,-9.863,-11.234,-9.83,-10.988,11.418,-8.415,-2.297,10.029,-11.124,10.343,-9.528,-11.353,-9.114,-10.888,-13.925,-11.125
1647,-7,-3.613,4.514,-3.831,3.177,1.598,3.789,1.217,3.547,-4.198,-3.023,-15.622,-3.515,3.587,-3.582,3.439,1.844,-0.644,4.664,2.965,5.543
1648,-37,-32.085,30.379,-30.369,33.389,34.916,32.67,35.168,33.041,-30.905,35.552,43.664,-32.617,32.425,-32.843,30.553,36.223,36.741,31.809,25.752,26.079
1649,-18,-15.622,13.556,-14.214,16.357,16.622,14.303,17.096,14.405,-13.936,17.068,15.173,-15.797,14.963,-14.942,14.73,17.61,16.158,15.012,14.818,11.788
1650,15,3.912,-4.379,4.337,-4.768,-4.855,-4.555,-5.119,-4.778,4.136,-1.824,-4.13,5.036,-3.964,5.135,-4.363,-4.577,-4.567,-4.883,-1.868,-3.686
1651,-15,-3.912,4.379,-4.337,4.768,4.855,4.555,5.119,4.778,-4.136,1.824,4.13,-5.036,3.964,-5.135,4.363,4.577,4.567,4.883,1.868,3.686
1652,-37,-61.088,58.135,-59.531,58.415,59.929,58.465,57.491,57.102,-59.129,58.939,48.154,-58.17,57.33,-58.047,58.632,58.334,58.249,57.266,67.203,56.98
1653,6,0.02,-5.234,4.18,-2.626,-0.619,-0.434,-2.085,-3.999,2.026,-0.114,7.881,1.888,-0.701,1.177,-2.918,-0.938,-1.468,-4.298,-4.529,-7.039
1654,30,32.417,-28.587,28.104,-27.213,-31.037,-35.796,-29.008,-29.643,34.068,-27.362,-32.731,29.732,-31.517,31.762,-29.856,-26.182,-28.572,-27.14,-22.987,-29.374
1655,-24,-23.721,23.415,-23.056,20.119,20.495,26.253,21.571,23.686,-26.711,15.891,14.241,-21.388,23.389,-23.863,22.742,15.602,20.758,22.32,16.892,23.865
1656,18,12.507,-13.805,13.259,-10.126,-8.17,-14.863,-11.55,-13.451,15.407,-5.522,-2.828,9.111,-12.86,13.291,-13.097,-6.362,-10.106,-11.883,-8.548,-15.087
1657,3,5.394,-4.633,4.722,-4.892,-5.998,-5.588,-4.785,-4.865,5.58,-4.637,-5.231,6.054,-5.054,5.085,-4.602,-3.735,-5.163,-5.105,-3.588,-4.273
1658,11,12.4,-10.38,10.661,-11.171,-13.177,-11.938,-11.518,-11.858,11.62,-13.117,-14.361,13.2,-11.912,11.649,-11.32,-13.125,-11.976,-11.292,-10.798,-9.394
1659,-20,-11.923,12.656,-12.639,11.351,12.619,13.249,12.297,13.428,-12.906,9.278,7.661,-14.76,12.468,-13.521,12.274,8.817,12.02,13.618,6.154,11.427
1660,13,6.661,-7.98,7.818,-6.687,-6.776,-8.353,-6.917,-8.149,7.958,-4.044,-1.831,9.235,-7.134,8.336,-7.409,-2.999,-6.9,-8.325,-3.708,-7.171
1661,27,18.926,-15.796,17.216,-19.495,-20.183,-17.506,-20.716,-18.497,16.917,-21.128,-21.826,19.886,-19.385,17.995,-18.01,-21.507,-19.268,-17.949,-15.737,-14.208
1662,11,7.068,-5.708,6.516,-7.347,-7.095,-6.405,-7.852,-6.644,5.983,-8.126,-8.523,7.205,-7.053,6.538,-6.621,-7.699,-7.727,-6.369,-6.692,-4.987
1663,12,14.229,-11.682,13.246,-14.394,-13.677,-12.737,-15.602,-13.289,11.847,-15.796,-15.381,13.979,-14.057,12.939,-13.125,-14.871,-15.194,-13.085,-13.307,-9.946
1664,19,18.272,-17.833,18.181,-18.748,-18.038,-17.207,-16.122,-18.698,15.809,-19.841,-9.945,17.015,-18.643,17.41,-17.185,-19.11,-19.781,-17.872,-19.399,-13.68
1665,69,57.653,-61.349,60.772,-59.306,-58.537,-55.437,-57.625,-53.063,57.56,-57.937,-56.974,58.669,-56.362,57.661,-58.623,-56.932,-58.286,-59.682,-70.489,-56.152
1666,-8,-10.308,11.588,-9.883,9.369,9.352,10.079,8.235,10.567,-11.692,3.696,-10.108,-9.862,9.97,-9.515,10.264,8.361,8.273,11.364,8.216,11.779
1667,-18,-12.232,12.035,-11.187,11.433,11.752,11.987,11.723,11.49,-13.253,16.711,17.323,-12.25,11.701,-13.095,12.869,11.989,12.219,11.581,11.771,13.254
1668,32,28.182,-29.249,26.161,-26.329,-27.11,-27.018,-25.713,-27.33,30.322,-25.069,-13.862,27.757,-26.454,28.07,-28.89,-26.673,-26.148,-28.934,-26.163,-30.056
1669,-28,-26.415,26.785,-24.028,24.502,24.947,25.348,23.882,26.198,-28.61,24.306,13.368,-26.147,25.275,-26.044,27.471,24.628,24.271,26.534,24.273,28.239
1670,5,3.121,-3.744,3.288,-2.806,-1.298,-3.297,-0.885,-3.04,3.823,-0.587,17.44,3.18,-3.338,3.152,-3.262,-1.448,-0.753,-4.333,-2.593,-5.099
1671,-41,-31.978,33.295,-34.396,33.075,28.596,30.032,28.322,32.19,-30.902,29.47,22.079,-31.096,33.826,-32.647,31.437,29.794,31.674,32.546,34.76,32.06
1672,-11,-6.017,6.161,-6.613,6.823,7.165,6.728,6.674,6.57,-6.18,7.384,7.966,-6.802,6.649,-6.544,6.598,7.241,7.428,6.372,6.511,4.844
1673,-20,-13.995,13.044,-13.827,14.512,15.257,13.822,16.632,13.454,-12.82,15.31,17.636,-14.526,13.99,-13.475,13.584,14.979,15.132,13.454,13.307,9.937
1674,-26,-21.895,19.89,-20.97,23.359,23.997,21.254,24.836,20.214,-19.493,24.413,21.963,-22.77,21.664,-20.639,20.694,23.435,23.185,21.849,20.727,14.968
1675,-15,-20.762,18.9,-19.713,19.163,20.908,19.977,19.575,18.694,-18.93,20.712,15.157,-22.103,19.54,-19.602,19.429,17.553,20.731,20.357,21.744,16.125
1676,27,18.06,-17.738,17.96,-17.657,-19.355,-18.765,-18.952,-19.007,18.253,-15.16,-14.349,20.815,-18.303,19.286,-17.741,-15.072,-18.519,-19.388,-10.581,-15.813
1677,-55,-45.888,44.481,-44.988,43.544,44.42,46.64,44.928,44.793,-46.122,40.109,35.969,-44.953,44.474,-45.386,44.947,41.878,43.481,44.636,43.122,43.424
1678,11,9.534,-12.128,11.28,-7.635,-7.055,-11.995,-9.463,-11.426,12.423,-4.184,-0.2,7.191,-10.39,10.404,-10.774,-5.466,-7.939,-9.592,-7.961,-14.089
1679,37,36.063,-30.389,31.015,-34.182,-37.474,-35.504,-35.171,-33.433,34.549,-36.566,-40.478,37.101,-34.038,34.522,-33.204,-35.657,-34.744,-33.008,-29.934,-27.529
1680,-10,-0.559,0.48,-0.397,0.321,0.864,0.838,0.348,0.757,-0.445,-0.407,0.484,-0.615,0.266,-1.063,0.478,0.391,0.989,0.748,0.31,0.418
1681,-17,-12.957,13.053,-13.351,14.438,14.924,13.415,15.777,14.03,-13.115,13.176,15.117,-15.181,14.181,-13.999,13.5,15.769,13.493,14.575,6.07,11.617
1682,-21,-32.081,28.984,-28.547,27.058,28.741,33.246,28.509,30.072,-33.412,27.981,25.077,-28.496,29.981,-29.864,30,24.963,28.201,27.277,31.515,29.583
1683,-39,-29.962,33.233,-32.167,33.665,32.768,29.727,31.294,29.618,-28.621,32.788,29.46,-32.528,29.584,-29.999,30.284,36.445,33.002,31.183,33.615,36.466
1684,19,13.39,-21.122,18.093,-17.361,-15.925,-16.1,-16.358,-17.859,16.55,-14.838,-8.96,16.906,-14.832,14.88,-16.148,-17.687,-17.26,-17.414,-16.603,-27.167
1685,5,2.315,-2.67,2.37,-2.457,-2.862,-2.513,-2.569,-2.839,2.419,-3.064,-3.424,2.916,-2.214,2.352,-2.795,-2.786,-2.387,-2.087,-2.599,-3.278
1686,20,18.678,-14.582,16.071,-15.375,-13.753,-20.641,-16.471,-16.951,18.939,-15.89,-17.61,14.942,-19.743,17.929,-17.681,-14.531,-15.385,-13.818,-13.318,-15.36
1687,-26,-18.477,21.216,-19.84,17.223,16.154,22.047,17.786,19.907,-22.488,13.005,10.002,-15.945,19.279,-19.284,18.958,14.64,17.054,18.356,14.453,24.091
1688,12,4.103,-10.149,8.706,-6.845,-5.943,-6.611,-6.314,-8.578,6.823,-3.365,2.642,5.9,-5.838,5.06,-7.028,-3.955,-6.3,-7.725,-7.49,-12.847
1689,-38,-28.794,35.717,-34.462,33.684,31.512,31.744,33.102,34.115,-30.758,31.711,27.365,-33.244,30.359,-29.767,33.04,32.663,33.088,31.313,34.848,40.944
1690,13,7.704,-12.972,11.365,-9.759,-7.713,-9.03,-9.853,-10.652,10.565,-5.085,-1.752,9.283,-7.413,8.809,-8.77,-7.848,-10.203,-10.865,-9.887,-14.941
1691,13,11.255,-12.864,11.822,-13.071,-13.646,-12.448,-12.832,-13.099,11.526,-15.495,-15.899,13.755,-11.983,11.634,-13.355,-15.041,-12.168,-11.278,-12.626,-15.843
1692,12,5.503,-5.744,6.466,-6.218,-5.903,-7.407,-6.041,-6.439,5.693,-7.138,-6.859,5.975,-7.349,5.04,-6.117,-5.642,-6.347,-4.807,-6.263,-6.717
1693,17,16.611,-12.778,14.392,-12.974,-11.276,-15.908,-13.59,-13.627,15.665,-12.099,-13.994,11.884,-16.252,15.702,-14.36,-11.675,-13.767,-12.583,-10.545,-11.978
1694,-5,-0.355,0.418,-0.3,0.2,-0.815,0.607,0.181,0.592,-0.366,-0.573,-0.64,-0.443,0.159,-0.863,0.326,-1.281,0.696,0.543,0.265,0.361
1695,-2,-1.972,2.953,-2.786,2.566,0.453,2.809,2.208,2.511,-3.151,-0.315,-0.38,-1.191,2.13,-3.014,2.65,0.377,1.556,2.139,1.276,2.667
1696,-22,-20.374,22.964,-21.288,19.139,21.578,23.581,20.302,21.578,-23.556,19.693,16.164,-19.35,21.389,-20.044,21.132,21.231,19.381,20.416,17.932,27.321
1697,-21,-16.21,15.951,-17.308,17.903,14.997,16.165,17.364,17.226,-14.613,19.013,20.53,-17.958,17.408,-15.292,16.639,18.189,18.472,14.421,17.665,17.972
1698,16,14.763,-21.781,19.002,-18.046,-16.745,-17.393,-17.926,-19.074,17.966,-15.233,-11.326,18.177,-15.208,16.306,-17.504,-18.111,-18.042,-18.636,-17.764,-26.369
1699,7,4.78,-5.293,5.153,-5.926,-5.714,-5.021,-5.322,-5.862,4.78,-6.695,-6.856,5.822,-5.383,4.696,-5.562,-5.873,-5.3,-4.139,-5.737,-6.58