,outputs,inputs,nb_plays-50-units-50-__activation__-elu-__nb_plays__-25-__units__-25-ensemble-1=predictions,nb_plays-50-units-50-__activation__-elu-__nb_plays__-25-__units__-25-ensemble-2=predictions,nb_plays-50-units-50-__activation__-elu-__nb_plays__-25-__units__-25-ensemble-3=predictions,nb_plays-50-units-50-__activation__-elu-__nb_plays__-25-__units__-25-ensemble-4=predictions,nb_plays-50-units-50-__activation__-elu-__nb_plays__-25-__units__-25-ensemble-5=predictions,nb_plays-50-units-50-__activation__-elu-__nb_plays__-25-__units__-25-ensemble-6=predictions,nb_plays-50-units-50-__activation__-elu-__nb_plays__-25-__units__-25-ensemble-7=predictions,nb_plays-50-units-50-__activation__-elu-__nb_plays__-25-__units__-25-ensemble-8=predictions,nb_plays-50-units-50-__activation__-elu-__nb_plays__-25-__units__-25-ensemble-9=predictions,nb_plays-50-units-50-__activation__-elu-__nb_plays__-25-__units__-25-ensemble-10=predictions,nb_plays-50-units-50-__activation__-elu-__nb_plays__-25-__units__-25-ensemble-11=predictions,nb_plays-50-units-50-__activation__-elu-__nb_plays__-25-__units__-25-ensemble-12=predictions,nb_plays-50-units-50-__activation__-elu-__nb_plays__-25-__units__-25-ensemble-13=predictions,nb_plays-50-units-50-__activation__-elu-__nb_plays__-25-__units__-25-ensemble-14=predictions,nb_plays-50-units-50-__activation__-elu-__nb_plays__-25-__units__-25-ensemble-15=predictions,nb_plays-50-units-50-__activation__-elu-__nb_plays__-25-__units__-25-ensemble-16=predictions,nb_plays-50-units-50-__activation__-elu-__nb_plays__-25-__units__-25-ensemble-17=predictions,nb_plays-50-units-50-__activation__-elu-__nb_plays__-25-__units__-25-ensemble-18=predictions,nb_plays-50-units-50-__activation__-elu-__nb_plays__-25-__units__-25-ensemble-19=predictions,nb_plays-50-units-50-__activation__-elu-__nb_plays__-25-__units__-25-ensemble-20=predictions,,lower,high
0,-57.813,-4.244,-4.435,-4.397,-4.639,-4.633,-4.484,-4.277,-4.509,-4.712,-4.765,-4.174,-4.334,-4.35,-4.472,-4.179,-4.769,-4.194,-4.749,-4.584,-4.115,-4.481,,-4.769,-4.115
1,-56.743,-4.118,-4.323,-4.256,-4.528,-4.527,-4.35,-4.15,-4.395,-4.597,-4.641,-4.049,-4.223,-4.235,-4.355,-4.036,-4.662,-4.053,-4.612,-4.471,-3.952,-4.363,,-4.662,-3.952
2,-56.756,-4.323,-4.323,-4.256,-4.528,-4.527,-4.35,-4.15,-4.395,-4.597,-4.641,-4.049,-4.223,-4.235,-4.355,-4.036,-4.662,-4.053,-4.612,-4.471,-3.952,-4.363,,-4.662,-3.952
3,-56.756,-4.271,-4.323,-4.256,-4.528,-4.527,-4.35,-4.15,-4.395,-4.597,-4.641,-4.049,-4.223,-4.235,-4.355,-4.036,-4.662,-4.053,-4.612,-4.471,-3.952,-4.363,,-4.662,-3.952
4,-57.235,-4.498,-4.323,-4.256,-4.528,-4.527,-4.35,-4.15,-4.395,-4.597,-4.641,-4.049,-4.223,-4.235,-4.355,-4.036,-4.662,-4.053,-4.612,-4.471,-3.952,-4.363,,-4.662,-3.952
5,-57.235,-4.477,-4.323,-4.256,-4.528,-4.527,-4.35,-4.15,-4.395,-4.597,-4.641,-4.049,-4.223,-4.235,-4.355,-4.036,-4.662,-4.053,-4.612,-4.471,-3.952,-4.363,,-4.662,-3.952
6,-57.235,-4.486,-4.323,-4.256,-4.528,-4.527,-4.35,-4.15,-4.395,-4.597,-4.641,-4.049,-4.223,-4.235,-4.355,-4.036,-4.662,-4.053,-4.612,-4.471,-3.952,-4.363,,-4.662,-3.952
7,-58.02,-4.696,-4.449,-4.347,-4.592,-4.611,-4.441,-4.255,-4.533,-4.682,-4.761,-4.141,-4.31,-4.352,-4.452,-4.151,-4.773,-4.145,-4.726,-4.578,-4.055,-4.452,,-4.773,-4.055
8,-58.02,-4.57,-4.449,-4.347,-4.592,-4.611,-4.441,-4.255,-4.533,-4.682,-4.761,-4.141,-4.31,-4.352,-4.452,-4.151,-4.773,-4.145,-4.726,-4.578,-4.055,-4.452,,-4.773,-4.055
9,-58.02,-4.669,-4.449,-4.347,-4.592,-4.611,-4.441,-4.255,-4.533,-4.682,-4.761,-4.141,-4.31,-4.352,-4.452,-4.151,-4.773,-4.145,-4.726,-4.578,-4.055,-4.452,,-4.773,-4.055
10,-58.777,-4.851,-4.579,-4.46,-4.699,-4.727,-4.562,-4.378,-4.667,-4.791,-4.878,-4.257,-4.43,-4.478,-4.577,-4.279,-4.894,-4.259,-4.844,-4.699,-4.174,-4.569,,-4.894,-4.174
11,-58.777,-4.85,-4.579,-4.46,-4.699,-4.727,-4.562,-4.378,-4.667,-4.791,-4.878,-4.257,-4.43,-4.478,-4.577,-4.279,-4.894,-4.259,-4.844,-4.699,-4.174,-4.569,,-4.894,-4.174
12,-58.777,-4.699,-4.579,-4.46,-4.699,-4.727,-4.562,-4.378,-4.667,-4.791,-4.878,-4.257,-4.43,-4.478,-4.577,-4.279,-4.894,-4.259,-4.844,-4.699,-4.174,-4.569,,-4.894,-4.174
13,-58.777,-4.707,-4.579,-4.46,-4.699,-4.727,-4.562,-4.378,-4.667,-4.791,-4.878,-4.257,-4.43,-4.478,-4.577,-4.279,-4.894,-4.259,-4.844,-4.699,-4.174,-4.569,,-4.894,-4.174
14,-58.777,-4.844,-4.579,-4.46,-4.699,-4.727,-4.562,-4.378,-4.667,-4.791,-4.878,-4.257,-4.43,-4.478,-4.577,-4.279,-4.894,-4.259,-4.844,-4.699,-4.174,-4.569,,-4.894,-4.174
15,-58.777,-4.821,-4.579,-4.46,-4.699,-4.727,-4.562,-4.378,-4.667,-4.791,-4.878,-4.257,-4.43,-4.478,-4.577,-4.279,-4.894,-4.259,-4.844,-4.699,-4.174,-4.569,,-4.894,-4.174
16,-58.858,-4.867,-4.593,-4.472,-4.711,-4.739,-4.576,-4.391,-4.682,-4.803,-4.89,-4.269,-4.443,-4.492,-4.591,-4.292,-4.907,-4.271,-4.857,-4.712,-4.187,-4.582,,-4.907,-4.187
17,-58.93,-4.881,-4.605,-4.483,-4.722,-4.751,-4.587,-4.403,-4.695,-4.814,-4.901,-4.28,-4.455,-4.504,-4.603,-4.305,-4.918,-4.282,-4.868,-4.724,-4.198,-4.594,,-4.918,-4.198
18,-58.93,-4.807,-4.605,-4.483,-4.722,-4.751,-4.587,-4.403,-4.695,-4.814,-4.901,-4.28,-4.455,-4.504,-4.603,-4.305,-4.918,-4.282,-4.868,-4.724,-4.198,-4.594,,-4.918,-4.198
19,-60.181,-5.105,-4.817,-4.673,-4.91,-4.947,-4.794,-4.611,-4.917,-4.997,-5.094,-4.469,-4.657,-4.714,-4.809,-4.516,-5.12,-4.471,-5.064,-4.926,-4.398,-4.791,,-5.12,-4.398
20,-60.173,-4.902,-4.817,-4.673,-4.91,-4.947,-4.794,-4.611,-4.917,-4.997,-5.094,-4.469,-4.657,-4.714,-4.809,-4.516,-5.12,-4.471,-5.064,-4.926,-4.398,-4.791,,-5.12,-4.398
21,-60.173,-5.02,-4.817,-4.673,-4.91,-4.947,-4.794,-4.611,-4.917,-4.997,-5.094,-4.469,-4.657,-4.714,-4.809,-4.516,-5.12,-4.471,-5.064,-4.926,-4.398,-4.791,,-5.12,-4.398
22,-60.173,-5.014,-4.817,-4.673,-4.91,-4.947,-4.794,-4.611,-4.917,-4.997,-5.094,-4.469,-4.657,-4.714,-4.809,-4.516,-5.12,-4.471,-5.064,-4.926,-4.398,-4.791,,-5.12,-4.398
23,-60.173,-5.027,-4.817,-4.673,-4.91,-4.947,-4.794,-4.611,-4.917,-4.997,-5.094,-4.469,-4.657,-4.714,-4.809,-4.516,-5.12,-4.471,-5.064,-4.926,-4.398,-4.791,,-5.12,-4.398
24,-60.173,-5.037,-4.817,-4.673,-4.91,-4.947,-4.794,-4.611,-4.917,-4.997,-5.094,-4.469,-4.657,-4.714,-4.809,-4.516,-5.12,-4.471,-5.064,-4.926,-4.398,-4.791,,-5.12,-4.398
25,-60.28,-5.122,-4.833,-4.688,-4.925,-4.963,-4.81,-4.627,-4.935,-5.011,-5.109,-4.484,-4.673,-4.731,-4.825,-4.533,-5.136,-4.486,-5.079,-4.942,-4.414,-4.807,,-5.136,-4.414
26,-60.28,-4.977,-4.833,-4.688,-4.925,-4.963,-4.81,-4.627,-4.935,-5.011,-5.109,-4.484,-4.673,-4.731,-4.825,-4.533,-5.136,-4.486,-5.079,-4.942,-4.414,-4.807,,-5.136,-4.414
27,-60.006,-4.822,-4.833,-4.688,-4.925,-4.963,-4.81,-4.627,-4.935,-5.011,-5.109,-4.484,-4.673,-4.731,-4.825,-4.533,-5.136,-4.486,-5.079,-4.942,-4.414,-4.807,,-5.136,-4.414
28,-60.006,-4.985,-4.833,-4.688,-4.925,-4.963,-4.81,-4.627,-4.935,-5.011,-5.109,-4.484,-4.673,-4.731,-4.825,-4.533,-5.136,-4.486,-5.079,-4.942,-4.414,-4.807,,-5.136,-4.414
29,-60.006,-4.966,-4.833,-4.688,-4.925,-4.963,-4.81,-4.627,-4.935,-5.011,-5.109,-4.484,-4.673,-4.731,-4.825,-4.533,-5.136,-4.486,-5.079,-4.942,-4.414,-4.807,,-5.136,-4.414
30,-60.006,-5.019,-4.833,-4.688,-4.925,-4.963,-4.81,-4.627,-4.935,-5.011,-5.109,-4.484,-4.673,-4.731,-4.825,-4.533,-5.136,-4.486,-5.079,-4.942,-4.414,-4.807,,-5.136,-4.414
31,-60.006,-4.942,-4.833,-4.688,-4.925,-4.963,-4.81,-4.627,-4.935,-5.011,-5.109,-4.484,-4.673,-4.731,-4.825,-4.533,-5.136,-4.486,-5.079,-4.942,-4.414,-4.807,,-5.136,-4.414
32,-60.006,-4.862,-4.833,-4.688,-4.925,-4.963,-4.81,-4.627,-4.935,-5.011,-5.109,-4.484,-4.673,-4.731,-4.825,-4.533,-5.136,-4.486,-5.079,-4.942,-4.414,-4.807,,-5.136,-4.414
33,-60.006,-4.92,-4.833,-4.688,-4.925,-4.963,-4.81,-4.627,-4.935,-5.011,-5.109,-4.484,-4.673,-4.731,-4.825,-4.533,-5.136,-4.486,-5.079,-4.942,-4.414,-4.807,,-5.136,-4.414
34,-60.006,-4.9,-4.833,-4.688,-4.925,-4.963,-4.81,-4.627,-4.935,-5.011,-5.109,-4.484,-4.673,-4.731,-4.825,-4.533,-5.136,-4.486,-5.079,-4.942,-4.414,-4.807,,-5.136,-4.414
35,-59.897,-4.782,-4.833,-4.688,-4.925,-4.963,-4.81,-4.627,-4.935,-5.011,-5.109,-4.484,-4.673,-4.731,-4.825,-4.533,-5.136,-4.486,-5.079,-4.942,-4.414,-4.807,,-5.136,-4.414
36,-59.897,-4.879,-4.833,-4.688,-4.925,-4.963,-4.81,-4.627,-4.935,-5.011,-5.109,-4.484,-4.673,-4.731,-4.825,-4.533,-5.136,-4.486,-5.079,-4.942,-4.414,-4.807,,-5.136,-4.414
37,-59.739,-4.725,-4.828,-4.688,-4.925,-4.963,-4.81,-4.627,-4.928,-5.011,-5.102,-4.484,-4.673,-4.73,-4.825,-4.533,-5.136,-4.486,-5.079,-4.942,-4.414,-4.807,,-5.136,-4.414
38,-59.342,-4.627,-4.763,-4.643,-4.903,-4.928,-4.771,-4.575,-4.857,-4.974,-5.041,-4.44,-4.636,-4.668,-4.783,-4.473,-5.077,-4.443,-5.018,-4.887,-4.361,-4.769,,-5.077,-4.361
39,-58.941,-4.529,-4.696,-4.588,-4.853,-4.869,-4.709,-4.512,-4.786,-4.917,-4.98,-4.383,-4.576,-4.604,-4.717,-4.407,-5.015,-4.385,-4.956,-4.825,-4.301,-4.709,,-5.015,-4.301
40,-58.941,-4.628,-4.696,-4.588,-4.853,-4.869,-4.709,-4.512,-4.786,-4.917,-4.98,-4.383,-4.576,-4.604,-4.717,-4.407,-5.015,-4.385,-4.956,-4.825,-4.301,-4.709,,-5.015,-4.301
41,-58.46,-4.432,-4.614,-4.517,-4.786,-4.796,-4.632,-4.434,-4.7,-4.848,-4.905,-4.309,-4.5,-4.524,-4.638,-4.326,-4.939,-4.312,-4.881,-4.748,-4.226,-4.634,,-4.939,-4.226
42,-58.364,-4.413,-4.598,-4.502,-4.772,-4.781,-4.616,-4.418,-4.683,-4.834,-4.891,-4.295,-4.484,-4.508,-4.622,-4.31,-4.923,-4.298,-4.866,-4.732,-4.211,-4.619,,-4.923,-4.211
43,-58.364,-4.561,-4.598,-4.502,-4.772,-4.781,-4.616,-4.418,-4.683,-4.834,-4.891,-4.295,-4.484,-4.508,-4.622,-4.31,-4.923,-4.298,-4.866,-4.732,-4.211,-4.619,,-4.923,-4.211
44,-58.364,-4.525,-4.598,-4.502,-4.772,-4.781,-4.616,-4.418,-4.683,-4.834,-4.891,-4.295,-4.484,-4.508,-4.622,-4.31,-4.923,-4.298,-4.866,-4.732,-4.211,-4.619,,-4.923,-4.211
45,-58.159,-4.372,-4.562,-4.471,-4.741,-4.749,-4.583,-4.384,-4.647,-4.804,-4.859,-4.263,-4.451,-4.473,-4.588,-4.275,-4.89,-4.267,-4.834,-4.699,-4.178,-4.587,,-4.89,-4.178
46,-57.069,-4.175,-4.377,-4.305,-4.577,-4.578,-4.403,-4.204,-4.453,-4.645,-4.691,-4.098,-4.275,-4.29,-4.408,-4.091,-4.714,-4.102,-4.663,-4.523,-4.004,-4.414,,-4.714,-4.004
47,-57.069,-4.219,-4.377,-4.305,-4.577,-4.578,-4.403,-4.204,-4.453,-4.645,-4.691,-4.098,-4.275,-4.29,-4.408,-4.091,-4.714,-4.102,-4.663,-4.523,-4.004,-4.414,,-4.714,-4.004
48,-57.069,-4.203,-4.377,-4.305,-4.577,-4.578,-4.403,-4.204,-4.453,-4.645,-4.691,-4.098,-4.275,-4.29,-4.408,-4.091,-4.714,-4.102,-4.663,-4.523,-4.004,-4.414,,-4.714,-4.004
49,-54.975,-3.916,-4.148,-4.065,-4.345,-4.35,-4.131,-3.947,-4.206,-4.411,-4.438,-3.878,-4.041,-4.044,-4.182,-3.812,-4.485,-3.84,-4.404,-4.286,-3.76,-4.197,,-4.485,-3.76
50,-54.975,-3.968,-4.148,-4.065,-4.345,-4.35,-4.131,-3.947,-4.206,-4.411,-4.438,-3.878,-4.041,-4.044,-4.182,-3.812,-4.485,-3.84,-4.404,-4.286,-3.76,-4.197,,-4.485,-3.76
51,-55.073,-4.152,-4.148,-4.065,-4.345,-4.35,-4.131,-3.947,-4.206,-4.411,-4.438,-3.878,-4.041,-4.044,-4.182,-3.812,-4.485,-3.84,-4.404,-4.286,-3.76,-4.197,,-4.485,-3.76
52,-54.022,-3.809,-4.055,-3.973,-4.246,-4.255,-4.013,-3.839,-4.105,-4.312,-4.33,-3.795,-3.943,-3.941,-4.089,-3.699,-4.39,-3.743,-4.292,-4.186,-3.659,-4.112,,-4.39,-3.659
53,-53.109,-3.707,-3.965,-3.885,-4.151,-4.164,-3.9,-3.737,-4.007,-4.217,-4.226,-3.715,-3.85,-3.842,-4,-3.601,-4.299,-3.65,-4.185,-4.091,-3.562,-4.03,,-4.299,-3.562
54,-52.612,-3.652,-3.916,-3.837,-4.1,-4.115,-3.838,-3.687,-3.955,-4.166,-4.17,-3.672,-3.799,-3.788,-3.951,-3.554,-4.25,-3.6,-4.127,-4.039,-3.509,-3.986,,-4.25,-3.509
55,-51.623,-3.543,-3.82,-3.741,-3.997,-4.016,-3.716,-3.59,-3.85,-4.063,-4.057,-3.585,-3.698,-3.681,-3.855,-3.461,-4.152,-3.499,-4.01,-3.937,-3.404,-3.898,,-4.152,-3.404
56,-51.283,-3.506,-3.787,-3.708,-3.962,-3.982,-3.674,-3.557,-3.816,-4.028,-4.02,-3.555,-3.663,-3.644,-3.821,-3.429,-4.119,-3.465,-3.97,-3.902,-3.368,-3.868,,-4.119,-3.368
57,-52.494,-4.067,-3.902,-3.79,-4.018,-4.057,-3.756,-3.651,-3.942,-4.104,-4.13,-3.638,-3.74,-3.751,-3.908,-3.533,-4.22,-3.548,-4.074,-3.999,-3.462,-3.947,,-4.22,-3.462
58,-51.232,-3.501,-3.782,-3.703,-3.957,-3.977,-3.668,-3.552,-3.811,-4.023,-4.015,-3.551,-3.658,-3.639,-3.816,-3.424,-4.114,-3.46,-3.964,-3.897,-3.363,-3.863,,-4.114,-3.363
59,-51.232,-3.693,-3.782,-3.703,-3.957,-3.977,-3.668,-3.552,-3.811,-4.023,-4.015,-3.551,-3.658,-3.639,-3.816,-3.424,-4.114,-3.46,-3.964,-3.897,-3.363,-3.863,,-4.114,-3.363
60,-51.232,-3.589,-3.782,-3.703,-3.957,-3.977,-3.668,-3.552,-3.811,-4.023,-4.015,-3.551,-3.658,-3.639,-3.816,-3.424,-4.114,-3.46,-3.964,-3.897,-3.363,-3.863,,-4.114,-3.363
61,-51.232,-3.655,-3.782,-3.703,-3.957,-3.977,-3.668,-3.552,-3.811,-4.023,-4.015,-3.551,-3.658,-3.639,-3.816,-3.424,-4.114,-3.46,-3.964,-3.897,-3.363,-3.863,,-4.114,-3.363
62,-43.58,-2.696,-3.06,-2.966,-3.16,-3.209,-2.939,-2.811,-3.058,-3.243,-3.208,-2.876,-2.876,-2.841,-3.099,-2.714,-3.359,-2.717,-3.174,-3.106,-2.609,-3.18,,-3.359,-2.609
63,-43.58,-2.77,-3.06,-2.966,-3.16,-3.209,-2.939,-2.811,-3.058,-3.243,-3.208,-2.876,-2.876,-2.841,-3.099,-2.714,-3.359,-2.717,-3.174,-3.106,-2.609,-3.18,,-3.359,-2.609
64,-43.697,-2.939,-3.06,-2.966,-3.16,-3.209,-2.939,-2.811,-3.058,-3.243,-3.208,-2.876,-2.876,-2.841,-3.099,-2.714,-3.359,-2.717,-3.174,-3.106,-2.609,-3.18,,-3.359,-2.609
65,-43.697,-2.933,-3.06,-2.966,-3.16,-3.209,-2.939,-2.811,-3.058,-3.243,-3.208,-2.876,-2.876,-2.841,-3.099,-2.714,-3.359,-2.717,-3.174,-3.106,-2.609,-3.18,,-3.359,-2.609
66,-41.761,-2.512,-2.889,-2.79,-2.97,-3.025,-2.768,-2.642,-2.883,-3.058,-3.016,-2.714,-2.707,-2.665,-2.935,-2.552,-3.177,-2.542,-2.992,-2.917,-2.441,-3.017,,-3.177,-2.441
67,-35.061,-1.851,-2.23,-2.176,-2.274,-2.346,-2.148,-2.04,-2.226,-2.383,-2.308,-2.107,-2.141,-2.025,-2.309,-1.957,-2.501,-1.896,-2.318,-2.223,-1.859,-2.416,,-2.501,-1.851
68,-41.384,-3.281,-3.226,-3.039,-3.103,-3.232,-3.082,-2.987,-3.264,-3.214,-3.209,-2.979,-3.047,-3.006,-3.253,-2.934,-3.427,-2.77,-3.225,-3.145,-2.784,-3.308,,-3.427,-2.77
69,-35.927,-1.978,-2.38,-2.309,-2.407,-2.484,-2.294,-2.185,-2.38,-2.512,-2.442,-2.242,-2.282,-2.174,-2.456,-2.106,-2.641,-2.031,-2.454,-2.357,-2.002,-2.555,,-2.641,-1.978
70,-36.33,-2.325,-2.38,-2.309,-2.407,-2.484,-2.294,-2.185,-2.38,-2.512,-2.442,-2.242,-2.282,-2.174,-2.456,-2.106,-2.641,-2.031,-2.454,-2.357,-2.002,-2.555,,-2.641,-2.002
71,-38.878,-2.879,-2.795,-2.655,-2.72,-2.832,-2.662,-2.568,-2.816,-2.843,-2.821,-2.591,-2.64,-2.576,-2.83,-2.506,-3.022,-2.383,-2.831,-2.736,-2.375,-2.909,,-3.022,-2.375
72,-38.878,-2.793,-2.795,-2.655,-2.72,-2.832,-2.662,-2.568,-2.816,-2.843,-2.821,-2.591,-2.64,-2.576,-2.83,-2.506,-3.022,-2.383,-2.831,-2.736,-2.375,-2.909,,-3.022,-2.375
73,-36.906,-2.159,-2.55,-2.46,-2.557,-2.641,-2.458,-2.349,-2.554,-2.657,-2.593,-2.392,-2.442,-2.342,-2.618,-2.273,-2.8,-2.183,-2.608,-2.517,-2.161,-2.711,,-2.8,-2.159
74,-31.111,-1.474,-1.836,-1.834,-1.874,-1.946,-1.779,-1.682,-1.836,-1.986,-1.894,-1.751,-1.803,-1.646,-1.933,-1.606,-2.103,-1.513,-1.92,-1.878,-1.516,-2.059,,-2.103,-1.474
75,-28.729,-1.268,-1.623,-1.628,-1.659,-1.734,-1.556,-1.464,-1.624,-1.778,-1.68,-1.546,-1.598,-1.435,-1.717,-1.394,-1.881,-1.32,-1.698,-1.672,-1.31,-1.842,,-1.881,-1.268
76,-29.873,-1.813,-1.727,-1.701,-1.706,-1.799,-1.627,-1.549,-1.738,-1.845,-1.78,-1.62,-1.665,-1.531,-1.793,-1.488,-1.972,-1.394,-1.791,-1.758,-1.395,-1.911,,-1.972,-1.394
77,-22.264,-0.713,-1.049,-1.06,-1.077,-1.155,-0.939,-0.854,-1.048,-1.219,-1.102,-0.992,-1.03,-0.865,-1.136,-0.818,-1.278,-0.808,-1.097,-1.114,-0.767,-1.25,,-1.278,-0.713
78,-18.421,-0.388,-0.71,-0.717,-0.738,-0.814,-0.579,-0.485,-0.706,-0.888,-0.756,-0.663,-0.69,-0.53,-0.795,-0.481,-0.918,-0.503,-0.737,-0.776,-0.464,-0.9,,-0.918,-0.388
79,-18.943,-0.778,-0.712,-0.717,-0.738,-0.814,-0.579,-0.485,-0.71,-0.888,-0.76,-0.663,-0.69,-0.53,-0.795,-0.481,-0.918,-0.503,-0.737,-0.776,-0.464,-0.9,,-0.918,-0.464
80,-20.596,-1.148,-0.991,-0.951,-0.936,-1.042,-0.822,-0.751,-1.006,-1.106,-1.017,-0.901,-0.928,-0.803,-1.047,-0.755,-1.176,-0.74,-0.996,-1.038,-0.716,-1.134,,-1.176,-0.716
81,-15.74,-0.166,-0.475,-0.476,-0.506,-0.58,-0.336,-0.231,-0.47,-0.654,-0.514,-0.437,-0.457,-0.297,-0.562,-0.25,-0.67,-0.288,-0.485,-0.538,-0.265,-0.658,,-0.67,-0.166
82,-15.74,-0.226,-0.475,-0.476,-0.506,-0.58,-0.336,-0.231,-0.47,-0.654,-0.514,-0.437,-0.457,-0.297,-0.562,-0.25,-0.67,-0.288,-0.485,-0.538,-0.265,-0.658,,-0.67,-0.226
83,-14.247,-0.045,-0.345,-0.34,-0.379,-0.451,-0.206,-0.092,-0.338,-0.52,-0.38,-0.31,-0.33,-0.165,-0.433,-0.123,-0.534,-0.168,-0.345,-0.408,-0.151,-0.524,,-0.534,-0.045
84,-15.799,-0.682,-0.518,-0.473,-0.48,-0.577,-0.342,-0.248,-0.527,-0.649,-0.544,-0.448,-0.463,-0.331,-0.579,-0.288,-0.688,-0.307,-0.503,-0.566,-0.304,-0.657,,-0.688,-0.248
85,-21.773,-1.645,-1.565,-1.462,-1.421,-1.557,-1.383,-1.32,-1.553,-1.56,-1.479,-1.448,-1.474,-1.401,-1.625,-1.357,-1.68,-1.267,-1.477,-1.525,-1.306,-1.614,,-1.68,-1.267
86,-1.911,0.956,0.699,0.685,0.651,0.616,0.798,0.851,0.682,0.56,0.733,0.63,0.634,0.806,0.724,0.779,0.552,0.855,0.814,0.643,0.852,0.54,,0.54,0.956
87,-10.464,-0.782,-0.71,-0.619,-0.592,-0.75,-0.623,-0.588,-0.658,-0.802,-0.547,-0.774,-0.724,-0.683,-0.78,-0.664,-0.828,-0.541,-0.542,-0.704,-0.551,-0.745,,-0.828,-0.541
88,-7.445,0.131,-0.283,-0.239,-0.256,-0.382,-0.232,-0.157,-0.205,-0.436,-0.132,-0.383,-0.34,-0.247,-0.38,-0.233,-0.429,-0.159,-0.137,-0.293,-0.134,-0.358,,-0.436,0.131
89,4.362,1.465,1.529,1.429,1.248,1.291,1.484,1.463,1.341,1.208,1.418,1.264,1.244,1.541,1.53,1.383,1.31,1.423,1.541,1.248,1.516,1.119,,1.119,1.541
90,1.421,0.566,1.137,1.01,0.921,0.938,1.106,1.046,0.933,0.794,0.948,0.863,0.88,1.07,1.151,0.955,0.893,1.055,1.133,0.844,1.11,0.749,,0.566,1.151
91,2.111,1,1.16,1.026,0.926,0.944,1.107,1.056,0.965,0.801,0.988,0.87,0.886,1.101,1.157,0.975,0.917,1.062,1.157,0.857,1.119,0.749,,0.749,1.16
92,-2.922,-0.101,-0.017,-0.062,0.088,-0.049,0.031,-0.065,-0.059,-0.155,0.01,-0.213,-0.084,-0.161,0.024,-0.096,-0.154,0.096,0.161,-0.12,0.096,-0.221,,-0.221,0.161
93,-3.015,-0.114,-0.034,-0.078,0.072,-0.067,0.012,-0.08,-0.07,-0.174,0,-0.232,-0.103,-0.179,0.004,-0.113,-0.173,0.077,0.144,-0.133,0.081,-0.232,,-0.232,0.144
94,-0.911,0.633,0.269,0.186,0.287,0.208,0.324,0.214,0.232,0.11,0.265,0.064,0.194,0.2,0.322,0.171,0.133,0.376,0.447,0.178,0.356,0.027,,0.027,0.633
95,5.626,1.568,1.601,1.508,1.324,1.363,1.55,1.529,1.404,1.297,1.504,1.337,1.313,1.593,1.603,1.442,1.403,1.487,1.634,1.305,1.596,1.178,,1.178,1.634
96,4.275,0.972,1.48,1.395,1.246,1.267,1.449,1.416,1.263,1.191,1.344,1.231,1.212,1.452,1.501,1.312,1.273,1.397,1.501,1.189,1.485,1.086,,0.972,1.501
97,3.766,0.87,1.398,1.304,1.176,1.191,1.366,1.323,1.177,1.103,1.248,1.14,1.132,1.354,1.419,1.22,1.187,1.312,1.414,1.104,1.394,1.004,,0.87,1.419
98,5.223,1.488,1.535,1.435,1.268,1.301,1.484,1.455,1.337,1.227,1.428,1.265,1.249,1.515,1.539,1.369,1.334,1.419,1.564,1.238,1.524,1.113,,1.113,1.564
99,11.566,2.05,1.92,1.876,1.651,1.693,1.857,1.835,1.743,1.671,1.924,1.672,1.63,1.847,1.941,1.709,1.824,1.785,2.067,1.582,1.957,1.427,,1.427,2.067
100,7.151,0.906,1.291,1.213,1.138,1.12,1.237,1.148,1.089,1.043,1.193,1.012,1.041,1.105,1.341,1.025,1.171,1.185,1.404,0.958,1.295,0.853,,0.853,1.404
101,7.249,1.142,1.291,1.213,1.138,1.12,1.237,1.148,1.089,1.043,1.193,1.012,1.041,1.105,1.341,1.025,1.171,1.185,1.404,0.958,1.295,0.853,,0.853,1.404
102,8.372,1.47,1.391,1.305,1.2,1.198,1.318,1.239,1.209,1.126,1.328,1.096,1.122,1.222,1.422,1.132,1.279,1.253,1.515,1.052,1.383,0.924,,0.924,1.515
103,17.449,2.528,2.245,2.284,2.029,2.064,2.18,2.139,2.202,2.094,2.381,2.015,2.011,2.214,2.347,1.977,2.231,2.162,2.5,2.052,2.3,1.822,,1.822,2.528
104,17.134,2.213,2.245,2.284,2.029,2.064,2.18,2.139,2.202,2.094,2.381,2.015,2.011,2.214,2.347,1.977,2.231,2.162,2.5,2.052,2.3,1.822,,1.822,2.5
105,26.654,3.275,2.982,2.961,2.757,2.741,2.787,2.674,3.021,2.84,3.162,2.647,2.82,2.961,3.031,2.536,2.876,2.82,3.306,2.839,2.809,2.629,,2.536,3.306
106,25.754,2.789,2.933,2.917,2.731,2.708,2.755,2.637,2.954,2.809,3.087,2.611,2.785,2.899,3,2.483,2.82,2.797,3.248,2.796,2.775,2.604,,2.483,3.248
107,23.934,2.414,2.641,2.614,2.489,2.436,2.461,2.312,2.65,2.505,2.749,2.301,2.503,2.561,2.714,2.162,2.515,2.506,2.937,2.507,2.456,2.331,,2.162,2.937
108,26.102,3.173,2.893,2.865,2.678,2.655,2.694,2.572,2.928,2.745,3.059,2.55,2.732,2.855,2.944,2.437,2.782,2.729,3.21,2.75,2.711,2.545,,2.437,3.21
109,25.476,2.754,2.88,2.862,2.678,2.655,2.694,2.57,2.908,2.745,3.035,2.549,2.732,2.84,2.944,2.429,2.77,2.728,3.197,2.749,2.711,2.545,,2.429,3.197
110,23.863,2.402,2.63,2.601,2.479,2.425,2.449,2.299,2.639,2.493,2.736,2.289,2.492,2.548,2.703,2.149,2.503,2.494,2.925,2.496,2.444,2.32,,2.149,2.925
111,26.219,3.198,2.912,2.886,2.695,2.673,2.714,2.594,2.948,2.765,3.081,2.571,2.751,2.878,2.962,2.458,2.802,2.748,3.231,2.769,2.731,2.563,,2.458,3.231
112,24.908,2.612,2.798,2.781,2.622,2.583,2.62,2.489,2.813,2.669,2.93,2.472,2.657,2.745,2.868,2.336,2.68,2.666,3.105,2.662,2.628,2.48,,2.336,3.105
113,25.191,2.916,2.798,2.781,2.622,2.583,2.62,2.489,2.813,2.669,2.93,2.472,2.657,2.745,2.868,2.336,2.68,2.666,3.105,2.662,2.628,2.48,,2.336,3.105
114,41.589,4.487,4.153,3.93,4.052,4.039,3.997,3.762,4.16,4.054,4.395,3.657,3.932,4.086,4.158,3.77,4.108,3.936,4.501,4.017,3.81,4.01,,3.657,4.501
115,35.935,3.155,3.377,3.147,3.417,3.313,3.207,2.907,3.317,3.242,3.484,2.869,3.18,3.186,3.441,2.874,3.271,3.176,3.631,3.23,2.983,3.289,,2.869,3.631
116,31.49,2.547,2.761,2.546,2.856,2.714,2.5,2.245,2.785,2.539,2.892,2.19,2.601,2.5,2.869,2.117,2.635,2.505,2.963,2.673,2.376,2.72,,2.117,2.963
117,32.166,2.978,2.78,2.557,2.859,2.718,2.5,2.252,2.814,2.543,2.925,2.193,2.605,2.524,2.874,2.134,2.655,2.509,2.985,2.681,2.382,2.72,,2.134,2.985
118,42.419,4.555,4.217,3.988,4.121,4.106,4.068,3.828,4.219,4.118,4.461,3.719,3.991,4.145,4.223,3.84,4.179,3.999,4.564,4.078,3.869,4.087,,3.719,4.564
119,35.699,3.068,3.294,3.055,3.348,3.233,3.107,2.796,3.233,3.129,3.389,2.764,3.08,3.08,3.364,2.764,3.186,3.076,3.526,3.148,2.884,3.209,,2.764,3.526
120,35.839,3.319,3.294,3.055,3.348,3.233,3.107,2.796,3.233,3.129,3.389,2.764,3.08,3.08,3.364,2.764,3.186,3.076,3.526,3.148,2.884,3.209,,2.764,3.526
121,35.839,3.279,3.294,3.055,3.348,3.233,3.107,2.796,3.233,3.129,3.389,2.764,3.08,3.08,3.364,2.764,3.186,3.076,3.526,3.148,2.884,3.209,,2.764,3.526
122,39.134,4.054,3.745,3.512,3.695,3.637,3.54,3.28,3.723,3.575,3.935,3.209,3.497,3.604,3.787,3.264,3.664,3.492,4.019,3.593,3.352,3.602,,3.209,4.054
123,38.213,3.563,3.693,3.464,3.666,3.601,3.505,3.24,3.654,3.542,3.856,3.169,3.459,3.539,3.753,3.207,3.605,3.468,3.957,3.546,3.315,3.575,,3.169,3.957
124,30.799,2.423,2.654,2.421,2.752,2.597,2.336,2.106,2.672,2.429,2.77,2.068,2.475,2.346,2.761,1.941,2.499,2.386,2.822,2.552,2.235,2.622,,1.941,2.822
125,33.112,3.211,2.927,2.693,2.954,2.835,2.59,2.391,2.974,2.692,3.107,2.334,2.722,2.664,3.014,2.241,2.789,2.628,3.121,2.818,2.511,2.851,,2.241,3.211
126,33.247,3.236,2.949,2.716,2.973,2.856,2.612,2.415,2.997,2.715,3.132,2.356,2.743,2.69,3.035,2.265,2.812,2.649,3.144,2.839,2.535,2.871,,2.265,3.236
127,53.823,5.48,5.092,4.825,5.057,5.037,5.037,4.766,5.056,4.958,5.369,4.591,4.847,4.971,5.128,4.831,5.163,4.835,5.472,4.92,4.713,5.134,,4.591,5.48
128,53.37,5.115,5.092,4.825,5.057,5.037,5.037,4.766,5.056,4.958,5.369,4.591,4.847,4.971,5.128,4.831,5.163,4.835,5.472,4.92,4.713,5.134,,4.591,5.472
129,52.75,4.952,5.016,4.755,5.012,4.98,4.979,4.701,4.961,4.9,5.262,4.529,4.788,4.881,5.071,4.749,5.079,4.792,5.385,4.85,4.651,5.088,,4.529,5.385
130,46.577,3.92,4.103,3.823,4.228,4.1,4.003,3.652,4.007,3.894,4.233,3.559,3.88,3.831,4.201,3.673,4.099,3.854,4.37,3.933,3.668,4.185,,3.559,4.37
131,44.701,3.666,3.846,3.573,4.004,3.858,3.715,3.392,3.79,3.598,4.005,3.271,3.653,3.541,3.962,3.368,3.835,3.593,4.11,3.712,3.425,3.966,,3.271,4.11
132,45.146,4.029,3.846,3.573,4.004,3.858,3.715,3.392,3.79,3.598,4.005,3.271,3.653,3.541,3.962,3.368,3.835,3.593,4.11,3.712,3.425,3.966,,3.271,4.11
133,43.692,3.536,3.712,3.453,3.884,3.74,3.563,3.255,3.675,3.472,3.882,3.13,3.532,3.397,3.839,3.205,3.699,3.457,3.971,3.596,3.294,3.852,,3.13,3.971
134,74.193,7.134,6.686,6.374,6.722,6.71,6.804,6.518,6.634,6.457,6.938,6.184,6.518,6.512,6.775,6.632,6.929,6.357,7.21,6.475,6.324,6.997,,6.184,7.21
135,38.762,2.437,2.823,2.554,2.917,2.848,2.561,2.446,2.699,2.454,2.818,2.378,2.589,2.356,2.935,2.352,2.766,2.467,3.081,2.653,2.235,3.323,,2.235,3.323
136,56.487,5.289,5.016,4.806,4.924,4.949,5.109,4.882,4.889,4.747,5.186,4.61,4.796,4.792,5.053,5.004,5.159,4.646,5.434,4.838,4.609,5.376,,4.609,5.434
137,47.404,3.48,3.776,3.56,3.877,3.776,3.795,3.514,3.628,3.397,3.842,3.297,3.608,3.369,3.892,3.55,3.838,3.41,4.079,3.636,3.327,4.213,,3.297,4.213
138,52.281,4.697,4.441,4.227,4.403,4.387,4.455,4.238,4.359,4.074,4.629,3.962,4.237,4.143,4.506,4.305,4.549,4.044,4.817,4.306,4.028,4.817,,3.962,4.817
139,49.623,3.847,4.116,3.901,4.161,4.101,4.148,3.893,3.999,3.759,4.228,3.642,3.942,3.764,4.199,3.945,4.203,3.753,4.459,3.986,3.695,4.539,,3.642,4.539
140,48.71,3.688,3.971,3.751,4.044,3.967,4.003,3.731,3.846,3.61,4.058,3.499,3.804,3.598,4.065,3.783,4.05,3.611,4.302,3.841,3.539,4.405,,3.499,4.405
141,48.71,3.752,3.971,3.751,4.044,3.967,4.003,3.731,3.846,3.61,4.058,3.499,3.804,3.598,4.065,3.783,4.05,3.611,4.302,3.841,3.539,4.405,,3.499,4.405
142,69.536,6.672,6.252,5.976,6.25,6.247,6.393,6.113,6.176,6.03,6.483,5.769,6.127,6.105,6.332,6.217,6.475,5.913,6.744,6.054,5.947,6.571,,5.769,6.744
143,60.005,4.805,4.954,4.679,5.154,5.026,5.014,4.685,4.863,4.619,5.098,4.392,4.888,4.618,5.116,4.696,5.097,4.62,5.328,4.802,4.61,5.358,,4.392,5.358
144,55.024,4.191,4.396,4.088,4.605,4.475,4.278,4.032,4.303,4.094,4.53,3.846,4.302,4.017,4.545,3.986,4.458,4.078,4.733,4.235,3.973,4.836,,3.846,4.836
145,60.704,5.527,5.169,4.868,5.232,5.196,5.064,4.887,5.15,4.899,5.436,4.635,5.051,4.915,5.265,4.883,5.293,4.827,5.6,5.022,4.798,5.558,,4.635,5.6
146,59.608,4.994,5.089,4.794,5.185,5.136,5.003,4.818,5.051,4.838,5.325,4.57,4.988,4.821,5.205,4.797,5.206,4.78,5.51,4.948,4.731,5.508,,4.57,5.51
147,61.991,5.712,5.345,5.049,5.396,5.372,5.267,5.1,5.319,5.108,5.616,4.834,5.233,5.113,5.436,5.097,5.48,5.015,5.795,5.187,4.981,5.747,,4.834,5.795
148,45.894,3.173,3.491,3.2,3.652,3.563,3.207,3.1,3.393,3.149,3.567,3.015,3.259,3.053,3.623,3.015,3.469,3.16,3.8,3.301,2.881,3.981,,2.881,3.981
149,57.502,5.304,5.033,4.746,4.985,5.03,4.898,4.807,4.942,4.788,5.208,4.649,4.747,4.83,5.08,4.865,5.13,4.699,5.487,4.794,4.489,5.428,,4.489,5.487
150,61.403,5.772,5.455,5.208,5.411,5.437,5.465,5.31,5.363,5.196,5.642,5.039,5.204,5.249,5.516,5.382,5.604,5.102,5.916,5.234,4.985,5.817,,4.985,5.916
151,47.256,3.334,3.636,3.362,3.802,3.699,3.4,3.275,3.532,3.293,3.721,3.15,3.418,3.198,3.771,3.192,3.626,3.301,3.94,3.455,3.055,4.115,,3.055,4.115
152,58.643,5.436,5.153,4.881,5.11,5.14,5.057,4.953,5.056,4.907,5.328,4.76,4.88,4.946,5.202,5.006,5.256,4.816,5.601,4.922,4.634,5.538,,4.634,5.601
153,69.555,6.674,6.254,5.977,6.252,6.249,6.394,6.115,6.178,6.032,6.485,5.771,6.128,6.106,6.334,6.219,6.477,5.915,6.746,6.056,5.948,6.572,,5.771,6.746
154,61.103,4.949,5.103,4.814,5.283,5.153,5.178,4.836,4.989,4.783,5.223,4.554,5.019,4.783,5.254,4.87,5.243,4.767,5.479,4.929,4.75,5.484,,4.554,5.484
155,63.588,5.769,5.401,5.111,5.503,5.413,5.458,5.149,5.32,5.07,5.592,4.846,5.288,5.129,5.533,5.199,5.56,5.03,5.806,5.221,5.053,5.736,,4.846,5.806
156,63.588,5.599,5.401,5.111,5.503,5.413,5.458,5.149,5.32,5.07,5.592,4.846,5.288,5.129,5.533,5.199,5.56,5.03,5.806,5.221,5.053,5.736,,4.846,5.806
157,55.086,4.198,4.402,4.095,4.611,4.482,4.286,4.039,4.31,4.1,4.536,3.852,4.309,4.024,4.552,3.994,4.465,4.084,4.739,4.242,3.98,4.842,,3.852,4.842
158,57.065,4.919,4.621,4.309,4.767,4.668,4.485,4.262,4.556,4.304,4.811,4.06,4.502,4.277,4.752,4.233,4.698,4.268,4.979,4.454,4.197,5.02,,4.06,5.02
159,46.931,3.283,3.59,3.293,3.759,3.667,3.301,3.2,3.495,3.256,3.678,3.107,3.376,3.161,3.727,3.113,3.572,3.262,3.904,3.395,3.003,4.077,,3.003,4.077
160,50.967,4.367,4.134,3.842,4.177,4.155,3.828,3.785,4.086,3.796,4.33,3.643,3.879,3.788,4.229,3.718,4.149,3.767,4.499,3.934,3.569,4.557,,3.569,4.557
161,55.688,5.049,4.785,4.5,4.768,4.802,4.566,4.524,4.719,4.557,4.988,4.372,4.525,4.534,4.846,4.514,4.85,4.454,5.215,4.56,4.243,5.202,,4.243,5.215
162,58.976,5.468,5.179,4.891,5.138,5.184,5.056,4.964,5.094,4.939,5.362,4.786,4.915,4.988,5.233,5.028,5.29,4.846,5.641,4.938,4.666,5.57,,4.666,5.641
163,56.906,4.728,4.946,4.662,4.971,4.985,4.843,4.724,4.832,4.72,5.071,4.563,4.708,4.718,5.019,4.772,5.042,4.647,5.385,4.712,4.434,5.379,,4.434,5.385
164,58.532,5.38,5.109,4.817,5.082,5.119,4.986,4.885,5.02,4.866,5.28,4.712,4.849,4.906,5.163,4.949,5.216,4.777,5.564,4.868,4.591,5.505,,4.591,5.564
165,48.735,3.51,3.788,3.508,3.957,3.877,3.571,3.439,3.7,3.448,3.893,3.312,3.59,3.4,3.932,3.391,3.814,3.458,4.126,3.603,3.235,4.276,,3.235,4.276
166,51.97,4.461,4.205,3.929,4.273,4.248,3.969,3.886,4.157,3.857,4.402,3.723,3.972,3.886,4.328,3.854,4.257,3.837,4.584,4.014,3.666,4.639,,3.666,4.639
167,52.369,4.529,4.268,3.994,4.324,4.306,4.033,3.957,4.224,3.922,4.475,3.785,4.032,3.956,4.38,3.925,4.323,3.9,4.653,4.078,3.734,4.698,,3.734,4.698
168,66.157,6.304,5.926,5.673,5.907,5.911,6.019,5.785,5.839,5.684,6.134,5.468,5.745,5.749,5.993,5.903,6.126,5.577,6.399,5.745,5.547,6.261,,5.468,6.399
169,54.613,4.181,4.394,4.137,4.586,4.454,4.341,4.088,4.296,4.059,4.52,3.843,4.268,3.981,4.544,4.071,4.478,4.049,4.721,4.262,3.95,4.824,,3.843,4.824
170,51.754,3.835,4.08,3.797,4.272,4.149,3.92,3.717,3.978,3.759,4.194,3.556,3.932,3.673,4.219,3.685,4.121,3.752,4.398,3.938,3.586,4.536,,3.556,4.536
171,52.62,4.313,4.124,3.837,4.295,4.177,3.946,3.748,4.039,3.785,4.262,3.587,3.962,3.728,4.246,3.733,4.171,3.772,4.451,3.976,3.615,4.557,,3.587,4.557
172,38.027,2.365,2.755,2.495,2.843,2.774,2.496,2.382,2.628,2.385,2.74,2.313,2.527,2.292,2.866,2.285,2.693,2.394,3.005,2.585,2.176,3.255,,2.176,3.255
173,49.828,4.519,4.324,4.07,4.206,4.272,4.229,4.119,4.198,4.06,4.447,3.971,4.045,4.098,4.346,4.178,4.386,3.967,4.73,4.105,3.815,4.727,,3.815,4.73
174,45.141,3.332,3.685,3.429,3.704,3.688,3.598,3.426,3.499,3.412,3.69,3.335,3.444,3.357,3.758,3.456,3.704,3.36,4.023,3.463,3.144,4.151,,3.144,4.151
175,16.925,0.404,0.756,0.671,0.671,0.581,0.526,0.463,0.625,0.368,0.517,0.409,0.632,0.387,0.91,0.234,0.506,0.369,0.728,0.701,0.344,1.189,,0.234,1.189
176,39.528,3.793,3.592,3.595,3.37,3.391,3.803,3.537,3.514,3.365,3.613,3.27,3.603,3.551,3.646,3.569,3.582,3.295,3.877,3.615,3.537,3.817,,3.27,3.877
177,38.169,3.195,3.47,3.482,3.292,3.295,3.702,3.424,3.372,3.261,3.453,3.164,3.503,3.411,3.544,3.439,3.452,3.207,3.744,3.501,3.425,3.729,,3.164,3.744
178,17.656,0.483,0.841,0.749,0.754,0.665,0.596,0.538,0.712,0.452,0.602,0.482,0.732,0.477,1.003,0.306,0.588,0.45,0.824,0.781,0.444,1.263,,0.306,1.263
179,37.118,3.529,3.357,3.387,3.119,3.145,3.519,3.322,3.282,3.102,3.349,3.073,3.329,3.295,3.406,3.343,3.338,3.043,3.617,3.388,3.251,3.592,,3.043,3.617
180,67.784,6.556,6.152,5.881,6.185,6.161,6.239,5.962,6.119,5.971,6.404,5.673,5.981,6.008,6.249,6.061,6.315,5.872,6.578,5.971,5.806,6.411,,5.673,6.578
181,57.019,4.531,4.706,4.438,4.949,4.796,4.677,4.368,4.665,4.428,4.878,4.132,4.596,4.349,4.889,4.348,4.771,4.425,4.992,4.577,4.31,5.059,,4.132,5.059
182,57.019,4.621,4.706,4.438,4.949,4.796,4.677,4.368,4.665,4.428,4.878,4.132,4.596,4.349,4.889,4.348,4.771,4.425,4.992,4.577,4.31,5.059,,4.132,5.059
183,19.282,0.62,1.009,0.892,0.929,0.838,0.75,0.68,0.851,0.581,0.774,0.628,0.866,0.603,1.159,0.456,0.768,0.578,0.993,0.921,0.554,1.428,,0.456,1.428
184,43.324,4.162,3.931,3.892,3.752,3.753,4.13,3.856,3.822,3.711,3.998,3.571,3.944,3.872,3.975,3.903,3.943,3.626,4.22,3.93,3.863,4.169,,3.571,4.22
185,41.18,3.407,3.686,3.65,3.575,3.542,3.905,3.603,3.548,3.479,3.693,3.335,3.726,3.587,3.749,3.634,3.682,3.415,3.951,3.692,3.617,3.967,,3.335,3.967
186,42.859,4.069,3.857,3.815,3.692,3.684,4.056,3.773,3.744,3.634,3.912,3.493,3.874,3.786,3.902,3.82,3.865,3.553,4.139,3.856,3.783,4.101,,3.493,4.139
187,42.546,3.755,3.857,3.815,3.692,3.684,4.056,3.773,3.744,3.634,3.912,3.493,3.874,3.786,3.902,3.82,3.865,3.553,4.139,3.856,3.783,4.101,,3.493,4.139
188,13.346,0.087,0.401,0.364,0.351,0.244,0.197,0.161,0.296,0.068,0.186,0.11,0.289,0.064,0.531,-0.078,0.163,0.082,0.352,0.367,0.051,0.833,,-0.078,0.833
189,28.287,2.619,2.542,2.65,2.223,2.274,2.56,2.521,2.441,2.211,2.416,2.396,2.426,2.434,2.62,2.402,2.486,2.204,2.709,2.446,2.371,2.756,,2.204,2.756
190,21.19,1.079,1.527,1.569,1.328,1.29,1.494,1.353,1.356,1.127,1.233,1.284,1.419,1.24,1.682,1.238,1.391,1.167,1.585,1.425,1.261,1.783,,1.079,1.783
191,26.673,2.386,2.308,2.388,1.993,2.026,2.291,2.227,2.188,1.934,2.146,2.117,2.175,2.16,2.404,2.112,2.221,1.939,2.433,2.204,2.108,2.511,,1.934,2.511
192,17.427,0.582,0.951,0.979,0.83,0.749,0.859,0.749,0.831,0.551,0.721,0.64,0.867,0.604,1.122,0.561,0.771,0.589,0.949,0.911,0.68,1.305,,0.551,1.305
193,49.863,4.89,4.604,4.525,4.498,4.475,4.701,4.435,4.571,4.437,4.74,4.195,4.54,4.572,4.674,4.483,4.618,4.35,4.853,4.611,4.414,4.772,,4.195,4.89
194,16.882,0.434,0.803,0.683,0.733,0.636,0.522,0.459,0.698,0.43,0.574,0.443,0.627,0.426,0.953,0.23,0.536,0.437,0.751,0.751,0.34,1.185,,0.23,1.185
195,14.914,0.24,0.578,0.497,0.515,0.415,0.339,0.288,0.473,0.228,0.356,0.253,0.436,0.223,0.717,0.054,0.323,0.236,0.529,0.537,0.173,0.988,,0.054,0.988
196,24.173,2.072,1.99,1.961,1.706,1.726,1.787,1.823,1.862,1.681,1.834,1.77,1.77,1.818,2.075,1.612,1.791,1.626,2.029,1.863,1.636,2.251,,1.612,2.251
197,8.377,-0.348,-0.055,-0.037,-0.018,-0.138,-0.215,-0.179,-0.13,-0.335,-0.244,-0.269,-0.127,-0.359,0.042,-0.43,-0.214,-0.278,-0.14,-0.093,-0.255,0.37,,-0.43,0.37
198,13.06,0.839,0.618,0.672,0.533,0.477,0.451,0.558,0.569,0.338,0.533,0.438,0.504,0.437,0.686,0.302,0.484,0.366,0.569,0.572,0.456,0.984,,0.302,0.984
199,9.948,-0.091,0.208,0.245,0.209,0.109,0.054,0.118,0.133,-0.065,0.046,0.018,0.124,-0.047,0.304,-0.145,0.056,-0.016,0.132,0.169,0.031,0.619,,-0.145,0.619
200,43.019,4.271,4.049,4.021,3.901,3.885,4.119,3.876,4.03,3.897,4.127,3.655,4.033,4.055,4.106,3.891,4.009,3.812,4.275,4.075,3.911,4.142,,3.655,4.275
201,37.104,2.9,3.238,3.203,3.234,3.125,3.288,2.978,3.151,3.042,3.175,2.826,3.243,3.116,3.354,2.949,3.135,3.014,3.365,3.251,3.044,3.384,,2.826,3.384
202,22.342,1.092,1.494,1.389,1.464,1.354,1.096,1.058,1.455,1.151,1.299,1.053,1.401,1.189,1.681,0.788,1.213,1.139,1.454,1.428,1.053,1.742,,0.788,1.742
203,14.861,0.302,0.649,0.578,0.612,0.495,0.339,0.295,0.575,0.317,0.441,0.301,0.454,0.289,0.78,0.05,0.372,0.331,0.578,0.613,0.189,0.983,,0.05,0.983
204,29.882,2.843,2.768,2.849,2.498,2.53,2.706,2.66,2.73,2.471,2.685,2.575,2.591,2.658,2.828,2.541,2.692,2.458,2.93,2.697,2.506,2.905,,2.458,2.93
205,25.148,1.648,2.107,2.173,1.95,1.916,2.048,1.935,2.023,1.792,1.905,1.891,1.957,1.878,2.231,1.804,1.989,1.816,2.212,2.042,1.802,2.307,,1.648,2.307
206,25.148,1.709,2.107,2.173,1.95,1.916,2.048,1.935,2.023,1.792,1.905,1.891,1.957,1.878,2.231,1.804,1.989,1.816,2.212,2.042,1.802,2.307,,1.709,2.307
207,16.83,0.536,0.913,0.874,0.845,0.718,0.65,0.572,0.828,0.55,0.697,0.55,0.733,0.535,1.063,0.341,0.636,0.575,0.857,0.874,0.492,1.204,,0.341,1.204
208,-22.199,-2.913,-2.594,-2.329,-2.375,-2.627,-2.416,-2.207,-2.584,-2.633,-2.66,-2.377,-2.357,-2.422,-2.685,-2.29,-2.667,-2.51,-2.831,-2.426,-2.502,-1.878,,-2.913,-1.878
209,-2.919,0.113,0.153,0.336,-0.012,-0.028,0.556,0.676,0.007,-0.14,-0.094,0.281,0.188,0.273,0.177,0.674,0.08,0.174,0.062,0.129,0.503,0.464,,-0.14,0.676
210,-6.237,-0.853,-0.329,-0.097,-0.419,-0.498,0.084,0.188,-0.5,-0.612,-0.559,-0.176,-0.281,-0.222,-0.333,0.187,-0.396,-0.321,-0.4,-0.401,0.03,0.001,,-0.853,0.188
211,9.12,1.377,1.53,1.67,1.181,1.231,1.728,1.709,1.282,1.2,1.273,1.39,1.5,1.578,1.59,1.6,1.415,1.359,1.471,1.315,1.81,1.328,,1.181,1.81
212,15.295,1.984,1.942,2.126,1.665,1.699,2.06,2.028,1.854,1.724,1.869,1.804,1.852,1.966,2.067,1.874,1.904,1.84,2.006,1.87,2.176,1.653,,1.653,2.176
213,-8.032,-1.481,-1.243,-1.21,-1.033,-1.333,-1.527,-1.278,-1.169,-1.432,-1.223,-1.388,-1.265,-1.329,-1.369,-1.463,-1.544,-1.291,-1.46,-1.119,-1.368,-0.861,,-1.544,-0.861
214,3.55,0.646,0.984,0.862,0.704,0.737,0.707,0.916,0.744,0.568,0.628,0.807,0.663,1.024,0.932,0.794,0.674,0.718,0.639,0.777,0.745,0.946,,0.568,1.024
215,26.667,3.056,2.945,2.962,2.716,2.699,2.788,2.675,3.022,2.836,3.06,2.636,2.821,2.962,3.027,2.537,2.801,2.812,3.133,2.84,2.809,2.63,,2.537,3.133
216,-11.187,-1.877,-1.567,-1.57,-1.361,-1.619,-1.716,-1.506,-1.551,-1.698,-1.54,-1.626,-1.638,-1.644,-1.697,-1.643,-1.793,-1.592,-1.742,-1.645,-1.694,-1.036,,-1.877,-1.036
217,22.994,2.698,2.586,2.688,2.327,2.342,2.531,2.444,2.609,2.465,2.66,2.34,2.488,2.614,2.696,2.297,2.503,2.475,2.746,2.453,2.613,2.293,,2.293,2.746
218,-17.7,-2.496,-2.175,-1.982,-1.941,-2.201,-2.115,-1.919,-2.203,-2.223,-2.197,-2.044,-2.061,-2.096,-2.29,-2.018,-2.292,-2.147,-2.375,-2.107,-2.189,-1.505,,-2.496,-1.505
219,-9.972,-0.869,-0.92,-0.807,-0.869,-1.062,-0.902,-0.628,-0.962,-1.117,-1.056,-0.835,-0.889,-0.791,-1.058,-0.735,-1.111,-1.003,-1.194,-0.956,-0.952,-0.38,,-1.194,-0.38
220,-9.972,-1.06,-0.92,-0.807,-0.869,-1.062,-0.902,-0.628,-0.962,-1.117,-1.056,-0.835,-0.889,-0.791,-1.058,-0.735,-1.111,-1.003,-1.194,-0.956,-0.952,-0.38,,-1.194,-0.38
221,-10.161,-1.138,-0.92,-0.807,-0.869,-1.062,-0.902,-0.628,-0.962,-1.117,-1.056,-0.835,-0.889,-0.791,-1.058,-0.735,-1.111,-1.003,-1.194,-0.956,-0.952,-0.38,,-1.194,-0.38
222,-22.751,-2.958,-2.641,-2.373,-2.421,-2.673,-2.455,-2.243,-2.629,-2.675,-2.706,-2.417,-2.393,-2.462,-2.73,-2.324,-2.71,-2.551,-2.879,-2.464,-2.54,-1.926,,-2.958,-1.926
223,-22.28,-2.586,-2.641,-2.373,-2.421,-2.673,-2.455,-2.243,-2.629,-2.675,-2.706,-2.417,-2.393,-2.462,-2.73,-2.324,-2.71,-2.551,-2.879,-2.464,-2.54,-1.926,,-2.879,-1.926
224,-22.481,-2.86,-2.641,-2.373,-2.421,-2.673,-2.455,-2.243,-2.629,-2.675,-2.706,-2.417,-2.393,-2.462,-2.73,-2.324,-2.71,-2.551,-2.879,-2.464,-2.54,-1.926,,-2.879,-1.926
225,-12.431,-0.99,-0.94,-0.842,-1,-1.124,-0.799,-0.529,-1.063,-1.216,-1.254,-0.804,-0.899,-0.758,-1.076,-0.587,-1.099,-1.052,-1.286,-1.012,-0.904,-0.509,,-1.286,-0.509
226,-12.431,-1.102,-0.94,-0.842,-1,-1.124,-0.799,-0.529,-1.063,-1.216,-1.254,-0.804,-0.899,-0.758,-1.076,-0.587,-1.099,-1.052,-1.286,-1.012,-0.904,-0.509,,-1.286,-0.509
227,21.399,2.573,2.462,2.578,2.188,2.22,2.422,2.352,2.522,2.316,2.513,2.249,2.345,2.509,2.597,2.198,2.39,2.4,2.588,2.39,2.525,2.152,,2.152,2.597
228,20.626,2.118,2.433,2.552,2.175,2.204,2.409,2.334,2.477,2.302,2.462,2.232,2.328,2.469,2.581,2.165,2.354,2.388,2.551,2.367,2.507,2.142,,2.118,2.581
229,-31.141,-3.639,-3.359,-3.054,-3.142,-3.386,-3.082,-2.844,-3.296,-3.314,-3.406,-3.042,-2.929,-3.12,-3.414,-2.915,-3.403,-3.2,-3.616,-3.048,-3.119,-2.666,,-3.639,-2.666
230,-17.395,-1.248,-1.21,-1.088,-1.345,-1.357,-0.877,-0.653,-1.339,-1.5,-1.549,-0.995,-1.055,-1.034,-1.297,-0.673,-1.251,-1.244,-1.505,-1.25,-0.972,-0.864,,-1.549,-0.653
231,0.235,0.657,0.776,0.93,0.571,0.558,1.151,1.128,0.703,0.489,0.444,0.747,0.917,0.984,0.887,1.044,0.64,0.845,0.73,0.752,1.103,0.764,,0.444,1.151
232,-18.899,-2.354,-2.113,-1.849,-1.859,-2.148,-2.036,-1.867,-2.02,-2.087,-2.089,-2.009,-1.788,-1.874,-2.194,-2.046,-2.268,-1.981,-2.303,-1.908,-1.999,-1.6,,-2.354,-1.6
233,-22.662,-2.763,-2.499,-2.214,-2.243,-2.518,-2.431,-2.171,-2.431,-2.477,-2.507,-2.321,-2.2,-2.263,-2.587,-2.297,-2.612,-2.365,-2.755,-2.263,-2.424,-1.917,,-2.763,-1.917
234,-22.507,-2.507,-2.499,-2.214,-2.243,-2.518,-2.431,-2.171,-2.431,-2.477,-2.507,-2.321,-2.2,-2.263,-2.587,-2.297,-2.612,-2.365,-2.755,-2.263,-2.424,-1.917,,-2.755,-1.917
235,-7.159,-0.165,-0.142,0.057,-0.279,-0.317,0.029,0.347,-0.26,-0.408,-0.388,0.027,-0.106,0.059,-0.199,0.238,-0.262,-0.156,-0.339,-0.201,0.104,0.091,,-0.408,0.347
236,-53.032,-5.416,-5.151,-4.788,-4.988,-5.22,-4.909,-4.736,-4.986,-5.074,-5.232,-4.707,-4.614,-4.879,-5.127,-4.741,-5.338,-4.85,-5.508,-4.777,-4.693,-4.607,,-5.508,-4.607
237,-46.458,-3.95,-4.139,-3.896,-4.129,-4.305,-3.945,-3.751,-3.911,-4.212,-4.295,-3.813,-3.672,-3.868,-4.16,-3.728,-4.383,-3.951,-4.566,-3.833,-3.739,-3.681,,-4.566,-3.672
238,-26.963,-1.662,-1.787,-1.602,-1.933,-1.987,-1.399,-1.321,-1.749,-1.987,-2.023,-1.568,-1.509,-1.496,-1.808,-1.242,-1.975,-1.586,-1.993,-1.736,-1.2,-1.681,,-2.023,-1.2
239,-28.23,-2.237,-1.912,-1.692,-1.996,-2.07,-1.489,-1.426,-1.885,-2.071,-2.141,-1.659,-1.595,-1.612,-1.904,-1.356,-2.085,-1.679,-2.105,-1.842,-1.303,-1.769,,-2.237,-1.303
240,-29.833,-2.549,-2.189,-1.941,-2.24,-2.326,-1.76,-1.696,-2.172,-2.308,-2.39,-1.908,-1.858,-1.889,-2.171,-1.633,-2.345,-1.931,-2.358,-2.103,-1.564,-2.026,,-2.549,-1.564
241,-44.309,-4.471,-4.316,-3.947,-4.082,-4.346,-3.987,-3.856,-4.088,-4.176,-4.281,-3.949,-3.716,-3.945,-4.288,-3.905,-4.473,-3.981,-4.535,-3.878,-3.798,-3.833,,-4.535,-3.716
242,-15.724,-0.536,-0.637,-0.478,-0.728,-0.804,-0.335,-0.23,-0.603,-0.838,-0.811,-0.514,-0.455,-0.375,-0.689,-0.248,-0.828,-0.466,-0.82,-0.54,-0.264,-0.657,,-0.838,-0.23
243,21.997,2.858,2.594,2.622,2.351,2.377,2.462,2.386,2.599,2.454,2.752,2.318,2.398,2.576,2.676,2.234,2.548,2.485,2.86,2.442,2.558,2.204,,2.204,2.86
244,-19.383,-2.412,-2.24,-2.108,-1.985,-2.241,-2.224,-2.026,-2.273,-2.286,-2.179,-2.123,-2.172,-2.172,-2.381,-2.118,-2.312,-2.201,-2.327,-2.229,-2.307,-1.641,,-2.412,-1.641
245,-40.066,-4.296,-4.124,-3.769,-3.902,-4.142,-3.794,-3.596,-3.996,-4.022,-4.131,-3.716,-3.557,-3.839,-4.135,-3.632,-4.188,-3.885,-4.369,-3.728,-3.723,-3.458,,-4.369,-3.458
246,-23.119,-1.533,-1.614,-1.44,-1.777,-1.807,-1.219,-1.081,-1.694,-1.866,-1.911,-1.344,-1.373,-1.414,-1.674,-1.001,-1.72,-1.516,-1.865,-1.616,-1.152,-1.331,,-1.911,-1.001
247,-54.038,-5.498,-5.23,-4.868,-5.072,-5.303,-4.998,-4.825,-5.064,-5.156,-5.317,-4.784,-4.697,-4.96,-5.203,-4.829,-5.426,-4.924,-5.594,-4.86,-4.774,-4.696,,-5.594,-4.696
248,-62.782,-6.207,-5.916,-5.572,-5.794,-6.022,-5.783,-5.602,-5.764,-5.88,-6.059,-5.458,-5.424,-5.67,-5.862,-5.597,-6.193,-5.567,-6.333,-5.586,-5.494,-5.471,,-6.333,-5.424
249,-50.02,-3.936,-3.998,-3.844,-4.179,-4.173,-3.847,-3.651,-3.948,-4.221,-4.354,-3.675,-3.729,-3.792,-3.992,-3.568,-4.27,-3.822,-4.433,-3.97,-3.575,-3.828,,-4.433,-3.568
250,-132.361,-11.855,-11.624,-11.352,-11.847,-12.003,-12.156,-11.756,-11.706,-11.751,-12.094,-11.04,-11.153,-11.564,-11.767,-11.757,-12.339,-11.136,-12.342,-11.391,-11.394,-11.64,,-12.342,-11.04
251,-101.778,-7.639,-7.958,-7.807,-8.471,-8.445,-8.306,-7.962,-8.106,-8.304,-8.461,-7.599,-7.687,-7.844,-8.154,-7.894,-8.642,-7.602,-8.504,-7.971,-7.6,-8.347,,-8.642,-7.599
252,-76.916,-5.289,-5.728,-5.679,-6.072,-6.053,-6.012,-5.771,-5.823,-5.922,-5.944,-5.497,-5.64,-5.568,-5.952,-5.687,-6.25,-5.354,-6.08,-5.773,-5.467,-6.142,,-6.25,-5.289
253,-96.699,-8.371,-8.376,-8.194,-8.369,-8.589,-8.816,-8.535,-8.379,-8.311,-8.453,-7.998,-8.056,-8.19,-8.574,-8.57,-8.903,-7.915,-8.858,-8.111,-8.249,-8.475,,-8.903,-7.915
254,-93.756,-7.471,-7.965,-7.853,-8.066,-8.247,-8.454,-8.157,-7.944,-7.984,-8.076,-7.652,-7.701,-7.795,-8.201,-8.174,-8.525,-7.572,-8.484,-7.736,-7.882,-8.125,,-8.525,-7.471
255,-80.935,-5.743,-6.122,-6.081,-6.479,-6.451,-6.506,-6.217,-6.249,-6.34,-6.399,-5.86,-6.049,-5.999,-6.344,-6.152,-6.648,-5.787,-6.55,-6.188,-5.89,-6.504,,-6.648,-5.743
256,-106.638,-9.418,-9.313,-9.144,-9.368,-9.562,-9.789,-9.487,-9.352,-9.314,-9.499,-8.866,-9.052,-9.211,-9.5,-9.483,-9.867,-8.864,-9.881,-9.118,-9.213,-9.358,,-9.881,-8.864
257,-81.5,-5.761,-6.157,-6.117,-6.535,-6.507,-6.441,-6.2,-6.263,-6.384,-6.422,-5.897,-6.101,-6.029,-6.368,-6.104,-6.696,-5.785,-6.53,-6.239,-5.894,-6.549,,-6.696,-5.761
258,-82.207,-6.2,-6.189,-6.131,-6.539,-6.512,-6.444,-6.216,-6.3,-6.391,-6.454,-5.91,-6.104,-6.057,-6.374,-6.125,-6.72,-5.797,-6.555,-6.258,-5.912,-6.553,,-6.72,-5.797
259,-68.756,-4.566,-5.036,-4.997,-5.318,-5.316,-5.259,-5.049,-5.116,-5.22,-5.217,-4.836,-4.962,-4.868,-5.239,-4.959,-5.509,-4.663,-5.321,-5.086,-4.766,-5.418,,-5.509,-4.566
260,-28.783,-1.225,-1.628,-1.633,-1.664,-1.739,-1.561,-1.469,-1.629,-1.783,-1.68,-1.551,-1.603,-1.44,-1.722,-1.399,-1.886,-1.325,-1.687,-1.677,-1.315,-1.847,,-1.886,-1.225
261,-47.713,-4.212,-4.295,-4.121,-3.969,-4.249,-4.332,-4.175,-4.135,-4.131,-4.116,-4.057,-3.968,-4.051,-4.344,-4.239,-4.54,-3.872,-4.414,-3.98,-4.076,-4.134,,-4.54,-3.872
262,-52.256,-4.706,-4.731,-4.559,-4.441,-4.704,-4.824,-4.625,-4.606,-4.599,-4.613,-4.452,-4.435,-4.54,-4.786,-4.656,-4.988,-4.331,-4.94,-4.447,-4.558,-4.537,,-4.988,-4.331
263,-52.256,-4.507,-4.731,-4.559,-4.441,-4.704,-4.824,-4.625,-4.606,-4.599,-4.613,-4.452,-4.435,-4.54,-4.786,-4.656,-4.988,-4.331,-4.94,-4.447,-4.558,-4.537,,-4.988,-4.331
264,-51.095,-4.156,-4.624,-4.484,-4.392,-4.636,-4.751,-4.538,-4.489,-4.53,-4.511,-4.376,-4.366,-4.441,-4.708,-4.56,-4.895,-4.255,-4.844,-4.358,-4.472,-4.465,,-4.895,-4.156
265,-85.655,-7.919,-7.726,-7.454,-7.669,-7.917,-7.865,-7.635,-7.695,-7.799,-8.006,-7.274,-7.326,-7.572,-7.73,-7.625,-8.211,-7.297,-8.213,-7.499,-7.428,-7.498,,-8.213,-7.274
266,-69.448,-5.24,-5.428,-5.286,-5.728,-5.731,-5.497,-5.265,-5.516,-5.778,-5.9,-5.084,-5.27,-5.332,-5.454,-5.146,-5.903,-5.108,-5.849,-5.528,-5.02,-5.482,,-5.903,-5.02
267,-57.928,-3.994,-4.326,-4.176,-4.551,-4.586,-4.263,-4.098,-4.348,-4.598,-4.65,-4.077,-4.095,-4.116,-4.354,-3.994,-4.768,-3.959,-4.591,-4.342,-3.854,-4.457,,-4.768,-3.854
268,-98.596,-9.053,-8.784,-8.531,-8.786,-9.034,-9.052,-8.78,-8.807,-8.895,-9.145,-8.314,-8.393,-8.67,-8.844,-8.773,-9.353,-8.357,-9.379,-8.582,-8.532,-8.645,,-9.379,-8.314
269,-41.752,-2.362,-2.773,-2.738,-2.829,-2.895,-2.767,-2.641,-2.773,-2.906,-2.839,-2.648,-2.707,-2.568,-2.892,-2.552,-3.092,-2.393,-2.9,-2.794,-2.44,-3.016,,-3.092,-2.362
270,-34.593,-1.729,-2.149,-2.132,-2.184,-2.256,-2.104,-1.998,-2.145,-2.289,-2.199,-2.048,-2.101,-1.951,-2.249,-1.916,-2.427,-1.799,-2.227,-2.179,-1.818,-2.374,,-2.427,-1.729
271,-74.71,-6.879,-6.746,-6.548,-6.61,-6.848,-6.865,-6.663,-6.705,-6.744,-6.868,-6.354,-6.417,-6.604,-6.768,-6.653,-7.118,-6.337,-7.098,-6.582,-6.498,-6.528,,-7.118,-6.337
272,-70.184,-5.717,-6.073,-5.968,-6.07,-6.258,-6.243,-6.021,-5.989,-6.185,-6.247,-5.771,-5.807,-5.942,-6.138,-5.99,-6.486,-5.754,-6.476,-5.952,-5.878,-5.927,,-6.486,-5.717
273,-82.751,-7.633,-7.464,-7.213,-7.386,-7.631,-7.6,-7.378,-7.447,-7.54,-7.7,-7.027,-7.085,-7.328,-7.477,-7.367,-7.89,-7.053,-7.886,-7.256,-7.181,-7.24,,-7.89,-7.027
274,-46.975,-2.902,-3.307,-3.183,-3.428,-3.496,-3.248,-3.109,-3.321,-3.532,-3.498,-3.124,-3.145,-3.102,-3.38,-3.016,-3.66,-2.953,-3.468,-3.27,-2.892,-3.482,,-3.66,-2.892
275,-88.785,-8.182,-7.98,-7.714,-7.933,-8.184,-8.152,-7.913,-7.964,-8.064,-8.28,-7.525,-7.585,-7.837,-7.997,-7.903,-8.467,-7.55,-8.476,-7.761,-7.695,-7.775,,-8.476,-7.525
276,-73.939,-5.662,-5.815,-5.72,-6.133,-6.134,-5.954,-5.702,-5.93,-6.189,-6.331,-5.493,-5.669,-5.743,-5.857,-5.603,-6.297,-5.541,-6.277,-5.934,-5.47,-5.906,,-6.331,-5.47
277,-83.742,-7.564,-7.357,-7.054,-7.413,-7.535,-7.428,-7.199,-7.413,-7.506,-7.681,-6.866,-7.033,-7.267,-7.334,-7.157,-7.752,-6.887,-7.715,-7.228,-6.923,-7.215,,-7.752,-6.866
278,-66.452,-4.823,-5.087,-4.952,-5.372,-5.392,-5.059,-4.897,-5.144,-5.411,-5.492,-4.8,-4.904,-4.941,-5.125,-4.775,-5.556,-4.73,-5.396,-5.159,-4.642,-5.215,,-5.556,-4.642
279,-113.89,-10.345,-10.06,-9.808,-10.158,-10.372,-10.457,-10.128,-10.122,-10.192,-10.483,-9.548,-9.645,-9.977,-10.167,-10.124,-10.703,-9.625,-10.732,-9.856,-9.831,-10.001,,-10.732,-9.548
280,-25.593,-0.966,-1.344,-1.354,-1.376,-1.454,-1.258,-1.172,-1.344,-1.506,-1.397,-1.277,-1.324,-1.157,-1.434,-1.114,-1.589,-1.071,-1.396,-1.402,-1.043,-1.555,,-1.589,-0.966
281,-84.251,-7.819,-7.613,-7.337,-7.552,-7.797,-7.737,-7.511,-7.575,-7.681,-7.886,-7.161,-7.209,-7.454,-7.611,-7.501,-8.09,-7.184,-8.105,-7.382,-7.309,-7.373,,-8.105,-7.161
282,-64.329,-4.723,-4.95,-4.807,-5.23,-5.242,-4.91,-4.73,-5.001,-5.274,-5.358,-4.647,-4.773,-4.813,-4.973,-4.598,-5.412,-4.604,-5.305,-5.025,-4.508,-5.027,,-5.412,-4.508
283,-66.657,-5.513,-5.257,-5.055,-5.444,-5.488,-5.171,-5.007,-5.326,-5.511,-5.64,-4.899,-5.028,-5.106,-5.243,-4.89,-5.691,-4.855,-5.583,-5.301,-4.777,-5.28,,-5.691,-4.777
284,-78.238,-7.133,-7.002,-6.68,-6.942,-7.202,-6.994,-6.83,-6.937,-7.051,-7.198,-6.569,-6.59,-6.809,-6.991,-6.776,-7.493,-6.493,-7.377,-6.756,-6.593,-6.793,,-7.493,-6.493
285,-90.453,-8.365,-8.115,-7.852,-8.076,-8.328,-8.305,-8.06,-8.107,-8.205,-8.432,-7.659,-7.722,-7.978,-8.142,-8.051,-8.636,-7.686,-8.658,-7.901,-7.837,-7.923,,-8.658,-7.659
286,-26.356,-1.033,-1.412,-1.421,-1.445,-1.522,-1.331,-1.243,-1.412,-1.572,-1.465,-1.343,-1.391,-1.225,-1.503,-1.182,-1.66,-1.132,-1.467,-1.467,-1.107,-1.625,,-1.66,-1.033
287,-73.496,-6.843,-6.715,-6.448,-6.604,-6.837,-6.755,-6.555,-6.659,-6.745,-6.877,-6.287,-6.316,-6.554,-6.701,-6.545,-7.063,-6.338,-7.057,-6.481,-6.395,-6.42,,-7.063,-6.287
288,-52.369,-3.614,-3.932,-3.797,-4.14,-4.156,-3.773,-3.653,-3.956,-4.211,-4.211,-3.666,-3.753,-3.777,-3.944,-3.525,-4.261,-3.63,-4.112,-3.993,-3.46,-3.964,,-4.261,-3.46
289,-84.72,-7.86,-7.651,-7.376,-7.591,-7.837,-7.78,-7.552,-7.615,-7.72,-7.927,-7.199,-7.248,-7.494,-7.651,-7.542,-8.131,-7.221,-8.145,-7.421,-7.349,-7.415,,-8.145,-7.199
290,-83.026,-7.195,-7.454,-7.224,-7.471,-7.69,-7.623,-7.38,-7.403,-7.576,-7.743,-7.043,-7.095,-7.308,-7.485,-7.357,-7.954,-7.067,-7.966,-7.247,-7.181,-7.262,,-7.966,-7.043
291,-44.153,-2.667,-3.053,-2.94,-3.161,-3.227,-2.988,-2.856,-3.028,-3.236,-3.222,-2.884,-2.908,-2.819,-3.126,-2.765,-3.431,-2.671,-3.253,-2.999,-2.648,-3.231,,-3.431,-2.648
292,-23.315,-0.781,-1.142,-1.153,-1.171,-1.249,-1.039,-0.955,-1.141,-1.309,-1.194,-1.082,-1.123,-0.957,-1.23,-0.911,-1.376,-0.891,-1.187,-1.205,-0.853,-1.346,,-1.376,-0.781
293,-55.402,-5.148,-5.103,-4.941,-4.868,-5.105,-5.12,-4.946,-4.976,-5.006,-5.042,-4.77,-4.811,-4.942,-5.121,-4.948,-5.342,-4.741,-5.312,-4.872,-4.885,-4.817,,-5.342,-4.741
294,-110.525,-10.076,-9.778,-9.526,-9.853,-10.077,-10.148,-9.831,-9.832,-9.908,-10.19,-9.277,-9.37,-9.689,-9.876,-9.827,-10.406,-9.347,-10.441,-9.576,-9.547,-9.703,,-10.441,-9.277
295,31.468,3.666,3.362,3.263,3.191,3.171,3.15,3.01,3.443,3.244,3.583,2.963,3.22,3.351,3.376,2.893,3.272,3.163,3.73,3.239,3.111,3.071,,2.893,3.73
296,-81.021,-7.688,-7.355,-7.07,-7.285,-7.524,-7.442,-7.224,-7.299,-7.408,-7.627,-6.903,-6.941,-7.182,-7.336,-7.214,-7.804,-6.927,-7.88,-7.111,-7.034,-7.087,,-7.88,-6.903
297,-113.951,-10.361,-10.066,-9.813,-10.163,-10.378,-10.463,-10.133,-10.127,-10.198,-10.488,-9.553,-9.65,-9.982,-10.173,-10.13,-10.709,-9.63,-10.747,-9.861,-9.837,-10.007,,-10.747,-9.553
298,63.341,6.253,5.826,5.543,5.832,5.817,5.851,5.578,5.772,5.647,6.083,5.332,5.613,5.671,5.893,5.668,5.986,5.542,6.273,5.633,5.453,6.005,,5.332,6.273
299,-56.143,-5.669,-5.395,-5.036,-5.247,-5.477,-5.186,-5.012,-5.228,-5.33,-5.495,-4.945,-4.872,-5.13,-5.361,-5.013,-5.61,-5.079,-5.772,-5.034,-4.945,-4.883,,-5.772,-4.872
300,-107.341,-9.824,-9.511,-9.26,-9.566,-9.799,-9.855,-9.55,-9.559,-9.638,-9.913,-9.02,-9.11,-9.416,-9.601,-9.545,-10.125,-9.083,-10.171,-9.311,-9.276,-9.421,,-10.171,-9.02
301,-86.566,-6.634,-6.768,-6.651,-7.173,-7.175,-6.933,-6.69,-6.902,-7.151,-7.295,-6.432,-6.601,-6.691,-6.886,-6.576,-7.378,-6.43,-7.287,-6.877,-6.396,-7,,-7.378,-6.396
302,-41.612,-2.35,-2.761,-2.726,-2.816,-2.882,-2.754,-2.629,-2.761,-2.894,-2.823,-2.636,-2.695,-2.556,-2.879,-2.539,-3.076,-2.381,-2.888,-2.782,-2.428,-3.004,,-3.076,-2.35
303,-43.115,-2.976,-2.926,-2.85,-2.91,-3,-2.881,-2.77,-2.939,-3.011,-2.978,-2.763,-2.817,-2.71,-3.014,-2.692,-3.223,-2.508,-3.037,-2.926,-2.566,-3.127,,-3.223,-2.508
304,-77.177,-7.06,-6.902,-6.744,-6.771,-7.006,-7.09,-6.882,-6.87,-6.886,-7.008,-6.528,-6.622,-6.769,-6.962,-6.872,-7.298,-6.471,-7.294,-6.755,-6.707,-6.746,,-7.298,-6.471
305,32.198,3.725,3.42,3.307,3.255,3.235,3.209,3.064,3.502,3.305,3.646,3.009,3.273,3.407,3.431,2.953,3.33,3.217,3.789,3.299,3.161,3.139,,2.953,3.789
306,-54.934,-5.563,-5.3,-4.939,-5.146,-5.377,-5.078,-4.905,-5.133,-5.23,-5.393,-4.852,-4.772,-5.033,-5.27,-4.907,-5.505,-4.99,-5.661,-4.934,-4.846,-4.775,,-5.661,-4.772
307,-86.392,-8.124,-7.786,-7.515,-7.731,-7.979,-7.933,-7.701,-7.759,-7.861,-8.092,-7.333,-7.387,-7.635,-7.793,-7.691,-8.279,-7.356,-8.344,-7.561,-7.491,-7.563,,-8.344,-7.333
308,-6.611,0.551,0.307,0.322,0.254,0.181,0.41,0.541,0.313,0.151,0.328,0.315,0.255,0.476,0.227,0.472,0.132,0.426,0.358,0.21,0.475,0.157,,0.132,0.551
309,12.432,2.12,1.964,1.932,1.703,1.744,1.903,1.879,1.804,1.729,1.989,1.721,1.675,1.887,1.996,1.747,1.884,1.834,2.129,1.643,2.008,1.466,,1.466,2.129
310,-65.133,-6.368,-6.101,-5.763,-5.986,-6.215,-5.995,-5.811,-5.958,-6.075,-6.255,-5.642,-5.62,-5.863,-6.04,-5.804,-6.4,-5.739,-6.513,-5.782,-5.691,-5.679,,-6.513,-5.62
311,-92.303,-8.604,-8.266,-8.006,-8.236,-8.487,-8.474,-8.224,-8.266,-8.361,-8.604,-7.808,-7.875,-8.135,-8.301,-8.216,-8.799,-7.838,-8.858,-8.056,-7.995,-8.087,,-8.858,-7.808
312,1.41,1.225,1.303,1.198,1.029,1.084,1.299,1.291,1.185,0.941,1.165,1.066,1.06,1.362,1.299,1.213,1.064,1.252,1.309,1.07,1.305,0.933,,0.933,1.362
313,-121.61,-10.983,-10.712,-10.453,-10.861,-11.052,-11.167,-10.808,-10.784,-10.844,-11.156,-10.171,-10.275,-10.639,-10.836,-10.807,-11.386,-10.257,-11.412,-10.498,-10.484,-10.686,,-11.412,-10.171
314,-99.009,-7.595,-7.795,-7.669,-8.287,-8.265,-8.06,-7.769,-7.949,-8.186,-8.35,-7.426,-7.589,-7.725,-7.949,-7.67,-8.463,-7.448,-8.334,-7.881,-7.427,-8.103,,-8.463,-7.426
315,2.183,1.289,1.389,1.278,1.095,1.156,1.358,1.343,1.231,1.025,1.258,1.131,1.117,1.438,1.378,1.267,1.14,1.3,1.376,1.132,1.369,1,,1,1.438
316,-26.1,-2.694,-2.619,-2.537,-2.309,-2.577,-2.695,-2.45,-2.525,-2.558,-2.449,-2.49,-2.586,-2.52,-2.752,-2.546,-2.716,-2.447,-2.713,-2.486,-2.753,-2.217,,-2.753,-2.217
317,-33.349,-3.418,-3.354,-3.224,-3.08,-3.319,-3.256,-3.024,-3.258,-3.252,-3.216,-3.107,-3.067,-3.194,-3.441,-3.086,-3.407,-3.157,-3.448,-3.168,-3.271,-2.862,,-3.448,-2.862
318,-18.01,-0.84,-1.009,-1.047,-1.112,-1.128,-0.841,-0.644,-1.123,-1.262,-1.171,-0.867,-1.022,-0.929,-1.121,-0.631,-1.09,-0.984,-1.118,-1.199,-0.875,-0.883,,-1.262,-0.631
319,-27.872,-2.749,-2.637,-2.477,-2.478,-2.604,-2.417,-2.241,-2.629,-2.625,-2.554,-2.357,-2.453,-2.539,-2.691,-2.263,-2.616,-2.404,-2.61,-2.563,-2.398,-2.24,,-2.749,-2.24
320,-75.6,-7.218,-6.926,-6.622,-6.839,-7.072,-6.946,-6.742,-6.837,-6.952,-7.155,-6.47,-6.491,-6.729,-6.882,-6.732,-7.325,-6.509,-7.397,-6.657,-6.574,-6.607,,-7.397,-6.47
321,25.686,3.196,2.903,2.893,2.669,2.657,2.719,2.61,2.933,2.759,3.077,2.578,2.732,2.88,2.962,2.472,2.802,2.751,3.217,2.757,2.758,2.54,,2.472,3.217
322,29.538,3.509,3.209,3.15,3.019,2.999,2.999,2.872,3.279,3.083,3.415,2.842,3.071,3.197,3.234,2.741,3.112,3.024,3.566,3.081,2.98,2.894,,2.741,3.566
323,-2.489,-0.852,-0.841,-1.064,-0.553,-0.811,-1.176,-1.073,-0.819,-1.008,-0.762,-1.086,-1.003,-1.2,-0.875,-1.227,-1.037,-0.875,-0.856,-0.928,-1.123,-0.503,,-1.227,-0.503
324,-7.8,-1.374,-1.271,-1.388,-1.069,-1.336,-1.531,-1.335,-1.291,-1.497,-1.178,-1.442,-1.419,-1.487,-1.434,-1.473,-1.493,-1.39,-1.306,-1.423,-1.447,-0.848,,-1.531,-0.848
325,83.935,7.924,7.476,7.135,7.527,7.516,7.671,7.369,7.44,7.243,7.74,6.953,7.349,7.305,7.574,7.507,7.801,7.1,8.06,7.267,7.123,7.889,,6.953,8.06
326,-16.108,-2.419,-2.087,-1.868,-1.889,-2.151,-2.013,-1.818,-2.095,-2.193,-2.159,-1.955,-1.957,-2.011,-2.19,-1.923,-2.221,-2.061,-2.302,-1.991,-2.075,-1.38,,-2.419,-1.38
327,-16.108,-2.23,-2.087,-1.868,-1.889,-2.151,-2.013,-1.818,-2.095,-2.193,-2.159,-1.955,-1.957,-2.011,-2.19,-1.923,-2.221,-2.061,-2.302,-1.991,-2.075,-1.38,,-2.302,-1.38
328,1.226,0.389,0.762,0.866,0.392,0.488,1.017,1.083,0.511,0.25,0.305,0.753,0.612,0.801,0.805,1.079,0.616,0.61,0.577,0.552,0.93,0.91,,0.25,1.083
329,48.29,4.94,4.669,4.414,4.604,4.585,4.567,4.304,4.646,4.554,4.905,4.164,4.421,4.569,4.688,4.346,4.684,4.43,4.982,4.51,4.296,4.628,,4.164,4.982
330,55.338,5.549,5.208,4.938,5.18,5.161,5.166,4.894,5.169,5.068,5.467,4.708,4.966,5.082,5.249,4.964,5.294,4.947,5.571,5.032,4.829,5.273,,4.708,5.571
331,-8.173,-1.732,-1.472,-1.41,-1.319,-1.586,-1.551,-1.352,-1.491,-1.734,-1.539,-1.543,-1.443,-1.603,-1.59,-1.49,-1.706,-1.589,-1.652,-1.449,-1.472,-0.871,,-1.734,-0.871
332,5.585,0.661,0.987,0.969,0.609,0.727,1.022,1.143,0.621,0.497,0.555,0.91,0.715,0.917,0.993,1.069,0.868,0.663,0.781,0.646,0.976,1.107,,0.497,1.143
333,-59.732,-5.96,-5.676,-5.325,-5.543,-5.772,-5.508,-5.331,-5.515,-5.626,-5.8,-5.221,-5.17,-5.421,-5.632,-5.328,-5.925,-5.343,-6.075,-5.332,-5.241,-5.201,,-6.075,-5.17
334,-27.414,-1.57,-1.732,-1.545,-1.848,-1.918,-1.432,-1.342,-1.678,-1.919,-1.936,-1.542,-1.484,-1.443,-1.755,-1.277,-1.958,-1.494,-1.946,-1.653,-1.197,-1.722,,-1.958,-1.197
335,-37.882,-3.558,-3.444,-3.011,-3.269,-3.458,-3.067,-2.973,-3.249,-3.355,-3.378,-3.077,-2.947,-3.111,-3.38,-2.977,-3.562,-2.982,-3.513,-3.053,-2.802,-3.133,,-3.562,-2.802
336,-42.324,-4.098,-4.011,-3.604,-3.738,-4.028,-3.714,-3.594,-3.75,-3.846,-3.912,-3.666,-3.436,-3.621,-3.987,-3.628,-4.204,-3.581,-4.194,-3.535,-3.495,-3.63,,-4.204,-3.436
337,69.852,6.781,6.339,6.04,6.365,6.352,6.421,6.141,6.284,6.124,6.591,5.843,6.153,6.169,6.421,6.245,6.549,6.03,6.833,6.132,5.973,6.6,,5.843,6.833
338,-23.139,-2.988,-2.674,-2.404,-2.454,-2.706,-2.482,-2.268,-2.66,-2.704,-2.738,-2.446,-2.419,-2.491,-2.762,-2.349,-2.74,-2.581,-2.911,-2.49,-2.567,-1.959,,-2.988,-1.959
339,-18.572,-1.82,-1.974,-1.782,-1.879,-2.083,-1.822,-1.578,-1.931,-2.125,-2.103,-1.816,-1.776,-1.795,-2.097,-1.652,-2.086,-1.965,-2.269,-1.83,-1.919,-1.336,,-2.269,-1.336
340,14.211,1.895,1.884,2.049,1.592,1.628,2,1.971,1.765,1.644,1.781,1.74,1.78,1.894,1.989,1.826,1.828,1.766,1.926,1.778,2.113,1.575,,1.575,2.113
341,57.375,5.748,5.365,5.091,5.346,5.328,5.339,5.067,5.321,5.215,5.628,4.867,5.128,5.231,5.413,5.143,5.47,5.098,5.756,5.185,4.986,5.459,,4.867,5.756
342,41.324,3.087,3.343,3.015,3.523,3.396,3,2.8,3.298,3.102,3.458,2.786,3.117,2.976,3.464,2.697,3.27,3.094,3.582,3.189,2.813,3.568,,2.697,3.582
343,166.21,14.603,14.468,13.815,14.741,14.716,15.106,14.65,14.493,14.383,15.048,13.708,14.553,14.349,14.487,15.047,15.454,13.859,15.453,14.24,14.105,15.471,,13.708,15.471
344,20.55,0.557,1.113,1.014,1.015,0.937,0.873,0.801,0.975,0.68,0.817,0.739,0.992,0.719,1.285,0.58,0.884,0.681,1.022,1.039,0.671,1.557,,0.557,1.557
345,29.491,2.347,2.401,2.383,2.155,2.192,2.246,2.259,2.316,2.078,2.253,2.168,2.262,2.228,2.472,2.073,2.275,2.01,2.449,2.312,2.055,2.758,,2.01,2.758
346,31.092,2.554,2.614,2.59,2.355,2.4,2.501,2.498,2.528,2.298,2.467,2.409,2.473,2.476,2.666,2.356,2.515,2.243,2.705,2.523,2.285,2.949,,2.243,2.949
347,91.393,8.473,8.091,7.725,8.153,8.136,8.339,8.024,8.067,7.867,8.352,7.548,7.992,7.925,8.19,8.181,8.479,7.682,8.688,7.886,7.743,8.574,,7.548,8.688
348,57.782,3.955,4.391,4.059,4.547,4.454,4.246,4.099,4.288,4.041,4.457,3.908,4.213,3.926,4.515,4.075,4.503,3.973,4.739,4.223,3.794,5.071,,3.794,5.071
349,25.196,0.958,1.523,1.456,1.467,1.385,1.322,1.249,1.431,1.097,1.278,1.172,1.428,1.146,1.689,1.044,1.36,1.093,1.492,1.471,1.103,2.029,,0.958,2.029
350,-24.243,-3.079,-2.768,-2.493,-2.547,-2.799,-2.562,-2.339,-2.748,-2.787,-2.83,-2.528,-2.491,-2.574,-2.852,-2.421,-2.828,-2.665,-3.012,-2.566,-2.643,-2.055,,-3.079,-2.055
351,25.812,2.999,2.885,2.902,2.657,2.638,2.728,2.618,2.944,2.769,3.008,2.578,2.744,2.891,2.967,2.48,2.747,2.754,3.069,2.768,2.765,2.552,,2.48,3.069
352,95.954,8.9,8.47,8.089,8.542,8.52,8.748,8.425,8.453,8.255,8.76,7.914,8.387,8.309,8.568,8.594,8.898,8.043,9.118,8.267,8.124,8.993,,7.914,9.118
353,12.976,-0.043,0.365,0.334,0.32,0.212,0.164,0.132,0.262,0.037,0.12,0.081,0.255,0.031,0.492,-0.108,0.131,0.054,0.28,0.333,0.023,0.797,,-0.108,0.797
354,49.576,4.768,4.583,4.504,4.476,4.453,4.677,4.411,4.552,4.418,4.684,4.174,4.518,4.552,4.652,4.458,4.594,4.33,4.795,4.591,4.392,4.746,,4.174,4.795
355,44.136,3.468,3.84,3.756,3.876,3.763,3.926,3.594,3.738,3.647,3.809,3.421,3.804,3.69,3.964,3.602,3.792,3.613,3.963,3.838,3.603,4.059,,3.421,4.059
356,70.017,6.666,6.352,6.052,6.378,6.366,6.435,6.155,6.297,6.136,6.563,5.855,6.167,6.182,6.434,6.26,6.562,6.042,6.79,6.145,5.986,6.615,,5.855,6.79
357,-5.586,-1.565,-1.295,-1.276,-1.12,-1.41,-1.408,-1.232,-1.309,-1.58,-1.396,-1.415,-1.269,-1.497,-1.386,-1.371,-1.538,-1.428,-1.49,-1.295,-1.304,-0.708,,-1.58,-0.708
358,162.49,14.301,14.147,13.508,14.409,14.382,14.769,14.319,14.171,14.056,14.707,13.397,14.225,14.026,14.171,14.703,15.105,13.544,15.113,13.922,13.786,15.128,,13.397,15.128
359,-32.149,-3.721,-3.446,-3.135,-3.229,-3.472,-3.161,-2.925,-3.376,-3.393,-3.49,-3.117,-2.991,-3.202,-3.496,-2.993,-3.49,-3.278,-3.704,-3.122,-3.189,-2.755,,-3.721,-2.755
360,3.042,0.953,1.248,1.334,0.901,0.951,1.411,1.392,1.056,0.861,0.943,1.084,1.169,1.374,1.288,1.316,1.019,1.13,1.078,1.131,1.429,1.053,,0.861,1.429
361,79.622,7.574,7.125,6.796,7.17,7.159,7.286,6.992,7.081,6.89,7.382,6.612,6.98,6.951,7.22,7.119,7.412,6.768,7.683,6.914,6.768,7.494,,6.612,7.683
362,59.626,4.469,4.716,4.352,4.948,4.839,4.477,4.332,4.654,4.385,4.851,4.185,4.529,4.284,4.876,4.264,4.777,4.382,5.11,4.492,4.136,5.242,,4.136,5.242
363,76.594,7.236,6.822,6.525,6.861,6.856,6.917,6.69,6.776,6.578,7.065,6.342,6.636,6.631,6.916,6.797,7.073,6.467,7.372,6.587,6.409,7.214,,6.342,7.372
364,20.76,0.703,1.133,1.034,1.036,0.958,0.893,0.821,0.995,0.698,0.876,0.759,1.013,0.739,1.305,0.6,0.906,0.699,1.096,1.059,0.69,1.579,,0.6,1.579
365,32.948,2.906,2.819,2.811,2.563,2.629,2.78,2.748,2.75,2.51,2.741,2.614,2.691,2.719,2.869,2.66,2.767,2.457,2.998,2.755,2.528,3.159,,2.457,3.159
366,37.426,3.435,3.306,3.349,3.072,3.11,3.434,3.285,3.213,3.023,3.274,3.057,3.221,3.203,3.356,3.292,3.29,2.972,3.518,3.298,3.104,3.618,,2.972,3.618
367,125.663,11.312,10.981,10.489,11.133,11.104,11.43,11.05,10.994,10.828,11.373,10.338,10.982,10.843,11.054,11.308,11.656,10.462,11.772,10.779,10.637,11.731,,10.338,11.772
368,94.197,7.007,7.467,7.018,7.734,7.63,7.526,7.308,7.418,7.186,7.662,6.892,7.381,7.026,7.578,7.385,7.891,6.955,8.024,7.301,6.857,8.416,,6.857,8.416
369,95.659,7.626,7.604,7.146,7.824,7.741,7.643,7.439,7.578,7.306,7.841,7.014,7.497,7.185,7.697,7.533,8.038,7.059,8.175,7.432,6.986,8.518,,6.986,8.518
370,19.082,0.438,0.97,0.873,0.875,0.793,0.731,0.661,0.832,0.552,0.677,0.604,0.846,0.585,1.136,0.437,0.729,0.553,0.874,0.902,0.536,1.408,,0.437,1.408
371,93.439,8.654,8.26,7.888,8.327,8.308,8.522,8.204,8.24,8.041,8.532,7.712,8.169,8.097,8.36,8.366,8.667,7.844,8.873,8.056,7.914,8.762,,7.712,8.873
372,68.497,5.018,5.376,5.001,5.602,5.492,5.219,5.06,5.316,5.027,5.487,4.846,5.157,4.913,5.522,5.048,5.54,4.972,5.795,5.181,4.722,6.054,,4.722,6.054
373,120.76,10.914,10.562,10.09,10.7,10.672,10.986,10.616,10.573,10.4,10.935,9.934,10.552,10.422,10.642,10.859,11.198,10.057,11.331,10.362,10.219,11.278,,9.934,11.331
374,160.18,14.114,13.948,13.318,14.202,14.176,14.559,14.114,13.972,13.853,14.496,13.204,14.021,13.826,13.975,14.49,14.889,13.35,14.902,13.724,13.588,14.915,,13.204,14.915
375,45.501,2.582,3.192,3.076,3.256,3.161,3.156,3.028,3.095,2.886,3.144,2.83,3.161,2.849,3.332,2.967,3.26,2.792,3.336,3.18,2.783,3.944,,2.582,3.944
376,40.234,2.155,2.764,2.662,2.81,2.716,2.691,2.572,2.662,2.436,2.664,2.409,2.713,2.414,2.902,2.487,2.771,2.377,2.873,2.752,2.355,3.459,,2.155,3.459
377,12.869,-0.067,0.355,0.326,0.311,0.202,0.155,0.124,0.253,0.029,0.109,0.072,0.245,0.022,0.481,-0.116,0.122,0.046,0.257,0.323,0.016,0.787,,-0.116,0.787
378,38.106,3.6,3.523,3.535,3.303,3.318,3.688,3.461,3.475,3.329,3.509,3.196,3.605,3.531,3.585,3.458,3.488,3.244,3.741,3.548,3.512,3.685,,3.196,3.741
379,33.778,2.47,2.929,2.94,2.837,2.78,3.11,2.824,2.836,2.733,2.809,2.612,3.052,2.848,3.044,2.798,2.86,2.686,3.094,2.961,2.894,3.159,,2.47,3.159
380,65.406,6.237,5.979,5.7,5.999,5.984,6.031,5.756,5.932,5.798,6.191,5.491,5.783,5.826,6.058,5.85,6.12,5.696,6.327,5.789,5.617,6.193,,5.491,6.327
381,51.041,3.773,4.137,3.829,4.368,4.226,3.937,3.693,4.076,3.876,4.255,3.582,3.974,3.754,4.288,3.637,4.119,3.875,4.331,3.986,3.661,4.472,,3.582,4.472
382,41.795,2.742,3.218,2.924,3.399,3.301,2.844,2.746,3.154,2.913,3.248,2.738,2.916,2.776,3.352,2.641,3.115,2.942,3.386,3.038,2.551,3.604,,2.551,3.604
383,108.559,9.923,9.527,9.102,9.63,9.604,9.883,9.537,9.527,9.339,9.856,8.935,9.484,9.378,9.619,9.742,10.063,9.058,10.236,9.328,9.185,10.153,,8.935,10.236
384,13.182,-0.041,0.385,0.351,0.337,0.23,0.182,0.148,0.281,0.055,0.136,0.097,0.274,0.049,0.513,-0.091,0.149,0.07,0.288,0.352,0.038,0.817,,-0.091,0.817
385,72.366,6.859,6.539,6.233,6.571,6.559,6.642,6.359,6.486,6.315,6.753,6.04,6.364,6.367,6.626,6.469,6.769,6.219,6.999,6.33,6.176,6.83,,6.04,6.999
386,42.404,2.705,3.187,2.887,3.328,3.243,2.883,2.76,3.084,2.823,3.196,2.723,2.898,2.694,3.306,2.685,3.142,2.857,3.424,3.003,2.533,3.66,,2.533,3.66
387,90.135,8.396,7.987,7.625,8.047,8.031,8.226,7.914,7.961,7.761,8.253,7.447,7.883,7.82,8.086,8.067,8.364,7.583,8.585,7.781,7.638,8.458,,7.447,8.585
388,130.891,11.736,11.428,10.916,11.595,11.566,11.904,11.514,11.444,11.285,11.841,10.769,11.441,11.293,11.495,11.789,12.144,10.896,12.243,11.225,11.082,12.213,,10.769,12.243
389,54.269,3.327,3.912,3.77,3.997,3.91,3.933,3.792,3.826,3.633,3.913,3.535,3.911,3.58,4.051,3.759,4.076,3.488,4.123,3.902,3.503,4.749,,3.327,4.749
390,80.304,7.078,6.897,6.757,6.834,6.833,7.337,7.035,6.852,6.751,7.053,6.5,7.03,6.876,6.995,7.177,7.312,6.467,7.308,6.874,6.794,7.556,,6.467,7.556
391,74.972,5.793,6.172,6.028,6.252,6.162,6.607,6.238,6.053,6.003,6.198,5.766,6.335,6.033,6.322,6.343,6.53,5.769,6.495,6.138,6.024,6.886,,5.766,6.886
392,25.093,0.926,1.514,1.447,1.457,1.375,1.312,1.239,1.421,1.087,1.261,1.162,1.42,1.136,1.681,1.034,1.35,1.084,1.473,1.462,1.093,2.019,,0.926,2.019
393,65.962,6.147,5.912,5.742,5.887,5.866,6.08,5.804,5.894,5.704,6.059,5.486,5.829,5.824,6.025,5.9,6.083,5.63,6.222,5.831,5.661,6.244,,5.486,6.244
394,68.704,6.406,6.162,5.952,6.153,6.134,6.32,6.041,6.162,5.954,6.324,5.723,6.057,6.062,6.285,6.143,6.348,5.89,6.495,6.042,5.88,6.495,,5.723,6.495
395,75.539,7.039,6.768,6.478,6.816,6.796,6.923,6.635,6.744,6.563,6.977,6.283,6.632,6.62,6.881,6.752,7.004,6.455,7.179,6.583,6.434,7.12,,6.283,7.179
396,56.084,3.994,4.413,4.081,4.648,4.531,4.18,4.029,4.374,4.114,4.505,3.904,4.242,4.011,4.592,3.948,4.428,4.121,4.661,4.211,3.865,4.917,,3.865,4.917
397,62.694,5.465,5.313,4.992,5.394,5.378,5.113,5.037,5.346,5.07,5.542,4.836,5.129,5.051,5.435,5,5.397,5.007,5.669,5.12,4.827,5.775,,4.827,5.775
398,4.579,-0.74,-0.308,-0.324,-0.265,-0.396,-0.465,-0.402,-0.414,-0.629,-0.563,-0.531,-0.366,-0.629,-0.25,-0.635,-0.485,-0.534,-0.518,-0.398,-0.473,0.105,,-0.74,0.105
399,32.536,3.209,3.128,3.216,2.881,2.88,3.231,3.072,3.149,2.939,3.114,2.851,3.265,3.206,3.2,2.98,3.065,2.875,3.351,3.142,3.162,3.169,,2.851,3.351