,outputs,nb_plays-0-units-64-ensemble-1-diff,nb_plays-0-units-64-ensemble-2-diff,nb_plays-0-units-64-ensemble-3-diff,nb_plays-0-units-64-ensemble-4-diff,nb_plays-0-units-64-ensemble-5-diff,nb_plays-0-units-64-ensemble-6-diff,nb_plays-0-units-64-ensemble-7-diff,nb_plays-0-units-64-ensemble-8-diff,nb_plays-0-units-64-ensemble-9-diff,nb_plays-0-units-64-ensemble-10-diff,nb_plays-0-units-64-ensemble-11-diff,nb_plays-0-units-64-ensemble-12-diff,nb_plays-0-units-64-ensemble-13-diff,nb_plays-0-units-64-ensemble-14-diff,nb_plays-0-units-64-ensemble-15-diff,nb_plays-0-units-64-ensemble-16-diff,nb_plays-0-units-64-ensemble-17-diff,nb_plays-0-units-64-ensemble-18-diff,nb_plays-0-units-64-ensemble-19-diff,nb_plays-0-units-64-ensemble-20-diff,,,
0,10,6.526,6.959,-3.958,-11.759,-3.019,-6.062,-4.336,5.471,7.752,-33.529,-5.128,-4.664,-2.271,4.124,-2.532,-4.5,2.675,7.485,-5.763,-6.646,,,
1,-25,-17.915,-20.46,-38.909,20.623,9.987,13.998,-12.187,-8.602,48.039,-10.104,9.884,12.372,-24.669,-5.28,18.255,8.339,-8.079,-18.534,17.273,13.115,,,
2,9,4.127,2.836,-9.028,0.578,-4.125,0.373,1.388,1.956,26,-4.931,0.147,-0.841,-6.41,2.199,3.254,-0.66,1.991,3.7,3.612,2.426,,,
3,3,0.045,5.325,-13.88,-1.489,-0.422,-1.172,1.217,2.373,21.477,-1.085,-1.424,-2.63,-2.175,-0.785,2.611,-1.867,1.544,-1.765,1.376,-8.983,,,
4,-39,-14.911,-16.402,-44.634,24.605,9.078,13.855,-6.636,-8.755,33.917,19.636,9.677,9.72,-12.293,-6.719,17.597,7.567,-6.352,-2.97,21.393,21.182,,,
5,6,0.002,-1.525,-18.982,2.222,-1.864,4.006,0.808,0.069,10.174,18.389,2.475,0.681,-0.484,-2.867,6.157,1.098,0.614,-5.396,11.856,-0.121,,,
6,-27,-7.181,-3.185,-21.22,7.996,4.279,8.04,-1.844,-3.476,12.352,29.509,4.668,2.864,-1.796,-4.991,11.205,2.385,-1.797,3.879,17.188,2.391,,,
7,-6,-4.343,-4.915,-10.443,13.024,2.247,8.317,-1.173,-3.165,12.847,29.913,4.289,3.034,-1.134,-6.427,9.871,1.866,-1.425,-8.143,17.942,5.897,,,
8,26,7.658,9.167,3.462,-23.256,-5.242,-1.145,3.277,5.149,6.294,-9.739,-3.851,-4.916,2.236,-10.481,-0.818,-4.055,3.486,10.752,4.764,-12.448,,,
9,16,6.318,8.159,7.332,-13.015,-2.554,-1.06,2.097,4.229,2.097,-26.099,-4.507,-4.342,1.231,-14.569,-0.468,-3.468,2.379,-0.813,3.507,-8.768,,,
10,17,11.435,8.931,10.79,-4.2,-5.649,-4.261,3.864,6.527,-8.828,-33.519,-7.199,-6.096,2.366,-28.187,-2.526,-4.705,3.63,11.988,3.884,-8.147,,,
11,1,5.187,3.513,13.969,2.038,-1.784,-0.925,1.284,3.224,-8.037,-26.948,-4.431,-2.652,0.573,-20.135,0.827,-2.044,1.12,1.241,-0.249,-9.568,,,
12,-12,-8.941,-11.492,-5.829,23.323,5.333,9.644,-4.976,-6.107,-1.532,-4.593,4.623,6.423,-3.277,4.349,9.265,5.258,-4.565,2.309,3.187,15.552,,,
13,-38,-11.696,-13.563,-3.36,16.264,5.237,12.112,-4.032,-7.954,0.211,17.127,7.895,7.523,-2.586,12.521,9.987,6.594,-4.213,-11.86,4.381,13.231,,,
14,16,3.61,5.804,2.066,-0.651,-2.861,1.798,1.989,1.565,-1.715,7.412,0.295,-2.297,1.441,4.735,-0.431,-1.102,1.948,8.387,0.439,-5.324,,,
15,-40,-11.625,-11.05,-6.868,14.13,7.649,9.683,-3.944,-7.76,1.387,19.723,7.523,6.17,-2.895,22.164,6.327,4.54,-4.076,-11.406,5.447,12.369,,,
16,4,2.662,0.688,-0.752,8.238,-1.91,2.339,0.895,-0.146,-0.426,29.328,1.814,-0.091,0.668,12.45,-0.874,-0.215,0.686,6.725,1.941,-2.848,,,
17,-33,-18.249,-18.813,-15.927,10.513,11.774,12.449,-5.275,-12.939,2.356,38.706,12.535,10.46,-4.113,20.764,7.408,7.729,-6.341,-16.779,7.475,24.82,,,
18,-11,-2.882,-8.076,-10.264,7.135,5.06,7.738,-1.032,-7.809,0.942,32.992,9.445,5.434,-1.18,7.258,2.593,3.924,-2.608,0.062,6.015,1.031,,,
19,11,10.445,12.497,2.416,0.714,-6.412,-3.644,2.971,5.061,-1.331,-17.759,-2.806,-4.969,2.492,0.664,-4.462,-4.399,4.033,-6.329,1.035,0.654,,,
20,-21,-15.334,-15.458,-13.076,4.448,11.609,8.992,-4.012,-12.432,1.816,-2.224,9.226,7.708,-3.687,-7.603,5.117,6.118,-5.48,-3.163,7.048,8.564,,,
21,-9,-1.533,-10.799,-9.812,2.117,4.964,5.064,-0.694,-7.713,0.78,18.185,7.287,5.488,-1.085,-3.331,2.049,3.616,-2.502,-16.781,5.113,16.339,,,
22,-4,-3.86,-6.9,-9.169,1.821,6.586,4.406,-1.064,-8.979,0.768,38.496,5.871,4.506,-1.429,-0.92,2.663,3.778,-2.521,-1.872,5.071,2.224,,,
23,-35,-23.662,-40.913,-22.199,6.78,30.019,15.871,-5.282,-28.367,3.452,85.273,18.303,18.077,-6.896,-11.751,10.74,16.14,-10.527,-23.515,12.025,40.825,,,
24,-7,5.676,-9.375,-6.578,0.974,17.263,3.61,0.057,-12.346,0.853,30.822,5.412,6.184,-0.661,-0.804,2.758,5.724,-0.193,-3.795,5.099,3.442,,,
25,-14,-3.371,-6.587,-4.727,1.674,24.967,4.139,-0.997,-19.579,0.862,2.497,4.346,5.54,-1.659,-1.083,2.647,5.296,-2.131,-3.833,4.99,14.661,,,
26,-12,-13.95,-31.76,-10.704,4.931,52.255,8.428,-3.369,-33.87,2.913,27.681,7.296,11.561,-5.054,-5.248,7.948,13.597,-8.393,-7.498,8.278,24.968,,,
27,-19,1.139,-16.667,-7.084,1.599,76.006,4.331,-0.957,-16.576,2.26,3.343,3.404,7.696,-1.373,-1.4,2.59,8.167,-2.428,-4.174,4.091,6.631,,,
28,15,27.041,56.76,9.876,-8.118,23.848,-13.152,6.15,16.181,-3.53,-78.916,-8.573,-10.599,7.571,12,-11.598,-18.628,14.076,9.656,-8.644,-28.041,,,
29,-5,-28.456,-29.93,-11.776,5.944,45.999,8.683,-4.713,-23.496,3.831,26.39,7.128,6.636,-5.648,-7.59,7.641,9.083,-10.528,-7.465,7.003,20.747,,,
30,-10,-2.07,-25.134,-11.233,2.134,51.36,4.535,-1.457,-10.537,5.995,28.549,3.171,5.806,-1.974,-1.503,3.422,8.198,-3.597,-4.41,2.913,19.4,,,
31,7,28.51,50.78,5.61,-7.67,6.91,-12.114,5.757,17.35,-2.419,-49.553,-8.328,-8.996,6.961,10.453,-10.605,-17.209,13.321,8.915,-8.595,-40.174,,,
32,-16,-42.234,-62.347,-21.716,11.078,95.153,15.632,-8.058,-27.872,18.907,73.04,12.67,12.647,-8.456,-12.382,13.103,22.696,-19.518,-12.967,13.143,53.81,,,
33,-20,5.442,-27.441,-13.199,2.046,62.146,2.282,-0.702,-2.727,35.603,53.693,2.732,8.452,-1.159,-1.652,2.997,12.057,-3.014,-4.384,2.585,-3.941,,,
34,24,61.19,126.698,23.29,-19.012,-45.761,-29.825,14.392,43.655,-3.761,-146.324,-21.257,-23.195,15.537,26.612,-25.896,-44.923,32.605,24.94,-22.08,-73.338,,,
35,-4,-25.958,12.001,-8.406,1.887,-6.66,1.545,-3.039,-3.845,10.232,-13.161,-0.323,-8.091,-1.519,-3.105,-0.82,-7.96,-4.289,-3.696,0.498,4.484,,,
36,-4,-3.964,-22.175,-3.227,0.271,-13.427,0.909,-0.794,-3.809,12.159,4.602,-0.788,-4.361,-0.918,0.939,1.293,-1.06,-1.659,-0.645,-1.684,7.993,,,
37,-4,-0.377,-7.581,-4.721,0.822,-3.683,1.566,-0.621,-3.183,12.375,13.666,0.184,-0.391,-0.844,-0.991,1.298,1.63,-1.208,-0.791,0.184,-0.548,,,
38,-23,-11.361,-19.792,-6.849,3.696,7.972,6.778,-2.665,-11.479,16.442,13.263,5.03,4.023,-3.484,-4.867,5.829,9.425,-5.476,-4.322,4.419,13.308,,,
39,21,26.417,33.166,8.147,-5.967,-12.856,-10.16,5.104,18.272,-1.466,-28.427,-9.577,-8.453,5.781,10.768,-8.559,-12.401,9.705,10.001,-7.129,-29.544,,,
40,64,25.194,53.579,15.496,-6.814,-28.574,-18.542,7.403,24.389,-15.475,-49.967,-19.493,-20.61,7.57,10.802,-14.755,-19.827,12.608,17.751,-10.459,-25.738,,,
41,-13,-19.109,-11.6,-6.284,1.614,-3.87,1.118,-3.855,-3.753,4.145,-3.495,-1.365,-2.003,-2.403,-4.474,2.42,-0.284,-3.699,-6.149,-0.357,-7.543,,,
42,10,14.531,6.912,7.501,-2.062,-7.33,-7.071,2.968,7.068,-6.896,-20.534,-9.936,-7.951,2.466,0.726,-4.954,-5.445,4.012,12.27,-5.078,-10.761,,,
43,23,8.757,18.986,10.273,-2.557,-13.573,-9.625,3.943,8.815,-9.059,-26.848,-13.5,-7.22,2.828,-6.812,-5.594,-7.292,5.213,5.2,-5.222,-17.271,,,
44,-16,-8.152,-7.311,-1.93,1.174,-1.705,1.348,-2.808,-3.414,2.472,-4.795,-2.24,0.283,-1.783,-10.006,2.177,2.363,-2.646,2.752,-0.631,-5.387,,,
45,-30,-13.231,-23.961,-6.597,3.137,7.432,9.008,-4.386,-10.151,7.882,21.059,9.714,11.532,-3.383,-13.069,6.284,9.049,-6.317,-11.189,2.955,19.223,,,
46,-11,-0.624,-6.193,-2.586,1.159,4.382,4.9,-0.736,-4.23,4.148,20.607,7.821,2.899,-1.042,-27.096,2.765,4.608,-2.601,1.407,2.169,6.157,,,
47,-18,-4.473,-10.202,-2.987,1.467,3.921,5.312,-1.35,-5.6,5.941,32.506,7.434,6.376,-1.534,-12.335,3.464,4.775,-3.146,-5.856,3.282,13.099,,,
48,-4,1.652,-2.888,-3.062,0.552,1.38,2.311,-0.195,-2.236,3.836,21.338,3.986,0.096,-0.385,20.532,1.162,2.209,-0.958,1.262,1.987,0.608,,,
49,-23,-9.931,-16.305,-5.495,2.632,6.806,6.827,-2.214,-9.435,8.224,23.911,7.794,8.394,-2.533,24.924,4.304,6.62,-3.975,-5.169,4.653,17.895,,,
50,-12,-3.717,-12.919,-6.631,1.936,8.001,5.655,-1.242,-6.929,6.007,9.332,6.745,3.884,-1.786,11.426,3.684,6.011,-2.691,-2.853,4.152,8.414,,,
51,42,33.576,44.114,11.537,-6.824,-17.646,-13.836,6.793,21.6,-12.114,-51.559,-14.396,-12.553,7.036,-16.255,-11.385,-14.856,11.622,15.82,-7.837,-27.138,,,
52,-28,-32.221,-26.308,-12.304,4.697,7.158,9.312,-5.731,-15.734,11.233,14.965,9.413,5.377,-5.187,36.541,7.384,8.084,-8.678,-11.315,5.86,17.901,,,
53,-3,3.455,-10.426,-1.141,0.582,5.06,2.084,0.06,-3.169,1.621,16.281,2.861,5.278,-0.436,11.383,1.693,2.992,-0.855,-0.405,1.113,3.009,,,
54,24,24.303,34.691,10.286,-4.968,-15.827,-10.656,5.005,16.489,-9.771,-37.293,-11.218,-12.993,5.199,-12.184,-8.575,-11.208,8.686,11.097,-6.136,-20.846,,,
55,-29,-30.784,-29.172,-10.168,5.236,9.604,10.444,-5.719,-17.213,10.733,20.931,10.523,11.043,-5.562,-9.782,8.301,10.001,-9.173,-10.928,6.334,22.627,,,
56,14,24.282,16.744,8.972,-4.065,-8.536,-7.935,4.277,12.215,-6.961,-13.131,-7.714,-8.368,4.202,-2.773,-5.906,-7.362,6.59,9.542,-4.942,-18.8,,,
57,4,-2.536,9.91,-0.214,-0.473,-7.558,-2.015,0.102,2.847,-1.208,-11.8,-2.71,-1.752,0.521,-6.863,-1.67,-2.909,0.946,-0.342,-1.107,0.418,,,
58,-10,-15.356,-20.022,-6.607,3.105,8.761,6.39,-3.146,-11.001,6.596,13.651,6.626,5.014,-3.279,-5.007,5.132,6.804,-5.402,-5.293,3.569,8.402,,,
59,2,12.679,6.766,3.355,-1.906,-4.543,-3.516,2.176,5.792,-3.417,-1.733,-3.291,-0.515,2.065,2.915,-2.497,-3.04,3.231,4.279,-2.158,-3.878,,,
60,-24,-28.103,-36.697,-13.271,6.591,19.831,13.497,-5.639,-20.667,8.897,34.119,14.395,11.809,-6.523,-10.976,10.283,14.726,-10.37,-11.805,8.746,27.403,,,
61,15,27.593,26.257,8.797,-5.017,-8.721,-8.141,4.751,14.939,-5.737,-16.821,-7.817,-4.816,5.037,10.283,-6.489,-8.115,8.479,8.606,-4.98,-19.192,,,
62,35,10.975,29.368,6.919,-3.413,-16.716,-8.598,3.129,12.44,-7.536,-34.495,-9.373,-12.808,3.675,8.002,-7.55,-10.462,5.899,7.431,-4.72,-14.849,,,
63,-22,-26.159,-27.204,-8.936,4.272,13.52,8.469,-4.959,-14.771,9.292,19.838,8.355,9.911,-4.794,-6.058,7.122,8.108,-7.989,-10.228,4.732,14.892,,,
64,17,25.433,19.176,10.081,-4.301,-12.133,-9.013,4.717,13.667,-8.985,-25.121,-9.276,-10.053,4.606,10.993,-6.973,-8.593,7.255,7.817,-5.802,-18.754,,,
65,-17,-26.008,-21.42,-9.055,4.334,10.859,8.671,-4.699,-13.802,9.001,8.947,8.522,9.965,-4.581,-7.138,6.908,8.52,-7.327,-18.226,5.213,22.201,,,
66,17,26.15,23.837,11.016,-4.263,-11.306,-8.882,4.699,13.727,-8.99,-30.493,-9.036,-10.429,4.613,10.783,-6.919,-8.466,7.312,3.002,-5.499,-24.798,,,
67,62,14.03,27.776,10.831,-3.541,-21.636,-11.931,4.545,14.316,-12.087,-31.165,-14.356,-10.162,4.365,7.627,-8.229,-11.282,7.877,7.541,-6.267,-16.089,,,
68,28,8.004,18.864,8.689,-2.716,-16.456,-10.698,3.75,8.794,-9.728,-39.731,-14.72,-13.069,2.944,5.195,-6.602,-8.766,5.473,10.011,-5.764,-26.64,,,
69,17,0.01,-0.264,9.132,-1.249,-12.602,-5.935,0.894,3.109,-4.18,-18.666,-10.444,-0.297,0.817,-2.604,-2.776,-3.536,1.453,3.491,-3.455,-4.856,,,
70,-6,-4.225,-1.087,0.423,0.264,-7.752,-1.634,-1.012,-0.575,0.172,2.4,-3.437,-2.244,-0.441,-8.891,0.424,0.965,-0.906,1.911,-1.72,-4.29,,,
71,1,2.067,0.863,8.233,-0.19,-9.819,-2.695,0.55,1.513,-2.499,-7.482,-2.828,2.577,0.589,-11.76,-0.689,0.003,0.528,0.399,-1.725,-0.846,,,
72,-22,-7.55,-8.588,-5.09,1.331,0.044,2.835,-2.729,-3.563,4.77,0.92,3.643,0.382,-1.674,-12.356,3.177,3.899,-2.844,-3.534,0.435,4.892,,,
73,-7,-0.753,-4.704,2.738,1.115,0.192,2.257,-1.117,-1.728,1.917,13.851,3.915,5.65,-0.65,-28.65,1.994,2.757,-1.487,-5.936,0.351,6.783,,,
74,34,14.248,13.19,3.935,-2.143,-12.024,-6.864,4.155,7.366,-8.566,-11.136,-6.037,-9.897,3.016,-41.345,-4.789,-4.98,4.392,8.894,-2.484,-12.972,,,
75,-27,-11.093,-7.773,1.364,0.909,2.829,2.928,-3.107,-3.069,5.511,-8.716,3.047,6.15,-2.071,12.727,2.87,2.874,-2.946,-6.53,0.969,6.618,,,
76,27,11.792,8.325,2.825,-1.209,-9.077,-5.278,3.233,6.209,-7.193,-11.578,-4.681,-7.595,2.364,-2.576,-3.573,-3.318,3.162,10.354,-2.174,-9.141,,,
77,22,3.494,7.073,11.008,-1.786,-8.757,-5.148,2,5.882,-5.373,-18.125,-5.46,-1.138,1.404,-1.783,-2.868,-3.158,2.2,2.115,-1.991,-6.849,,,
78,-13,-5.979,-4.847,-3.814,0.813,2.131,1.372,-2.265,0.749,2.68,-9.369,1.249,-0.949,-1.475,14.938,1.922,2.271,-2.146,5.84,0.006,2.738,,,
79,31,13.126,9.398,15.258,-2.14,-12.161,-7.445,4.405,11.853,-10.567,-8.709,-6.596,-2.745,3.032,7.885,-4.766,-4.314,4.058,4.574,-3.201,-8.321,,,
80,36,14.025,17.533,11.193,-4.957,-19.482,-11.792,6.769,18.86,-17.172,-9.861,-11.096,-13.295,4.138,8.777,-8.32,-7.44,5.665,23.248,-5.209,-15.547,,,
81,-2,-3.646,-4.09,11.333,-0.283,-10.197,-1.012,-2.47,7.42,-3.361,3.523,-1.355,3.859,-1.78,20.003,0.396,0.876,-2.281,1.155,-1.955,-2.365,,,
82,16,12.791,6.317,12.046,-2.61,-20.047,-7.215,4.496,13.579,-15.152,2.461,-6.204,-8.157,2.818,17.568,-4.309,-3.452,3.313,15.477,-5.309,-3.68,,,
83,5,2.31,4.674,16.877,-2.291,-20.4,-4.474,1.685,6.369,-12.83,0.42,-3.92,-0.247,0.719,15.469,-2.685,-1.849,0.884,6.459,-4.727,-9.39,,,
84,-15,-14.517,-15.203,-0.923,3.95,12.646,7.599,-7.765,-7.658,-3.063,9.576,7.244,5.266,-4.623,8.288,7.366,7.022,-6.068,0.222,0.108,17.11,,,
85,-10,-9.566,-11.121,3.015,3.573,-1.04,6.902,-3.755,-4.15,-6.227,9.903,7.405,8.57,-1.806,-6.83,6.49,5.87,-2.753,-9.903,0.557,10.564,,,
86,39,26.414,25.864,27.205,-6.913,-19.941,-13.642,11.803,20.274,-18.317,-16.101,-11.189,-16.981,7.464,10.162,-10.899,-10.111,9.642,17.466,-8.301,-18.071,,,
87,16,12.668,15.905,31.762,-8.522,-51.38,-11.508,9.284,13.78,-12.258,-27.243,-10.848,-8.16,4.446,4.641,-10.204,-8.756,5.612,10.495,-8.528,-24.923,,,
88,-12,-14.51,-17.339,7.014,3.403,-0.079,7.525,-9.897,-9.594,2.569,-0.12,5.776,7.317,-6.864,-7.985,5.662,6.369,-8.439,-0.723,-1.668,17.205,,,
89,4,13.471,5.882,29.248,-2.685,-44.024,-4.955,4.939,10.209,-3.973,2.638,-3.742,-1.497,3.867,4.459,-3.243,-2.615,4.101,2.3,-5.692,-5.3,,,
90,22,17.448,17.389,25.358,-10.232,-29.482,-12.043,11.557,20.626,-7.411,-5.221,-9.629,-12.605,6.646,5.393,-8.819,-7.525,7.342,13.195,-4.792,-9.204,,,
91,-22,-27.562,-23.261,-6.618,7.656,-3.756,13.311,-15.446,-12.73,7.49,18.326,10.72,16.505,-10.646,-7.396,10.514,10.619,-11.862,-16.56,3.044,11.772,,,
92,22,31.303,19.114,15.713,-8.916,-67.329,-14.741,15.493,14.759,-8.142,-2.781,-10.637,-14.594,10.709,4.886,-9.921,-9.339,11.283,16.214,-5.199,-10.553,,,
93,25,15.603,17.529,14.618,-14.135,-49.398,-17.034,16.811,13.054,-11.174,-13.931,-11.472,-8.76,9.655,-4.729,-10.458,-8.486,7.723,13.74,-0.533,-27.261,,,
94,21,19.009,9.81,4.996,-12.694,-9.563,-19.454,25.907,11.253,-18.134,-15.31,-10.645,-8.453,11.571,-14.1,-9.133,-6.658,6.042,15.331,-0.536,-4.275,,,
95,-15,-28.775,-27.406,-18.23,24.303,29.281,11.962,-12.036,-7.986,-2.112,12.032,11.39,19.422,-13.337,-18.869,12.567,11.884,-15.882,-16.38,3.159,20.151,,,
96,8,25.248,14.422,8.938,-7.167,-16.946,-16.652,26.316,10.257,-24.338,1.528,-8.284,-10.208,11.606,-41.231,-5.439,-5.998,9.211,16.097,-3.997,-4.825,,,
97,-31,-38.856,-28.142,-18.453,20.065,18.531,18.75,-21.31,-11.79,-1.278,19.656,16.792,19.315,-18.662,-22.548,15.531,14.183,-16.079,-24.331,4.923,18.327,,,
98,12,20.985,14.556,7.691,-9.682,-13.903,-12.573,18.921,8.309,-22.145,0.901,-6.496,-10.539,7.38,-31.354,-5.954,-5.84,8.731,12.514,-4.696,-6.089,,,
99,26,20.716,22.977,23.664,-24.539,-12.586,-23.286,36.006,9.733,-23.052,-19.422,-15.014,-14.116,16.727,-11.087,-13.568,-12.118,12.418,18.195,-2.295,-30.034,,,
100,28,21.618,14.764,15.749,-11.725,-3.059,-21.639,26.531,8.004,-21.169,-21.619,-13.535,-10.734,18.23,-4.544,-12.266,-8.808,8.381,17.904,-2.382,-12.205,,,
101,10,18.139,7.214,15.979,-1.624,-6.444,-16.47,10.669,6.25,-21.186,-13.096,-13.19,-4.667,23.234,-2.301,-10.383,-6.691,6.876,8.117,-3.957,-7.248,,,
102,49,39.33,23.548,31.681,-30.911,-10.084,-18.563,12.683,8.703,-36.228,-12.582,-18.339,-16.363,37.917,-2.49,-20.865,-13.189,16.388,7.208,-8.669,-25.748,,,
103,7,21.059,7.267,15.214,-4.563,-0.009,-6.858,-2.353,4.65,-34.969,-4.442,-9.167,-3.212,28.342,12.003,-17.704,-5.047,4.65,-4.957,-5.143,3.487,,,
104,-18,-28.213,-38.781,-10.413,27.446,21.578,34.047,-19.203,-10.764,-5.601,25.942,16.167,27.162,-15.943,39.15,13.586,18.117,-28.993,-17.942,1.144,25.795,,,
105,-51,-52.356,-43.359,-33.837,6.225,16.678,55.792,-26.394,-20.287,8.501,39.074,24.805,27.641,-37.541,37.658,27.461,24.151,-26.091,-26.532,4.533,65.174,,,
106,22,16.256,19.481,15.578,-18.122,-18.961,-4.101,18.776,3.916,-33.421,10.471,-7.471,-15.749,14.672,16.683,-12.463,-7.242,15.586,4.768,-11.349,-24.973,,,
107,11,5.407,14.601,21.913,-9.315,-0.39,-10.413,8.345,2.334,-24.037,-4.149,-3.922,-10.946,15.707,33.341,-12.381,-6.606,7.763,1.977,-5.655,-13.965,,,
108,15,9.384,8.043,19.911,-8.687,-4.559,-12.425,9.651,5.386,-3.255,-18.878,-5.781,-7.726,14.258,25.392,-15.102,-6.459,6.6,2.099,-13.805,-13.177,,,
109,7,13.335,11.374,11.021,-6.704,-5.89,-18.468,8.996,4.87,-2.948,-26.334,-9.068,-7.951,21.298,14.8,-19.941,-7.812,8.858,3.961,-11.034,1.52,,,
110,4,14.266,12.584,13.587,-12.867,-3.605,-25.515,7.996,4.099,-2.562,-16.737,-9.16,-8.648,28.287,4.251,-22.094,-7.059,8.252,3.381,-6.463,-22.989,,,
111,-33,-44.958,-42.89,-20.849,16.582,25.156,26.286,-21.361,-11.036,13.883,25.103,21.537,30.08,-17.466,-20.783,19.835,19.727,-35.508,-22.131,5.584,54.677,,,
112,16,29.334,20.564,20.744,-20.524,-22.77,-28.67,24.038,2.175,-7.718,3.899,-13.424,-16.756,15.171,8.103,-21.251,-9.84,18.709,13.817,-19.893,-26.651,,,
113,-16,-35.574,-24.95,-14.798,13.733,23.232,-4.921,-22.848,-7.312,10.959,21.084,17.416,16.341,-13.081,-12.739,13.424,13.532,-19.841,-15.531,0.209,31.817,,,
114,3,8.19,4.419,4.866,-9.173,-9.396,-14.615,11.79,-1.468,-1.246,7.467,-0.991,-4.034,1.665,6.312,-5.907,-1.585,5.157,6.473,-10.056,-5.755,,,
115,-9,-31.729,-18.83,-12.76,15.283,12.847,-2.4,-14.559,-6.219,10.684,13.686,15.049,12.125,-14.619,-5.338,11.404,9.971,-11.055,-14.808,1.598,26.706,,,
116,8,19.466,17.2,11.273,-13.994,-11.958,-10.381,14.862,3.591,-7.049,-7.822,-6.007,-10.327,7.968,1.983,-10.793,-7.449,10.044,12.368,-10.332,-20.19,,,
117,14,7.627,11.928,9.258,-5.322,-5.253,-6.286,5.37,4.429,-5.636,-24.126,-8.865,-9.437,11.587,-5.537,-10.65,-7.75,8.716,7.076,-7.499,-9.298,,,
118,17,35.384,28.272,17.323,-19.527,-12.2,-6.3,21.86,9.604,-9.592,-33.284,-19.065,-18.948,18.302,-21.075,-19.707,-15.494,20.688,13.716,-10.359,-42.298,,,
119,8,12.107,6.45,6.137,-0.037,0.177,-1.008,2.65,5.737,-3.224,-13.057,-9.23,-4.733,7.954,-35.814,-3.266,-5.83,5.111,-0.691,-3.059,9.832,,,
120,16,26.118,17.383,14.181,-17.039,-7.984,3.206,25.974,7.554,-4.427,-5.899,-14.766,-12.121,9.628,-70.845,-8.158,-10.56,13.586,6.54,-5.114,-39.359,,,
121,22,27.838,14.598,13.06,-3.903,-4.257,2.536,15.243,6.067,-3.509,-5.718,-10.281,-9.443,5.368,-54.28,-5.16,-9.739,10.154,2.103,-1.727,13.347,,,
122,23,27.685,8.854,11.014,-7.97,-0.812,1.402,26.173,4.861,-2.479,-3.245,-6.244,-6.605,3.67,-12.996,-2.262,-8.692,7.295,1.907,0.166,-28.556,,,
123,4,22.597,6.279,8.311,0.749,-1.857,0.39,29.216,3.391,-1.831,-0.667,-4.673,-4.003,3.839,0.623,-0.44,-8.988,7.758,0.426,1.053,8.497,,,
124,18,22.754,6.715,8.796,-5.791,-1.575,0.065,38.414,2.327,-1.702,-1.985,-4.597,-5.981,4.585,-0.994,3.515,-10.922,8.753,2.342,0.24,-6.785,,,
125,-15,-22.994,-56.314,-27.447,35.053,28.496,-0.259,-53.877,-16.127,8.918,28.902,19.952,41.79,-22.988,34.525,28.09,19.063,-43.509,-23.784,9.745,55.026,,,
126,18,29.306,43.581,31.04,-30.011,-37.134,0.942,81.506,9.658,-7.408,-14.467,-20.511,-37.319,19.301,-29.066,-14.296,-29.406,40.107,26.52,-19.723,-34.068,,,
127,-21,-36.933,-53.395,-34.581,35.207,40.44,-0.582,-65.673,-13.841,10.004,28.303,23.277,37.454,-21.026,46.797,17.071,21.052,-44.84,-25.36,7.181,48.019,,,
128,-18,-31.972,-20.754,-8.985,0.271,-0.259,1.723,-28.3,-9.63,8.145,23.132,12.499,12.261,-15.836,21.677,-1.867,6.692,-20.318,-7.973,-1.12,25.354,,,
129,29,31.81,42.986,26.811,-15.208,-30.273,-0.179,44.641,9.61,-10.434,-12.175,-19.626,-29.852,22.187,-7.555,-14.283,-23.554,38.14,23.157,-11.358,-39.556,,,
130,12,23.648,28.546,7.75,-17.978,2.98,-0.804,25.271,8.335,-4.446,-30.094,-9.295,-19.677,10.69,15.348,-1.456,-13.193,18.294,9.913,-4.084,-39.916,,,
131,-49,-44.392,-66.832,-40.427,37.896,31.062,0.25,-79.423,-13.652,15.298,22.845,26.956,50.995,-26.952,54.893,20.336,23.537,-54.536,-31.473,16.476,62.223,,,
132,-28,-54.049,-39.264,-22.034,18.47,6.669,2.797,-34.918,-19.997,20.79,33.396,27.208,24.269,-32.328,31.052,15.86,22.685,-30.772,-19.668,15.838,50.936,,,
133,-21,-47.259,-13.403,-10.13,16.381,0.912,1.442,-9.539,-10.389,14.537,31.796,18.193,10.316,-25.095,11.007,8.173,8.999,-4.817,-13.977,17.439,8.856,,,
134,3,-47.744,4.067,-7.352,-6.254,-1.052,0.509,0.516,-1.978,3.032,22.85,7.544,-2.437,-8.518,18.196,1.415,2.276,2.349,-3.34,15.811,-9.121,,,
135,43,24.413,35.223,21.642,-23.584,-15.233,-1.168,21.126,13.651,-23.555,-46.81,-18.008,-22.801,28.44,12.628,-11.433,-14.743,21.343,25.981,-17.629,-42.219,,,
136,-15,-24.729,-19.079,-17.973,9.397,18.193,0.489,-19.033,-5.012,10.605,-25.842,12.505,12.593,-10.659,-11.757,4.59,13.052,-13.384,-13.449,23.675,10.068,,,
137,46,62.374,36.778,27.048,-29.216,-22.713,-0.534,31.366,12.015,-21.177,-39.79,-25.243,-24.484,30.554,12.579,-12.2,-23.127,28.253,31.361,-32.808,-32.303,,,
138,-8,-9.663,-18.895,-13.932,17.924,15.362,-1.291,-21.105,-3.521,7.06,1.005,9.305,12.821,-6.589,-12.077,5.207,11.202,-17.338,-12.061,17.437,7.556,,,
139,8,43.941,24.286,16.933,-20.39,-12.927,0.289,25.764,5.524,-10.46,-3.368,-16.528,-15.824,16.952,9.407,-5.845,-16.368,19.711,17.486,-25.378,-20.466,,,
140,9,38.478,15.624,10.35,0.362,-2.247,-1.272,9.375,6.204,-5.713,-1.916,-12.143,-11.989,12.356,8.244,-1.639,-8.822,11.633,3.297,-12.383,-10.524,,,
141,39,68.257,57.919,36.403,-35.273,-15.829,0.442,70.125,16.475,-10.445,-32.263,-26.845,-38.473,26.463,21.618,-7.916,-32.169,43.969,25.064,-21.476,-62.462,,,
142,25,33.486,19.249,9.297,-1.502,-1.648,-1.692,53.745,7.998,-4.578,-10.824,-8.768,-13.308,8.529,7.593,-1.964,-17.055,14.717,0.826,-3.732,8.573,,,
143,-4,-40.091,-63.613,-36.148,30.455,20.283,-1.071,-32.54,-11.347,7.585,31.697,17.606,52.483,-24.283,-11.755,9.518,27.22,-48.111,-28.912,14.462,53.782,,,
144,8,2.359,26.021,20.989,-12.947,-17.193,0.222,41.293,7.78,-5.104,-1.516,-15.12,-27.101,12.503,-7.962,-0.357,-10.665,28.074,17.8,-8.639,-13.529,,,
145,-38,-49.455,-65.163,-41.33,40.422,26.693,0.573,-58.293,-17.931,15.005,33.327,28.492,43.204,-28.098,-23.467,11.433,26.513,-53.53,-30.379,17.91,45.004,,,
146,-5,-39.365,-20.937,-12.664,2.198,2.108,1.531,-49.177,-11.353,10.343,30.248,15.204,10.878,-18.474,-25.729,7.287,15.119,-17.955,-8.37,6.353,39.459,,,
147,-6,-26.173,-14.568,-11.169,15.829,5.081,1.104,-46.426,-9.299,10.751,29.263,15.206,9.934,-17.229,-49.863,7.489,7.753,-9.516,-7.414,10.95,8.975,,,
148,13,9.819,25.165,10.805,-19.028,-8.656,-0.026,12.667,4.767,-8.24,4.003,-7.001,-14.467,10.704,-64.058,2.234,-9.537,13.858,14.411,-6.219,-27.607,,,
149,-13,-25.639,-24.364,-19.176,15.558,11.581,0.901,-30.755,-6.131,11.873,10.172,14.86,14.489,-15.05,2.542,8.067,13.307,-14.139,-17.559,16.514,10.401,,,
150,-32,-39.137,-17.748,-18.946,8.646,6.77,1.887,-6.369,-9.744,16.178,6.003,17.81,14.705,-23.992,10.455,8.582,11.418,-9.551,-15.095,25.754,29.458,,,
151,28,8.616,23.96,20.479,-14.299,-13.728,-1.238,13.339,9.478,-16.626,-39.877,-9.768,-14.211,15.559,-16.601,0.403,-11.129,14.223,15.332,-4.963,-24.655,,,
152,29,23.792,23.449,14.822,-15.398,-3.61,-0.676,8.167,6.766,-11.627,-45.835,-12.843,-15.415,20.325,-9.374,3.327,-6.224,12.855,17.916,-10.04,-39.965,,,
153,29,47.291,27.594,19.939,-18.595,-10.255,-0.605,20.235,12.229,-12.235,-29.495,-20.362,-19.771,24.921,-14.225,5.717,-15.744,22.954,19.458,-24.136,-27.043,,,
154,49,88.215,83.353,52.108,-40.957,-22.721,0.041,100.798,26.223,-14.966,-41.921,-40.126,-57.436,41.227,-35.225,15.775,-47.044,60.717,33.319,-37.661,-69.292,,,
155,37,49.924,31.043,13.427,-10.685,-0.852,-2.323,56.345,11.138,-6.439,-8.135,-12.986,-18.84,13.657,-1.049,27.212,-22.299,20.414,4.265,-2.319,-31.092,,,
156,-54,-94.125,-147.454,-85.929,83.083,49.742,7.19,-127.052,-37.79,35.146,61.643,55.138,118.538,-63.733,103.358,-22.65,66.346,-113.242,-68.503,36.735,151.264,,,
157,-15,-83.595,-43.086,-25.783,24.309,1.077,1.127,-52.588,-21.653,23.265,29.275,27.787,13.305,-44.316,21.559,-33.214,31.108,-24.098,-20.435,22.101,58.768,,,
158,9,-34.58,4.606,0.335,5.619,-2.549,-2.43,-20.66,-5.353,2.089,43.933,9.193,-5.139,-13.678,23.154,-0.602,-0.525,6.492,-3.418,18.979,-26.089,,,
159,-3,-52.044,-9.232,-23.036,-1.344,8.303,2.176,-7.267,-7.798,15.231,30.101,15.928,2.979,-17.087,25.753,13.593,9.826,-3.207,-15.674,28.277,6.486,,,
160,7,-0.9,3.695,-0.456,-7.973,-6.569,-2.663,2.634,5.777,-3.465,39.642,1.105,-3.169,-0.242,16.056,54.328,-0.927,5.304,4.483,9.512,2.235,,,
161,-6,-22.639,-2.42,-16.546,3.8,5.372,1.494,-9.133,-2.933,10.036,8.669,8.477,4.012,-13.047,-0.463,2.4,8.554,-3.064,-10.691,20.63,0.302,,,
162,-44,-32.379,-22.925,-42.334,23.334,9.35,6.306,-17.507,-10.538,37.61,3.98,18.915,16.497,-32.669,-9.24,-31.6,14.447,-7.497,-17.113,26.284,14.594,,,
163,-10,-24.734,-7.848,-38.077,17.693,2.983,7.053,-12.351,-4.46,44.903,-7.754,11.641,5.861,-26.606,-3.205,-9.803,7.609,-1.792,-18.272,15.256,2.861,,,
164,-22,-15.777,-0.785,-33.186,12.808,2.882,7.642,-12.419,-2.542,54.675,-14.871,7.813,4.212,-24.298,-2.48,-15.604,7.711,-0.755,-6.22,13.194,3.13,,,
165,16,-2.348,5.316,-17.246,-6.625,-2.859,6.057,-2.991,3.538,37.591,-14.676,0.46,-3.771,-13.794,1.773,1.374,2.415,2.457,-2.184,7.71,-11.053,,,
166,-40,-13.117,-11.295,-18.314,16.766,7.195,20.271,-21.156,-5.981,33.816,3.536,8.997,7.849,-14.882,-2.419,-25.029,10.186,-3.967,-3.856,18.341,10.185,,,
167,8,2.992,3.218,-15.451,-7.037,-2.868,15.288,-9.296,1.835,12.502,2.061,1.579,-1.648,-2.748,3.4,27.548,0.521,1.337,-1.889,2.294,-4.268,,,
168,19,3.245,5.654,-4.861,-17.325,-2.023,8.555,-5.006,3.139,10.521,-3.461,-1.343,-2.134,2.1,2.501,25.596,0.569,2.029,4.905,-2.794,-4.25,,,
169,-10,-2.506,-3.211,-11.624,6.916,2.726,9.682,-12.395,-2.541,7.567,5.757,3.1,1.276,1.981,-1.363,4.118,5.43,-1.566,-2.49,-2.814,1.541,,,
170,-4,-0.588,-4.218,-6.364,9.847,0.597,13.347,-12.355,-1.331,-1.361,7.477,2.725,2.561,3.263,-1.181,7.767,3.482,-0.783,1.057,-4.183,5.321,,,
171,-21,-7.157,-8.479,-11.288,12.393,5.32,23.797,-23.799,-5.938,-0.673,12.453,6.927,4.194,0.375,-3.774,-12.273,6.771,-3.084,-6.305,-0.912,7.368,,,
172,-29,-8.934,-11.993,-7.48,13.137,6.992,16.052,-37.25,-8.238,0.461,18.157,9.854,7.567,-0.88,-3.726,-10.403,8.648,-3.892,-3.591,0.498,14.609,,,
173,-16,-4.192,-7.731,-11.14,13.428,5.213,14.475,-24.556,-6.008,0.326,17.764,8.194,3.652,-0.417,-1.884,-5.892,5.751,-2.307,-10.221,1.37,5.316,,,
174,-26,-3.963,-7.226,-17.713,8.931,6.45,20.094,-12.979,-7.305,0.625,17.775,8.494,5.292,-1.068,-2.101,-10.132,6.031,-2.603,-3.208,2.759,12.653,,,
175,-11,0.397,-4.888,-16.603,3.434,4.545,15.081,-4.132,-5.451,0.372,15.02,7.053,2.437,-0.54,-1.172,-4.306,4.608,-1.551,-12.956,2.345,1.133,,,
176,-13,-1.104,-6.219,-9.736,3.025,5.509,13.133,-2.25,-5.944,0.499,12.522,5.856,4.13,-0.932,-1.438,-6.68,4.705,-1.89,-0.704,2.82,11.247,,,
177,3,9.971,10.208,2.361,-0.704,-4.58,2.576,1.112,2.686,-0.855,0.798,-2.846,-3.969,1.837,0.704,13.804,-1.722,2.84,-6.123,-1.48,-11.194,,,
178,11,7.223,12.289,7.275,-1.367,-6.459,-1.943,1.524,4.527,-1.241,-2.963,-6.823,-5.052,2.021,-1.348,10.879,-3.477,3.783,7.996,-2.57,-5.6,,,
179,-32,-20.443,-25.178,-11.807,3.599,15.319,16.256,-4.779,-16.923,2.226,24.468,10.695,9.361,-4.615,-5.529,-33.893,9.89,-7.345,-11.63,6.036,13.337,,,
180,-11,0.445,-10.349,-1.369,1.301,6.181,9.265,-0.61,-8.346,0.882,24.513,6.579,6.164,-1.057,-4.174,1.673,4.863,-2.288,-0.115,2.38,13.563,,,
181,-13,-2.196,-5.196,-4.517,1.225,7.731,7.4,-0.736,-9.895,0.679,20.116,4.774,3.09,-1.086,-1.815,-8.605,4.971,-1.306,-2.524,3.223,3.026,,,
182,20,22.902,29.971,12.427,-4.38,-16.736,-8.963,4.626,6.586,-2.532,-22.247,-12.426,-9.667,4.886,-1.484,39.216,-8.661,7.862,10.716,-5.929,-17.944,,,
183,-20,-26.437,-26.167,-11.636,3.996,18.072,11.304,-4.863,-21.574,2.22,19.167,9.65,7.802,-4.845,0.657,-41.751,9.173,-7.493,-9.045,7.169,16.12,,,
184,29,30.113,28.804,15.342,-4.893,-21.214,-10.952,5.818,10.622,-2.841,-21.005,-13.995,-10.385,5.782,-9.075,52.276,-10.686,9.087,14.02,-7.682,-21.431,,,
185,-7,-19.398,-10.434,-7.393,1.98,9.16,5.451,-3.3,-10.926,1.131,6.628,3.371,2.815,-2.792,16.416,-32.861,3.835,-4.117,-8.125,4.058,7.615,,,
186,34,27.226,26.998,15.82,-4.094,-20.37,-11.859,5.803,17.138,-3.01,-19.732,-14.401,-11.217,5.328,-16.533,46.218,-10.482,8.558,16.951,-7.027,-19.293,,,
187,32,2.417,12.829,9.741,-2.04,-8.194,-7.798,2.534,11.492,-1.989,-17.665,-11.954,-8.042,2.166,-30.468,-1.177,-6.659,4.361,1.822,-3.265,-15.501,,,
188,-12,-7.363,-4.605,-2.439,1.001,1.246,1.118,-2.299,0.719,0.676,-1.644,-1.605,1.352,-1.484,-3.234,-9.729,1.43,-2.147,4.043,-0.096,3.048,,,
189,23,11.155,7.182,11.666,-1.9,-10.241,-6.601,3.555,9.975,-1.891,-9.867,-7.798,-4.623,2.649,-1.968,16.198,-4.416,3.806,2.904,-2.959,-10.877,,,
190,-1,-3.25,3.117,0.351,-0.396,-0.584,-1.725,-0.397,1.834,-0.224,-3.568,-2.888,-1.942,-0.166,14.954,-8.865,-0.326,-0.051,8.942,-0.666,-2.017,,,
191,23,6.407,3.748,9.471,-0.952,-4.663,-4.226,1.77,5.049,-1.101,-1.534,-4.541,-2.599,1.319,9.954,9.35,-2.027,1.806,1.059,-1.793,-7.261,,,
192,-37,-14.517,-14.989,-8.289,2.294,7.636,6.277,-4.733,-7.488,2.07,11.118,6.756,6.184,-3.283,22.025,-23.944,6.238,-4.982,0.537,2.006,12.311,,,
193,7,8.923,4.737,5.637,-0.313,-4.212,-2.033,1.827,4.493,-0.716,7.948,-0.601,-1.399,1.418,10.742,14.952,-0.99,1.653,-2.42,-0.951,-4.069,,,
194,15,3.912,6.391,4.744,-1.209,-2.283,-3.499,1.621,5.416,-0.975,-6.966,-3.242,-4.211,1.172,10.139,2.955,-2.508,1.941,12.7,-1.055,-4.169,,,
195,-23,-12.305,-12.718,-6.263,2.062,7.428,5.918,-4.003,-6.448,1.728,14.255,6.374,6.399,-2.903,0.088,-19.561,5.186,-4.338,-9.891,2.012,7.461,,,
196,-28,-10.736,-17.467,-10.033,2.817,8.403,9.368,-3.36,-8.721,1.863,8.237,11.204,8.309,-2.805,-6.402,-12.368,7.29,-4.976,-1.013,3.957,18.808,,,
197,-13,-2.187,-7.148,-9.148,1.207,5.999,6.149,-0.834,-5.505,0.882,18.176,8.655,4.994,-1.186,-3.451,-4.517,3.652,-2.456,-12.444,3.447,6.179,,,
198,-28,-9.349,-14.398,-11.839,2.207,11.336,8.215,-2.211,-11.361,1.419,3.357,11.207,7.267,-2.681,-2.543,-16.723,6.397,-4.698,-1.72,5.457,19.347,,,
199,-11,-4.571,-13.391,-10.592,2.038,10.882,7.101,-1.397,-13.471,1.223,23.702,8.316,7.241,-2.014,-3.441,-9.54,5.78,-3.341,-9.402,5.13,8.81,,,
200,15,23.73,28.355,10.421,-4.125,-14.803,-8.411,4.759,7.066,-2.311,-37.563,-8.857,-10.145,4.865,11.017,38.015,-9.442,7.995,13.279,-3.953,-13.008,,,
201,10,-0.318,11.856,4.884,-1.096,-3.888,-4.447,0.789,3.084,-0.997,-1.315,-5.664,-5.832,1.197,4.193,-0.133,-5.02,2.562,-0.138,-1.803,-12.321,,,
202,-4,-8.156,-9.917,-3.515,0.911,3.568,2.148,-1.681,-4.436,0.629,-14.359,1.238,1.989,-1.448,-0.187,-6.867,1.561,-2.117,0.762,0.784,6.206,,,
203,1,4.698,2.968,2.911,-0.664,-4.076,-1.941,1.039,2.688,-0.426,5.515,-2.686,-0.94,0.926,2.419,7.794,-1.662,1.291,0.482,-1.265,-7.396,,,
204,-10,-13.828,-13.328,-8.363,2.068,9.377,6.472,-2.765,-9.689,1.387,1.558,6.443,5.858,-2.799,-4.337,-21.349,5.593,-4.58,-4.402,3.218,16.156,,,
205,13,17.918,15.489,8.782,-2.369,-11.052,-6.495,3.513,9.11,-1.54,0.03,-6.735,-5.814,3.293,5.53,29.119,-5.753,5.055,8.29,-3.305,-17.075,,,
206,-25,-29.717,-31.728,-17.283,4.788,21.239,12.345,-5.891,-21.087,2.893,21.174,14.002,12.454,-6.041,-9.48,-49.59,11.682,-9.306,-12.92,7.061,30.981,,,
207,-3,4.723,-7.244,-3.157,0.908,5.884,3.267,0.073,-8.104,0.687,23.46,5.089,5.013,-0.521,0.731,8.144,3.935,-1.441,-0.575,2.552,0.684,,,
208,20,22.232,29.805,9.762,-4.256,-15.728,-9.008,4.617,15.659,-2.385,-28.725,-9.201,-10.189,4.803,6.357,31.517,-9.729,7.972,9.915,-4.692,-12.226,,,
209,-10,-19.079,-11.822,-6.319,2.399,11.33,5.134,-3.354,-10.778,1.178,3.793,5.13,3.967,-3.063,-4.306,-26.102,4.124,-4.896,-6.17,3.225,5.764,,,
210,-25,-8.196,-23.303,-7.5,2.638,12.158,6.297,-2.031,-11.89,1.57,-2.653,7.248,8.063,-2.68,-2.012,-11.078,6.842,-4.362,-4.446,3.794,15.872,,,
211,31,27.498,33.801,12.326,-5.039,-20.172,-10.554,5.413,20.167,-2.676,-22.251,-10.769,-10.784,5.579,7.551,40.797,-10.866,9.12,11.961,-6.003,-24.633,,,
212,12,-1.235,14.116,3.691,-1.058,-5.032,-4.975,0.742,6.308,-1.051,-31.571,-6.299,-6.816,1.276,-0.588,0.697,-5.432,2.527,2.24,-2.514,-5.523,,,
213,-10,-15.805,-21.674,-6.913,2.265,8.666,6.167,-3.377,-11.141,1.51,-1.35,5.472,6.37,-3.19,-3.638,-20.002,5.4,-5.228,-5.354,2.492,5.787,,,
214,8,15.898,13.495,7.942,-2.16,-11.495,-6.007,3.152,10.698,-1.322,-18.464,-6.407,-5.059,2.936,0.933,22.403,-5.085,4.41,6.675,-3.533,-6.15,,,
215,-11,-17.794,-14.041,-7.182,2.548,10.783,6.481,-3.405,-10.946,1.499,19.311,6.386,5.96,-3.237,-5.001,-28.171,5.951,-5.059,-7.788,3.379,7.258,,,
216,20,22.608,19.378,11.171,-3.178,-15.613,-8.666,4.429,14.857,-2.004,-12.277,-9.119,-8.055,4.179,-8.068,36.109,-7.628,6.547,11.715,-4.745,-12.989,,,
217,5,-2.09,6.861,4.582,-0.538,-3,-3.071,0.168,4.37,-0.605,-0.691,-5.062,-3.776,0.581,-7.308,-7.326,-2.865,1.736,-1.625,-1.663,-9.156,,,
218,11,4.815,6.21,3.608,-0.991,-5.836,-3.891,1.3,6.338,-0.818,-14.736,-6.348,-3.733,1.174,-29.775,9.651,-3.057,1.975,7.094,-2.584,-4.056,,,
219,16,3.088,4.083,7.659,-1.105,-5.651,-4.362,1.484,7.409,-0.9,-8.439,-6.477,-3.044,1.215,-21.584,2.286,-3.129,2.055,0.135,-2.669,-9.94,,,
220,18,3.832,8.267,3.557,-1.139,-5.255,-4.633,1.636,7.303,-0.985,-11.751,-6.326,-4.268,1.277,-2.95,3.988,-2.905,2.056,8.492,-2.568,-4.918,,,
221,55,8.983,10.193,13.463,-2.276,-8.073,-7.851,3.578,9.721,-1.953,-15.893,-9.319,-5.978,2.549,-6.995,9.303,-5.032,3.865,5.538,-3.355,-14.316,,,
222,45,14.156,18.209,15.421,-4.575,-10.456,-12.88,6.739,14.091,-3.679,-26.703,-14.072,-11.07,4.352,-9.387,10.043,-8.019,6.192,20.547,-5.077,-18.226,,,
223,-6,-9.153,-7.298,4.939,0.559,3.609,-0.68,-3.813,-1.091,1.373,-9.091,-0.429,2.713,-2.415,15.497,-24.424,2.513,-3.256,-1.291,-1.098,2.605,,,
224,-27,-5.551,-11.146,-0.16,2.518,2.252,3.035,-3.401,-3.119,1.698,1.684,4.299,4.43,-1.961,17.973,-10.454,5.122,-3.215,5.407,0.039,7.884,,,
225,22,13.5,12.699,15.179,-2.354,-7.626,-8.418,5.064,10.987,-2.318,-9.95,-6.079,-6.463,3.476,8.254,17.943,-4.322,4.608,4.678,-3.593,-8.207,,,
226,29,11.905,14.007,19.399,-4.36,-5.193,-10.321,5.412,11.232,-2.965,-10.027,-8.639,-9.313,3.21,11.591,4.643,-6.196,4.421,13.998,-4.636,-16.846,,,
227,16,16.209,11.79,22.985,-5.821,-6.842,-12.018,7.287,11.578,-3.981,-14.85,-10.339,-8.18,3.809,17.801,10.013,-7.024,4.662,12.202,-7.005,-11.752,,,
228,11,11.465,7.565,24.275,-5.515,-3.658,-10.408,5.983,9.969,-3.293,-17.991,-8.259,-6.347,2.597,24.393,2.483,-4.768,3.121,9.42,-7.752,-13.918,,,
229,-18,-21.053,-21.145,-10.595,5.782,9.716,9.454,-12.89,-7.313,6.235,8.492,9.094,13.083,-7.739,8.534,-24.877,10.319,-10.116,-12.955,-0.225,22.621,,,
230,-17,-9.423,-11.877,-2.65,5.31,2.155,7.048,-5.327,-2.797,2.936,14.546,7.997,6.581,-1.71,-0.201,0.413,6.093,-2.673,-1.317,-0.617,11.714,,,
231,-40,-15.798,-11.554,-13.113,3.999,6.893,9.898,-5.216,-5.95,2.794,14.3,10.272,7.9,-2.961,-6.276,-11.838,6.643,-3.89,-12.756,2.469,16.068,,,
232,-30,-7.946,-6.987,-7.22,2.88,3.572,8.057,-2.277,-4.002,1.437,5.472,8.291,4.226,-1.473,-2.077,-4.302,5.201,-2.131,-1.007,2.679,7.965,,,
233,-24,-7.273,-7.184,-9.951,2.026,3.849,7.436,-1.866,-4.006,1.097,5.041,7.377,4.769,-1.394,-1.362,-4.275,3.471,-2.035,-9.173,3.788,5.473,,,
234,27,10.819,10.231,7.31,-1.211,-5.417,-2.005,3.138,5.436,-1.3,-8.978,-2.048,-4.98,2.191,4.448,11.67,-4.255,3.216,7.018,-0.179,-5.132,,,
235,-14,-7.187,-5.659,-7.613,0.633,3.744,4.538,-2.136,-3.253,0.85,-3.145,3.301,3.234,-1.62,-0.657,-11.649,1.22,-1.965,-5.83,3.241,1.325,,,
236,9,6.564,4.081,5.235,-0.461,-3.836,-0.712,1.629,2.892,-0.661,-5.795,-1.514,-2.369,1.149,3.226,8.695,-2.009,1.559,5.069,0.389,-1.434,,,
237,30,9.164,11.231,8.032,-2.614,-6.772,-5.766,3.826,6.989,-1.912,-14.826,-6.775,-5.91,2.545,3.474,9.486,-5.135,3.872,2.821,-1.942,-10.971,,,
238,13,8.88,9.765,12.581,-2.945,-5.249,-6.229,3.286,6.138,-1.84,-15.141,-7.357,-6.335,2.006,1.219,5.53,-4.478,3.064,8.508,-2.995,-10.81,,,
239,-15,-10.057,-11.853,-7.295,1.649,4.57,4.884,-4.602,-5.231,1.983,5.226,3.244,6.1,-3.055,-6.038,-13.268,4.29,-4.083,-7.277,1.646,8.407,,,
240,-11,-2.119,-5.508,-4.191,1.749,0.009,3.349,-1.48,-2.556,0.905,14.154,3.115,2.72,-0.83,-3.829,-0.89,3.038,-1.5,1.201,1.075,6,,,
241,17,7.262,8.349,5.875,-1.488,-5.215,-3.972,3.009,4.533,-1.327,3.991,-3.473,-3.891,2.057,-2.106,9.631,-2.908,2.935,0.662,-1.76,-4.965,,,
242,-3,-2.379,-1.488,-0.335,-0.016,0.804,0.838,-1.167,-1.301,0.415,4.93,0.545,0.11,-0.849,-5.986,-6.159,0.611,-0.909,2.267,0.464,-0.641,,,
243,39,22.381,17.632,16.147,-5.217,-12.124,-12.028,8.45,12.182,-4.096,-12.834,-11.003,-10.217,5.346,-10.234,22.587,-8.31,7.286,8.784,-6.332,-15.614,,,
244,-11,-13.72,-11.374,-8.033,1.622,6.469,4.987,-6.394,-6.673,2.71,-3.594,3.986,5.727,-4.296,-12.495,-22.028,4.547,-5.368,-2.667,1.367,5.679,,,
245,-32,-6.287,-11.971,-8.628,3.542,3.224,6.193,-3.616,-5.855,1.979,9.382,6.437,7.177,-2.101,-15.357,-3.579,5.616,-3.5,-9.684,1.656,13.876,,,
246,-15,-8.587,-5.553,-7.06,1.95,1.782,4.411,-1.576,-3.732,0.991,8.064,5.178,3.039,-0.971,-18.221,-3.429,3.125,-1.67,-0.062,2.149,7.321,,,
247,10,4.56,5.961,1.83,-0.148,-2.987,-1.043,1.583,1.573,-0.599,0.936,-0.261,-1.9,1.099,-14.713,5.923,-1.657,1.601,-2.043,0.104,-3.11,,,
248,-32,-11.501,-10.915,-8.625,1.888,5.913,6.012,-3.385,-6.626,1.543,8.988,6.128,5.095,-2.446,5.494,-12.067,3.758,-3.507,-2.225,3.882,10.196,,,
249,-25,-6.272,-8.51,-11.279,2.401,4.769,6.267,-2.139,-5.945,1.203,16.892,6.957,5.528,-1.576,12.335,-4.541,3.87,-2.819,-7.926,3.892,8.162,,,
250,22,8.579,10.829,7.633,-1.408,-7.347,-3.839,3.436,5.295,-1.411,-0.962,-3.092,-5.228,2.49,4.171,14.016,-4.206,3.719,7.096,0.078,-5.096,,,
251,29,6.69,9.955,4.584,-2.032,-4.562,-4.656,2.514,4.653,-1.367,-8.013,-5.704,-5.268,1.681,10.683,4.764,-4.344,2.993,1.57,-0.752,-10.663,,,
252,20,10.764,9.148,13.474,-2.818,-5.293,-7.145,3.64,6.847,-1.941,-9.867,-8.237,-6.338,2.349,9.616,9.472,-4.937,3.65,8.079,-2.5,-9.141,,,
253,23,9.709,8.759,9.577,-3.298,-5.04,-7.529,3.56,6.508,-1.995,-10.184,-7.977,-5.543,2.137,16.37,4.905,-4.395,3.202,4.934,-3.739,-9.135,,,
254,48,28.594,22.578,21.573,-9.494,-12.287,-17.011,12.91,15.173,-6.727,-19.958,-16.35,-14.238,7.27,20.282,20.149,-11.149,9.467,14.251,-9.75,-23.248,,,
255,-18,-16.225,-18.293,-11.343,3.202,10.418,6.747,-11.077,-9.519,5.092,3.346,5.253,9.939,-7.398,10.005,-25.219,7.182,-9.359,-9.535,-0.045,15.511,,,
256,2,11.28,2.038,2.367,-0.261,-5.019,-3.754,2.563,3.52,-1.015,-1.026,-2.319,-2.039,2.474,3.244,12.582,-0.629,2.482,5.892,-5.236,1.973,,,
257,-13,-17.243,-10.458,-6.535,2.771,6.18,6.12,-6.313,-6.829,2.987,9.694,6.43,6.541,-3.684,-5.266,-16.914,5.847,-4.898,-9.025,0.187,12.044,,,
258,-21,-7.664,-8.523,-10.168,4.026,4.466,6.331,-3.507,-5.749,1.994,11.759,7.145,5.286,-1.905,-3.759,-3.341,5.315,-3.031,-1.544,0.548,10.134,,,
259,7,1.539,5.765,6.436,-1.096,-4.562,-2.754,3.06,3.854,-1.252,-1.457,-1.207,-3.527,2.131,1.946,8.577,-2.284,3.019,0.335,-2.743,-4.838,,,
260,4,2.59,5.254,0.96,-1.149,-0.479,-1.538,0.961,1.533,-0.579,-8.116,-1.087,-2.508,0.455,0.88,-1.637,-1.709,1.016,3.421,-2.195,-5.676,,,
261,23,18.145,14.561,14.748,-6.08,-8.537,-10.605,8.459,10.144,-4.271,-17.585,-9.556,-9.493,4.95,7.032,16.916,-8.103,6.678,8.955,-6.483,-15.173,,,
262,-3,-4.29,-4.972,-3.898,-0.189,3.962,1.493,-3.496,-1.836,1.414,-4.525,0.579,2.38,-2.707,-1.699,-13.231,1.334,-3.28,-0.33,-0.974,1.002,,,
263,1,7.64,1.682,4.294,-1.012,-2.425,-2.475,1.808,2.414,-0.852,-1.519,-2.099,-0.929,1.281,1.077,7.59,-1.111,1.269,0.336,-2.39,0.807,,,
264,28,29.947,24.816,19.2,-13.638,-13.073,-18.211,17.794,14.769,-9.421,-21.689,-15.446,-16.112,10.216,4.189,21.571,-12.125,12.525,14.912,-5.287,-26.09,,,
265,22,42.724,26.949,27.886,-24.186,-9.236,-30.067,34.187,13.228,-20.164,-30.266,-21.083,-17.791,19.148,-4.362,14.367,-14.424,16.273,25.772,-2.043,-22.357,,,
266,34,108.69,91.858,89.401,-68.408,-30.874,-102.327,125.266,36.407,-103.034,-56.083,-67.376,-62.313,88.53,-23.585,64.103,-51.765,69.183,56.043,-12.563,-86.439,,,
267,11,32.832,41.842,46.641,-39.096,-3.763,-34.312,18.035,13.416,-102.424,-15.223,-24.339,-29.364,63.351,-50.487,12.701,-23.623,23.228,-3.214,-9.749,-35.309,,,
268,7,22.004,16.724,8.341,15.774,-5.597,-26.953,10.207,3.069,-64.924,-5.158,-8.51,-3.737,25.926,-78.998,11.396,-18.489,5.124,0.534,-8.782,6.067,,,
269,-1,-60.148,-118.272,-52.544,50.721,43.232,62.845,-73.952,-39.89,13.064,52.916,37.809,92.488,-56.321,21.05,-63.502,47.248,-87.078,-34.61,8.269,109.653,,,
270,5,6.339,-1.896,8.711,-16.698,-22.22,-21.155,30.672,-0.934,-3.747,9.93,-9.13,-17.26,12.671,-44.392,22.031,-6.778,6.444,9.706,-13.918,-2.271,,,
271,-43,-65.835,-66.226,-33.16,23.837,33.552,10.957,-38.335,-28.776,23.471,51.775,37.733,35.747,-52.708,40.738,-67.302,27.961,-45.227,-21.986,2.902,44.659,,,
272,39,14.567,24.241,16.951,-18.506,-20.015,-9.022,26.776,5.712,-11.781,7.711,-11.05,-19.75,13.802,-23.223,50.984,-15.219,20.368,8.729,-21.918,-12.977,,,
273,26,11.219,16.204,5.25,-2.011,-1.567,-2.388,2.689,7.003,-4.574,7.962,-2.903,-11.635,16.746,6.53,-5.547,-6.245,10.461,-0.491,-4.003,-12.953,,,
274,-45,-52.539,-37.16,-32.292,17.705,21.957,7.212,-21.604,-13.929,17.903,20.822,27.886,29.073,-31.094,30.761,-52.145,18.988,-29.333,-30.242,9.152,31.675,,,
275,-44,-37.766,-25.869,-24.305,14.334,4.136,3.479,-15.31,-12.832,14.593,22.906,18.867,15.554,-23.145,18.956,2.688,7.894,-6.792,-16.982,3.295,24.333,,,
276,-34,-45.376,-14.75,-40.474,16.792,11.625,4.169,-30.602,-13.135,26.835,19.009,28.959,12.83,-28.762,27.137,-19.554,12.707,-6.07,-28.888,5.678,15.992,,,
277,4,-21.282,-2.187,-43.875,-2.443,0.56,2.442,-26.046,-3.093,16.982,-1.451,13.728,2.691,-18.596,16.944,3.736,4.336,1.241,-10.198,-3.53,-4.707,,,
278,-12,-27.324,-6.886,-44.034,6.517,5.962,4.874,-38.617,-4.84,33.753,-2.697,11.121,4.727,-22.32,25.887,-12.358,8.912,-2.223,-18.394,2.127,5.127,,,
279,-50,-16.756,-8.149,-31.312,15.699,5.716,6.569,-25.377,-5.669,53.606,1.846,10.022,7.05,-20.647,16.384,-10.511,8.447,-2.604,-14.196,9.061,2.851,,,
280,-24,-16.834,-12.35,-25.666,16.094,8.099,11.656,-13.657,-6.717,67.149,5.564,11.723,7.591,-10.328,1.814,-11.104,8.729,-3.842,-18.753,19.584,11.27,,,
281,-31,-12.127,-12.675,-17.691,13.095,9.201,19.455,-3.978,-7.62,49.454,19.517,12.318,8.409,-3.996,-7.836,-13.764,9.687,-3.947,-6.605,27.708,7.95,,,
282,-19,-6.435,-6.629,-14.657,-3.346,6.063,32.391,-1.058,-5.12,23.782,25.528,9.253,4.652,-0.17,-2.018,-3.133,9.103,-2.28,-13.33,26.136,10.765,,,
283,-10,-2.363,-4.869,-4.368,-3.558,5.035,39.647,-0.568,-3.662,4.502,29.282,6.548,3.553,-0.123,-0.476,-4.845,8.095,-1.478,2.013,22.362,2.482,,,
284,15,15.537,18.897,8.535,0.345,-11.007,14.041,3.692,10.231,-4.457,3.308,-7.099,-8.318,4.293,4.399,22.907,-3.108,5.818,-2.796,-2.851,-9.464,,,
285,-6,-7.872,-7.125,-3.763,11.339,7.269,23.59,-2.284,-5.399,-0.294,7.453,2.264,2.788,-1.696,-1.987,-19.52,5.024,-2.337,2.304,10.619,1.186,,,
286,-20,-4.083,-13.467,-8.01,8.754,7.381,17.967,-1.758,-8.058,0.548,13.929,6.45,5.723,-1.82,-0.307,-6.739,6.129,-3.615,-9.757,2.917,13.573,,,
287,1,5.814,5.326,2,1.956,-3.386,-10.059,1.306,1.508,-0.978,3.873,-1.361,-0.996,1.245,3.675,10.671,-0.553,1.533,7.493,-5.627,-5.084,,,
288,-17,-8.472,-9.831,-7.619,3.655,9.435,17.917,-2.129,-9.706,1.011,12.439,5.551,4.45,-2.219,-2.427,-13.97,5.359,-3.508,-7.506,2.116,13.199,,,
289,-10,-1.164,-8.893,-4.274,1.804,5.885,15.266,-0.703,-7.142,0.634,19.954,4.499,4.419,-1.016,-0.067,-1.135,3.78,-2.046,1.398,1.443,3.175,,,
290,8,14.714,19.144,8.401,-2.482,-11.496,-2.289,3.224,6.236,-1.992,-4.289,-7.62,-7.067,3.259,5.721,21.733,-5.868,5.4,6.376,-4.021,-8.155,,,
291,10,1.937,9.481,4.787,-0.968,-3.73,-0.923,0.851,1.302,-0.99,-5.209,-5.394,-4.462,1.122,1.006,3.546,-3.599,2.475,4.516,-1.525,-11.851,,,
292,-2,-5.163,-7.735,-3.23,0.768,3.196,6.097,-1.367,-5.233,0.565,1.768,1.023,1.548,-1.172,-2.086,-5.52,1.466,-1.69,-1.097,1.162,6.184,,,
293,13,10.612,10.743,8.022,-1.692,-9.232,-3.404,2.448,5.408,-1.408,-5.667,-6.406,-4.29,2.271,2.153,13.408,-4.411,3.574,7.864,-2.658,-13.756,,,
294,-8,-12.399,-11.069,-7.508,1.817,8.126,9.455,-2.818,-8.915,1.423,8.712,4.755,4.353,-2.516,-5.036,-13.725,4.243,-3.762,-5.624,3.056,12.819,,,
295,4,9.439,5.639,5.96,-1.009,-5.765,-0.646,1.767,2.415,-0.794,1.789,-2.535,-1.882,1.54,0.435,10.851,-2.272,2.095,7.452,-1.2,-10.022,,,
296,-22,-18.804,-21.492,-12.423,3.03,14.778,13.189,-4.023,-15.187,2.359,17.636,10.815,8.977,-4.084,-6.485,-19.117,8.191,-6.614,-10.347,5.537,22.764,,,
297,13,18.57,15.972,9.855,-2.263,-10.932,-3.69,3.455,4.766,-1.65,-8.061,-5.016,-5.048,3.21,1.87,18.923,-5.059,4.665,10.689,-2.463,-17.002,,,
298,27,8.683,17.623,10.085,-2.186,-9.87,-7.169,2.932,7.895,-2.146,-14.015,-9.401,-8.437,2.767,-2.946,9.767,-6.789,5.238,3.271,-3.219,-7.461,,,
299,21,5.745,10.285,8.464,-1.669,-5.809,-5.966,2.043,7.525,-1.82,-8.744,-9.45,-6.113,1.687,-7.448,6.77,-5.082,3.15,9.482,-3.188,-17.943,,,
300,-18,-12.504,-15.39,-4.4,1.914,6.461,5.922,-3.667,-5.549,1.703,5.271,3.125,5.395,-2.615,-7.482,-10.689,4.087,-3.97,-7.815,1.398,12.917,,,
301,18,13.257,12.842,9.623,-1.955,-9.815,-5.353,3.678,8.419,-2.127,-9.687,-6.486,-5.373,2.796,-14.982,10.523,-4.381,3.971,12.235,-3.088,-14.442,,,
302,23,3.04,8.003,8.084,-1.424,-4.316,-4.11,1.743,6.503,-1.632,-6.784,-6.259,-4.517,1.293,-9.908,1.964,-3.472,2.33,0.975,-1.865,-4.815,,,
303,-9,-3.387,-4.04,0.652,0.442,2.355,1.168,-1.463,-0.845,0.284,-1.726,-0.204,0.907,-0.972,-6.619,-0.766,1.345,-1.405,6.667,-0.305,-2.036,,,
304,29,8.884,6.585,10.039,-1.317,-6.555,-4.687,2.752,7.253,-1.918,-8.275,-5.226,-3.876,2.001,-13.67,5.055,-3.126,2.801,1.478,-2.214,-4.278,,,
305,44,9.905,13.448,13.681,-2.864,-7.102,-8.012,4.023,9.444,-2.959,-16.393,-8.849,-7.618,2.7,-6.368,6.63,-5.25,4.051,18.302,-3.24,-13.656,,,
306,-51,-15.925,-17.998,-6.622,2.643,10.435,7.307,-6.449,-8.533,2.852,2.328,6.787,8.487,-4.362,22.384,-7.102,6.961,-6.179,-9.234,1.9,12.928,,,
307,-7,-0.514,-5.501,1.049,1.643,1.223,2.854,-0.733,-0.954,0.46,-4.396,4.123,2.661,-0.381,16.627,-1.624,2.825,-1.184,6.638,0.439,5.814,,,
308,8,2.642,5.531,2.073,-0.671,-3.156,-1.612,1.425,3.406,-0.894,-3.897,-0.631,-1.985,1.031,12.277,1.033,-1.481,1.532,-3.024,-0.597,-1.78,,,
309,5,2.848,3.31,6.506,-0.597,-0.498,-1.421,0.605,2.63,-0.638,-5.665,-1.29,-2.15,0.412,12.88,2.283,-1.248,0.784,9.452,-0.556,-4.818,,,
310,7,2.257,0.713,1.631,-0.516,-0.911,-1.642,0.635,2.879,-0.624,-5.933,-1.74,-0.919,0.449,12.456,2.293,-1.1,0.722,-3.186,-0.771,-0.123,,,
311,11,3.968,4.627,9.042,-0.885,-2.064,-2.764,1.248,3.835,-0.928,-8.7,-3.005,-2.678,0.868,3.331,2.903,-1.728,1.33,9.058,-1.278,-4.85,,,
312,27,9.447,9.191,9.471,-2.3,-4.904,-6.599,3.395,7.175,-2.06,-15.22,-6.642,-5.092,2.249,7.912,4.718,-4.125,3.315,1.534,-2.824,-8.513,,,
313,-25,-10.425,-10.492,0.403,1.552,6.969,4.315,-4.268,-4.78,1.742,1.15,3.964,4.924,-2.888,-5.921,-1.096,4.277,-3.931,1.532,0.962,7.728,,,
314,34,19.054,14.786,14.176,-3.099,-9.354,-9.678,6.529,11.209,-3.25,-21.01,-8.535,-7.937,4.407,6.058,4.785,-6.167,5.95,4.697,-4.265,-10.896,,,
315,-11,-10.908,-6.694,3.214,0.636,6.071,2.826,-3.857,-3.254,1.454,-5.814,2.297,2.946,-2.622,-3.359,0.689,2.809,-3.202,2.286,0.207,4.975,,,
316,-39,-6.778,-12.264,-7.514,2.897,7.699,6.478,-3.775,-5.749,1.907,-1.822,6.794,7.227,-2.447,-2.603,-2.207,5.542,-3.903,-10.767,1.669,12.661,,,
317,-18,-10.839,-9.891,-6.526,2.224,7.331,6.374,-2.403,-5.501,1.341,7.822,7.245,5.217,-1.666,-1.061,-1.786,4.434,-2.855,0.559,2.477,10.673,,,
318,-25,-7.038,-6.795,-12.604,2.136,10.053,6.798,-2.104,-6.219,1.16,17.98,8.083,5.14,-1.625,-1.179,0.407,3.914,-2.764,-11.445,3.138,10.234,,,
319,26,13.27,13.413,11.723,-2.163,-5.085,-5.39,4.358,7.387,-1.903,-4.935,-4.606,-6.866,3.187,5.16,6.085,-5.675,4.798,11.284,-1.384,-12.163,,,
320,18,3.854,7.043,2.274,-1.497,-0.089,-3.152,1.352,3.368,-0.937,-11.63,-4.377,-3.839,0.89,0.165,12.491,-3.336,1.908,-2.252,-0.738,-5.656,,,
321,21,7.299,5.37,11.378,-1.541,-2.385,-4.229,2.046,4.853,-1.174,-15.403,-5.514,-3.808,1.372,0.03,16.178,-3.111,2.169,8.197,-1.81,-8.195,,,
322,17,6.095,5.86,8.051,-1.924,-4.18,-5.034,2.238,5.109,-1.299,-16.133,-5.856,-3.701,1.454,-2.082,10.609,-2.967,2.253,0.844,-2.392,-6.206,,,
323,18,11.746,10.565,15.385,-3.233,-6.465,-7.838,4.131,7.246,-2.245,-19.422,-7.918,-6.397,2.549,-2.395,-3.982,-4.569,3.675,10.623,-3.899,-9.409,,,
324,31,12.188,8.39,12.095,-4.004,-5.903,-8.108,4.22,7.086,-2.387,-16.329,-8.016,-5.776,2.342,-8.083,-14.175,-4.639,3.298,4.713,-4.972,-10.902,,,
325,49,52.382,37.712,35.751,-20.267,-22.438,-30.292,29.864,23.834,-16.668,-34.442,-26.786,-24.096,17.865,-20.208,-33.833,-19.175,20.105,24.18,-16.462,-32.928,,,
326,9,30.773,13.647,16.977,-18.837,-7.225,-24.733,27.188,10.425,-16.932,-22.856,-16.345,-10.551,12.501,-37.537,-20.23,-8.826,8.075,20.336,-11.696,-22.407,,,
327,-10,-8.546,-21.906,-10.529,4.994,5.706,3.985,-3.47,-9.105,-4.157,11.876,6.652,13.808,-9.208,-26.251,6.476,10.503,-14.796,1.17,-2.527,25.081,,,
328,3,21.385,9.735,14.682,-3.289,-11.2,-17.768,29.371,6.001,-23.456,4.732,-8.212,-7.131,12.501,-33.92,-12.625,-7.023,7.508,13.052,-5.733,-5.38,,,
329,18,55.442,48.475,44.889,-37.483,-19.072,-55.334,66.114,15.901,-56.448,-31.284,-31.911,-32.39,49.327,-28.556,-37.831,-26.08,35.711,34.458,-4.349,-39.542,,,
330,-20,-35.087,-33.967,-8.816,20.354,17.704,10.399,-18.079,-8.275,-1.729,10.469,9.635,23.218,-8.116,26.159,15.191,15.328,-31.299,-18.833,4.966,25.098,,,
331,-7,-8.668,-13.85,-8.529,2.545,-2.678,1.248,1.516,-7.182,-7.488,12.477,5.403,7.543,2.495,5.444,3.203,4.474,-8.026,-3.975,-2.167,18.735,,,
332,15,39.319,34.247,25.039,-56.2,-16.1,-31.524,21.643,8.473,-31.511,-13.911,-19.573,-23.689,39.112,-8.916,-22.21,-16.677,27.043,10.793,-6.137,-33.59,,,
333,-10,-21.386,-19.928,-5.346,22.976,15.218,20.601,-17.735,-5.078,1.549,4.168,9.815,13.201,-1.361,29.666,12.498,10.915,-19.654,-16.653,3.06,17.193,,,
334,-35,-36.189,-35.229,-27.159,12.375,9.446,35.607,-19.401,-13.069,23.94,24.38,19.989,22.086,-25.968,33.059,19.664,15.989,-20.646,-23.875,1.232,42.962,,,
335,-8,-20.205,-11.188,-25.112,-1.466,3.234,13.356,-12.882,-10.434,15.749,20.077,14.799,7.33,-14.987,23.325,2.363,7.291,-3.701,-11.072,-0.031,12.658,,,
336,-22,-22.455,-5.989,-16.196,2.449,5.449,6.241,-14.352,-6.467,8.136,11.785,14.285,4.434,-12.498,28.127,-2.252,5.786,-2.597,-13.44,1.335,2.052,,,
337,-24,-21.432,-8.694,-22.615,9.863,4.528,8.191,-17.4,-5.212,5.708,6.161,10.639,4.368,-12.476,19.232,-1.893,4.882,-1.86,-13.566,1.522,3.252,,,
338,-6,-19.243,-5.848,-9.407,4.727,4.581,8.4,-23.516,-4.157,7.047,-3.576,9.255,4.969,-12.364,9.41,3.858,4.285,-2,-12.959,1.776,7.694,,,
339,25,17.187,22.871,13.827,-26.151,-11.994,-13.925,8.446,10.786,-12.877,-31.768,-11.242,-13.828,13.088,7.599,-16.372,-11.878,10.301,13.94,-5.02,-24.157,,,
340,-34,-34.451,-24.8,-19.523,17.692,16.544,19.126,-34.265,-10.928,18.696,3.904,14.543,15.242,-24.191,-11.225,17.282,12.962,-11.764,-24.733,6.711,14.417,,,
341,10,12.118,7.28,2.763,-10.798,-6.034,-3.059,-5.78,5.948,-5.766,1.541,-2.769,-4.1,-1.07,1.849,-4.437,-4.411,4.89,3.343,-2.777,-4.033,,,
342,-33,-31.044,-18.21,-14.296,23.94,12.385,16.727,-24.595,-10.1,18.194,15.097,11.612,11.37,-18.384,-9.483,16.914,9.867,-7.707,-21.27,5.523,14.577,,,
343,-31,-7.578,-7.718,-11.789,22.903,6.693,11.562,-5.638,-4.304,9.118,21.047,8.297,5.835,-9.098,-1.137,12.408,5.682,-2.492,-7.286,2.417,10.464,,,
344,38,3.382,11.066,9.033,-30.753,-5.235,-3.974,3.939,6.792,-1.259,3.153,-3.673,-6.11,0.475,5.656,-4.125,-4.983,4.788,0.29,-1.624,-8.273,,,
345,6,7.939,10.076,6.027,-6.386,-0.507,-3.535,2.308,4.752,-2.626,-9.237,-4.26,-5.382,0.34,3.32,-4.031,-3.326,2.631,7.96,-0.793,-9.24,,,
346,-7,-6.018,-9.956,-5.376,22.667,6.856,6.318,-3.272,-3.08,4.889,-1.075,2.887,4.716,-2.937,-2.015,6.292,3.5,-3.007,-4.88,2.015,6.128,,,
347,-37,-8.598,-11.715,-11.068,10.181,8.931,11.358,-3.844,-6.54,9.826,9.985,7.006,6.888,-2.942,-3.836,11.477,5.725,-4.065,0.104,3.228,13.084,,,
348,-18,-6.586,-5.204,-6.676,7.984,6.257,9.261,-1.366,-4.121,10.223,10.655,5.204,4.023,-1.149,-2.693,8.615,3.598,-1.714,-8.105,3.429,7.819,,,
349,15,4.365,6.468,3.578,-3.492,-1.181,1.864,2.039,2.913,6.602,0.482,-1.306,-3.278,1.312,-0.629,-0.791,-2.284,2.197,7.953,0.866,-5.437,,,
350,-15,-5.832,-6.167,-7.89,-2.072,6.095,9.149,-2.139,-4.332,15.122,8.316,3.784,3.416,-1.671,-4.482,6.024,1.701,-2.145,-7.752,3.92,5.106,,,
351,-37,-17.43,-22.291,-20.098,19.185,16.605,20.32,-5.605,-14.149,25.253,30.597,13.786,11.956,-4.41,-6.039,19.924,8.956,-7.237,-4.937,9.402,18.566,,,
352,6,6.784,6.185,-5.733,11.153,-3.678,3.515,2.314,2.397,9.834,12.854,1.73,-1.631,1.803,-2.853,1.464,-1.861,2.298,-7.501,3.566,-0.869,,,
353,30,10.518,17.454,15.161,1.037,-8.656,-4.094,3.942,6.915,-0.977,-1.786,-6.664,-8.245,2.842,-4.488,-8.318,-6.571,5.023,13.746,0.826,-14.434,,,
354,-24,-12.42,-15.973,-19.397,6.806,10.893,10.203,-4.657,-10.314,2.003,17.175,6.45,7.237,-3.54,-3.755,10.479,5.219,-5.067,-11.814,7.299,11.819,,,
355,18,13.54,9.608,11.268,1.918,-8.948,-3.422,3.682,6.296,-1.442,-0.635,-4.629,-4.972,2.791,-8.335,-4.63,-4.1,3.915,11.413,0.627,-9.847,,,
356,3,-0.324,5.705,-0.356,0.748,-1.47,-1.124,0.636,0.67,-0.501,-2.485,-3.312,-2.382,0.438,-6.635,-3.024,-1.952,1.183,-3.871,1.644,-3.912,,,
357,11,5.882,3.831,9.248,0.174,-3.495,-2.236,1.202,1.824,-0.65,-2.403,-3.757,-2.791,0.858,-28.388,-3.741,-1.893,1.392,9.424,0.51,-6.787,,,
358,-20,-9.984,-11.367,-10.437,2.227,6.104,4.754,-3.074,-6.782,1.328,4.685,4.06,5.282,-2.209,-2.296,5.999,3.987,-3.335,-9.21,3.459,9.68,,,
359,13,9.105,8.278,9.153,-0.445,-5.45,-3.219,2.465,3.308,-0.972,-3.778,-2.966,-3.62,1.824,-3.159,-3.414,-2.363,2.495,9.926,-0.07,-6.557,,,
360,27,3.321,6.245,4.016,-1.296,-3.764,-3.918,1.782,2.936,-0.965,-4.146,-4.522,-3.493,1.237,8.237,-5.655,-2.89,2.159,-2.087,-0.529,-5.601,,,
361,11,4.498,3.342,8.739,-0.771,-2.337,-2.862,0.766,1.769,-0.503,-0.86,-3.437,-2.606,0.523,11.981,-4.219,-1.452,0.931,8.998,-0.516,-5.162,,,
362,12,3.992,2.87,3.625,-1.041,-3.553,-3.754,1.367,3.026,-0.736,-4.366,-3.936,-1.921,0.94,12.222,-4.496,-1.723,1.417,-1.81,-1.259,-2.662,,,
363,19,6.91,6.643,11.492,-1.709,-4.817,-5.373,2.172,4.225,-1.154,-6.868,-4.895,-4.309,1.428,13.336,-6.654,-2.562,2.137,10.434,-2.147,-6.068,,,
364,69,32.182,28.632,28.516,-10.139,-17.886,-19.944,14.862,19.181,-7.562,-26.731,-18.593,-16.694,8.847,15.014,-25.119,-13.473,11.788,16.216,-9.771,-27.818,,,
365,-8,-9.105,-11.31,-4.69,0.871,5.621,1.356,-7.633,-6.016,3.278,-9.86,1.175,4.568,-5.505,13.313,-0.155,3.707,-6.6,3.894,-1.14,7.948,,,
366,-18,-1.462,-10.918,-6.139,3.408,1.742,2.63,-3.991,-3.425,2.071,-0.673,3.816,6.303,-1.672,8.764,3.899,4.906,-3.011,-7.77,-1.638,12.237,,,
367,32,27.649,26.416,20.846,-10.412,-15.933,-18.162,15.246,16.922,-7.591,-22.497,-14.366,-16.341,9.219,8.837,-22.159,-11.366,11.738,18.734,-10.725,-18.572,,,
368,-28,-23.713,-20.732,-15.211,5.224,13.872,10.905,-14.113,-13.859,6.66,4.289,9.917,12.864,-9.35,-10.914,9.881,9.997,-11.623,-14.237,1.51,12.289,,,
369,5,10.234,1.059,0.727,0.812,-5.03,-2.975,3.009,4.295,-1.058,-0.264,-0.849,-2.227,2.923,0.972,-3.708,-1.361,3.021,8.953,-5.14,2.054,,,
370,-41,-28.875,-18.638,-14.002,5.716,12.895,12.683,-9.718,-12.452,4.637,13.829,12.023,12.252,-5.993,-8.054,13.411,9.95,-8.085,-15.991,3.29,17.681,,,
371,-11,-5.027,-4.537,-9.122,4.189,4.515,6.03,-1.288,-3.826,1.132,10.88,6.681,3.375,-0.526,0.961,7.83,4.08,-1.256,2.666,0.887,7.602,,,
372,-20,-12.023,-5.776,-4.518,1.908,4.966,5.77,-1.516,-3.816,0.891,6.084,5.731,3.452,-1.064,-0.228,6.536,2.643,-1.393,-9.286,2.355,5.01,,,
373,-26,-5.867,-3.774,-7.949,2.351,6.198,6.247,-1.779,-4.71,0.984,7.945,5.996,3.282,-1.327,-0.892,8.435,2.33,-1.975,2.52,3.436,3.546,,,
374,-15,-8.301,-8.257,-9.873,1.91,5.974,6.284,-1.646,-4.754,0.92,10.719,5.992,4.743,-1.267,-1.968,8.97,2.233,-2.031,-10.069,4.492,7.71,,,
375,27,9.825,12.278,8.561,-1.49,-6.642,-3.503,3.569,6.06,-1.518,-2.721,-3.482,-5.996,2.548,2.461,-4.623,-4.818,3.931,10.432,0.018,-10.685,,,
376,-55,-20.042,-21.102,-22.942,3.631,15.273,12.263,-6.348,-14.187,2.741,18.342,11.398,11.429,-4.842,-7.721,16.469,7.888,-7.145,-16.185,8.491,17.477,,,
377,11,12.187,9.616,6.832,-1.145,-6.991,-2.858,3.534,5.373,-1.233,2.435,-2.412,-4.667,2.727,2.544,-2.505,-3.602,3.632,9.361,1.027,-8.402,,,
378,37,6.153,13.571,5.254,-2.271,-7.09,-5.713,3.335,6.021,-1.715,-7.501,-7.315,-6.388,2.323,-1.254,-8.076,-5.653,4.157,-1.089,-0.103,-10.936,,,
379,-10,-0.762,-2.207,4.191,0.114,2.005,0.885,-1.454,-2.264,0.438,2.376,-0.89,0.174,-1.054,-4.754,1.3,0.594,-1.228,5.216,1.976,-1.562,,,
380,-17,-5.047,-8.885,-8.878,1.115,3.142,2.86,-1.589,-3.647,0.774,6.312,2.392,4.093,-1.112,-5.553,4.606,2.506,-1.896,-8.515,2.568,7.866,,,
381,-21,-13.147,-13.01,-10.716,2.974,10.076,8.627,-3.848,-11.256,1.868,14.222,9.227,7.28,-2.942,-3.445,12.718,6.576,-4.897,-1.848,5.445,12.475,,,
382,-39,-14.072,-19.157,-28.556,3.041,14.316,11.375,-3.014,-13.622,1.924,18.749,13.62,10.514,-3.144,1.022,17.514,7.795,-5.749,-18.985,7.887,19.363,,,
383,19,19.666,20.201,12.307,-2.682,-13.111,-6.824,4.523,9.354,-1.902,-4.491,-6.054,-8.503,4.02,-10.216,-6.809,-6.855,6.174,13.122,-1.263,-15.636,,,
384,5,-0.266,6.976,-3.866,-0.561,-0.712,-2.306,0.489,0.872,-0.56,-0.661,-4.058,-2.953,0.46,-26.197,-3.52,-2.628,1.609,-6.684,0.519,-2.762,,,
385,20,7.583,6.099,10.849,-1.509,-6.602,-4.588,2.066,4.651,-1.064,-0.232,-6.238,-4.901,1.554,-25.394,-5.821,-3.984,2.596,10.869,-1.097,-12.066,,,
386,-26,-17.726,-19.125,-16.841,2.782,12.259,8.279,-4.984,-11.664,2.094,14.433,7.823,9.576,-3.79,11.66,11.576,6.779,-5.837,-14.86,3.955,17.077,,,
387,12,13.364,11.912,8.499,-1.584,-9.151,-4.654,3.395,6.233,-1.241,-0.238,-4.127,-5.168,2.642,-0.303,-3.487,-3.66,3.628,11.006,-1.692,-10.983,,,
388,-38,-28.759,-30.302,-27.704,4.351,23.075,14.023,-6.47,-19.757,3.066,27.614,15.951,14.588,-5.987,35.004,19.974,11.279,-9.404,-21.914,7.594,28.286,,,
389,13,19.666,14.721,5.368,-2.012,-10.921,-4.485,3.688,6.986,-1.247,8.756,-2.996,-5.619,3.289,2.717,-3.208,-4.44,4.377,9.945,-1.325,-14.65,,,
390,13,4.452,12.429,1.299,-1.366,-4.747,-4.853,1.825,4.449,-1.175,4.932,-6.379,-4.763,1.717,7.674,-5.981,-4.523,3.535,-6.183,-1.557,-3.432,,,
391,12,3.805,6.452,5.488,-0.864,-4.768,-3.514,0.996,2.884,-0.692,-5.258,-5.318,-4.765,0.852,10.956,-4.542,-2.914,1.713,10.663,-1.628,-12.331,,,
392,17,3.904,2.774,4.242,-1.237,-4.626,-4.245,1.582,4.608,-0.863,-11.311,-5.786,-1.854,1.216,6.645,-4.703,-3.233,2.053,-3.873,-2.028,-1.815,,,
393,-5,-5.526,-2.265,-0.151,0.586,1.618,0.827,-1.407,-1.906,0.504,-9.437,0.073,0.105,-0.979,3.868,1.379,1.36,-1.393,6.951,-0.085,-2.013,,,
394,-2,-1.169,-3.864,-1.994,0.484,0.917,0.727,-0.507,-0.905,0.288,-5.845,1.032,2.864,-0.339,-4.988,2.015,1.257,-0.738,-8.026,-0.075,5.403,,,
395,-22,-13.398,-15.563,-11.525,2.512,11.453,8.314,-3.729,-9.79,1.823,9.265,9.604,6.517,-3.109,-4.825,11.021,6.868,-5.137,-1.145,3.742,11.111,,,
396,-21,-8.095,-15.333,-15.072,2.066,11.7,7.977,-1.978,-10.087,1.476,22.585,11.721,9.247,-2.391,-2.995,12.95,6.259,-4.618,-18.353,4.6,18.257,,,
397,16,22.036,22.792,9.403,-3.061,-15.319,-7.936,4.635,10.879,-2.067,-13.103,-7.891,-10.074,4.277,8.007,-8.138,-7.554,6.735,15.73,-3.21,-18.732,,,
398,7,0.431,8.756,2.586,-0.857,-2.548,-3.953,0.876,3.164,-0.815,-10.382,-5.952,-3.496,0.874,3.411,-5.724,-3.56,2.273,-5.689,-1.396,-3.067,,,