1,17,0,0,0,17,0
2,0,14,0,0,0,-14
3,0,13,0,0,0,-13
4,13,0,0,0,13,0
5,33,0,0,1,32,0
6,0,10,0,0,0,-10
7,0,6,0,0,0,-6
8,0,10,0,0,0,-10
9,9,0,0,0,9,0
10,0,9,0,0,0,-9
11,15,0,0,0,15,0
12,0,15,0,0,0,-15
13,2,0,0,0,2,0
14,13,0,0,0,13,0
15,0,5,0,0,0,-5
16,5,0,0,0,5,0
17,0,1,0,0,0,-1
18,30,0,0,0,30,0
19,15,0,0,1,14,0
20,26,0,0,1,25,0
21,0,23,0,0,0,-23
22,0,17,2,0,0,-15
23,10,0,0,0,10,0
24,6,0,0,0,6,0
25,20,0,0,2,18,0
26,24,0,0,1,23,0
27,0,5,0,0,0,-5
28,3,0,0,0,3,0
29,0,3,0,0,0,-3
30,5,0,0,0,5,0
31,0,9,0,0,0,-9
32,19,0,0,2,17,0
33,0,9,0,0,0,-9
34,9,0,0,0,9,0
35,24,0,0,2,22,0
36,0,5,0,0,0,-5
37,0,17,2,0,0,-15
38,0,17,4,0,0,-13
39,0,10,0,0,0,-10
40,6,0,0,0,6,0
41,9,0,0,0,9,0
42,0,1,0,0,0,-1
43,18,0,0,2,16,0
44,0,11,0,0,0,-11
45,15,0,0,0,15,0
46,13,0,0,4,9,0
47,36,0,0,2,34,0
48,12,0,0,2,10,0
49,19,0,0,3,16,0
50,19,0,0,0,19,0
51,14,0,0,3,11,0
52,0,4,0,0,0,-4
53,0,19,6,0,0,-13
54,18,0,0,6,12,0
55,0,8,0,0,0,-8
56,13,0,0,0,13,0
57,19,0,0,3,16,0
58,13,0,0,0,13,0
59,0,4,0,0,0,-4
60,19,0,0,3,16,0
61,0,12,2,0,0,-10
62,0,11,4,0,0,-7
63,8,0,0,0,8,0
64,0,23,6,0,0,-17
65,3,0,0,0,3,0
66,12,0,0,4,8,0
67,0,18,4,0,0,-14
68,5,0,0,0,5,0
69,7,0,0,2,5,0
70,0,9,2,0,0,-7
71,0,29,8,0,0,-21
72,4,0,0,0,4,0
73,0,4,0,0,0,-4
74,1,0,0,0,1,0
75,0,16,4,0,0,-12
76,14,0,0,0,14,0
77,10,0,0,2,8,0
78,31,0,0,10,21,0
79,0,25,6,0,0,-19
80,0,30,6,0,0,-24
81,0,25,6,0,0,-19
82,10,0,0,0,10,0
83,5,0,0,0,5,0
84,13,0,0,0,13,0
85,8,0,0,2,6,0
86,13,0,0,4,9,0
87,0,11,0,0,0,-11
88,26,0,0,6,20,0
89,0,5,0,0,0,-5
90,0,14,4,0,0,-10
91,16,0,0,2,14,0
92,30,0,0,14,16,0
93,0,15,2,0,0,-13
94,3,0,0,0,3,0
95,5,0,0,0,5,0
96,0,2,0,0,0,-2
97,9,0,0,2,7,0
98,0,6,0,0,0,-6
99,22,0,0,6,16,0
100,9,0,0,4,5,0
101,0,24,6,0,0,-18
102,0,36,14,0,0,-22
103,0,24,10,0,0,-14
104,0,41,12,0,0,-29
105,21,0,0,0,21,0
106,29,0,0,6,23,0
107,40,0,0,14,26,0
108,15,0,0,10,5,0
109,0,27,6,0,0,-21
110,0,18,6,0,0,-12
111,12,0,0,0,12,0
112,0,7,0,0,0,-7
113,0,39,8,0,0,-31
114,0,12,4,0,0,-8
115,15,0,0,0,15,0
116,0,1,0,0,0,-1
117,0,9,0,0,0,-9
118,0,19,6,0,0,-13
119,0,9,0,0,0,-9
120,9,0,0,0,9,0
121,5,0,0,0,5,0
122,0,27,6,0,0,-21
123,0,14,8,0,0,-6
124,0,8,0,0,0,-8
125,0,36,8,0,0,-28
126,0,11,4,0,0,-7
127,0,10,5,0,0,-5
128,1,0,0,0,1,0
129,20,0,0,2,18,0
130,14,0,0,4,10,0
131,10,0,0,0,10,0
132,0,1,0,0,0,-1
133,11,0,0,2,9,0
134,19,0,0,4,15,0
135,0,10,0,0,0,-10
136,0,5,0,0,0,-5
137,10,0,0,0,10,0
138,28,0,0,8,20,0
139,0,6,0,0,0,-6
140,0,5,0,0,0,-5
141,9,0,0,0,9,0
142,0,9,0,0,0,-9
143,34,0,0,10,24,0
144,31,0,0,12,19,0
145,0,9,2,0,0,-7
146,0,30,4,0,0,-26
147,0,20,6,0,0,-14
148,0,12,0,0,0,-12
149,21,0,0,0,21,0
150,0,15,0,0,0,-15
151,0,6,0,0,0,-6
152,0,17,8,0,0,-9
153,9,0,0,0,9,0
154,17,0,0,0,17,0
155,0,16,0,0,0,-16
156,0,10,0,0,0,-10
157,0,11,0,0,0,-11
158,0,25,10,0,0,-15
159,16,0,0,0,16,0
160,8,0,0,2,6,0
161,9,0,0,0,9,0
162,0,1,0,0,0,-1
163,0,8,0,0,0,-8
164,0,11,0,0,0,-11
165,44,0,0,4,40,0
166,0,5,0,0,0,-5
167,13,0,0,2,11,0
168,32,0,0,12,20,0
169,0,12,0,0,0,-12
170,20,0,0,4,16,0
171,49,0,0,20,29,0
172,0,3,0,0,0,-3
173,25,0,0,16,9,0
174,0,15,2,0,0,-13
175,0,12,4,0,0,-8
176,3,0,0,0,3,0
177,17,0,0,6,11,0
178,7,0,0,0,7,0
179,0,6,0,0,0,-6
180,3,0,0,0,3,0
181,50,0,0,23,27,0
182,0,21,6,0,0,-15
183,0,11,6,0,0,-5
184,0,5,0,0,0,-5
185,0,12,8,0,0,-4
186,12,0,0,2,10,0
187,0,2,0,0,0,-2
188,1,0,0,0,1,0
189,38,0,0,18,20,0
190,16,0,0,5,11,0
191,23,0,0,5,18,0
192,38,0,0,11,27,0
193,27,0,0,6,21,0
194,23,0,0,12,11,0
195,12,0,0,0,12,0
196,25,0,0,12,13,0
197,0,1,0,0,0,-1
198,0,20,12,0,0,-8
199,0,38,18,0,0,-20
200,1,0,0,0,1,0
201,0,26,12,0,0,-14
202,3,0,0,0,3,0
203,45,0,0,20,25,0
204,0,14,6,0,0,-8
205,11,0,0,6,5,0
206,19,0,0,10,9,0
207,0,42,20,0,0,-22
208,0,9,4,0,0,-5
209,0,13,6,0,0,-7
210,0,16,6,0,0,-10
211,0,43,24,0,0,-19
212,0,64,38,0,0,-26
213,17,0,0,0,17,0
214,3,0,0,0,3,0
215,28,0,0,12,16,0
216,0,5,0,0,0,-5
217,0,3,0,0,0,-3
218,0,14,6,0,0,-8
219,0,8,0,0,0,-8
220,4,0,0,0,4,0
221,5,0,0,0,5,0
222,14,0,0,4,10,0
223,0,16,2,0,0,-14
224,7,0,0,0,7,0
225,0,7,0,0,0,-7
226,16,0,0,2,14,0
227,3,0,0,2,1,0
228,31,0,0,8,23,0
229,0,18,4,0,0,-14
230,0,26,8,0,0,-18
231,11,0,0,0,11,0
232,5,0,0,2,3,0
233,0,1,0,0,0,-1
234,7,0,0,4,3,0
235,0,5,0,0,0,-5
236,20,0,0,6,14,0
237,0,3,0,0,0,-3
238,0,12,2,0,0,-10
239,0,12,4,0,0,-8
240,0,18,10,0,0,-8
241,12,0,0,0,12,0
242,0,7,0,0,0,-7
243,0,5,0,0,0,-5
244,17,0,0,2,15,0
245,0,3,0,0,0,-3
246,16,0,0,4,12,0
247,3,0,0,2,1,0
248,0,25,6,0,0,-19
249,0,8,2,0,0,-6
250,0,23,4,0,0,-19
251,5,0,0,0,5,0
252,12,0,0,0,12,0
253,0,6,0,0,0,-6
254,0,5,0,0,0,-5
255,0,6,0,0,0,-6
256,0,16,0,0,0,-16
257,0,35,20,0,0,-15
258,0,13,0,0,0,-13
259,0,19,12,0,0,-7
260,0,22,12,0,0,-10
261,9,0,0,0,9,0
262,0,1,0,0,0,-1
263,0,33,24,0,0,-9
264,12,0,0,0,12,0
265,12,0,0,2,10,0
266,0,9,0,0,0,-9
267,18,0,0,0,18,0
268,0,15,0,0,0,-15
269,0,14,2,0,0,-12
270,20,0,0,0,20,0
271,17,0,0,4,13,0
272,0,6,0,0,0,-6
273,0,4,0,0,0,-4
274,18,0,0,2,16,0
275,8,0,0,0,8,0
276,29,0,0,10,19,0
277,0,20,0,0,0,-20
278,0,7,2,0,0,-5
279,2,0,0,0,2,0
280,18,0,0,0,18,0
281,0,1,0,0,0,-1
282,0,8,0,0,0,-8
283,0,20,0,0,0,-20
284,0,14,4,0,0,-10
285,9,0,0,0,9,0
286,5,0,0,0,5,0
287,17,0,0,2,15,0
288,30,0,0,8,22,0
289,27,0,0,10,17,0
290,0,30,6,0,0,-24
291,0,19,2,0,0,-17
292,0,10,4,0,0,-6
293,15,0,0,0,15,0
294,34,0,0,6,28,0
295,37,0,0,18,19,0
296,0,18,6,0,0,-12
297,0,15,2,0,0,-13
298,0,22,4,0,0,-18
299,0,11,4,0,0,-7
300,0,24,4,0,0,-20
301,5,0,0,0,5,0
302,0,25,10,0,0,-15
303,2,0,0,0,2,0
304,0,22,6,0,0,-16
305,9,0,0,0,9,0
306,0,1,0,0,0,-1
307,16,0,0,0,16,0
308,0,15,0,0,0,-15
309,9,0,0,0,9,0
310,0,18,0,0,0,-18
311,5,0,0,0,5,0
312,0,4,0,0,0,-4
313,0,11,6,0,0,-5
314,0,25,0,0,0,-25
315,13,0,0,0,13,0
316,0,4,0,0,0,-4
317,0,5,0,0,0,-5
318,0,39,24,0,0,-15
319,25,0,0,4,21,0
320,14,0,0,2,12,0
321,0,4,0,0,0,-4
322,4,0,0,0,4,0
323,0,20,0,0,0,-20
324,5,0,0,0,5,0
325,15,0,0,0,15,0
326,0,9,0,0,0,-9
327,29,0,0,6,23,0
328,0,6,0,0,0,-6
329,19,0,0,0,19,0
330,0,16,0,0,0,-16
331,0,17,2,0,0,-15
332,0,4,0,0,0,-4
333,5,0,0,0,5,0
334,10,0,0,0,10,0
335,16,0,0,2,14,0
336,0,6,0,0,0,-6
337,0,4,0,0,0,-4
338,0,4,0,0,0,-4
339,0,13,0,0,0,-13
340,0,4,2,0,0,-2
341,0,23,6,0,0,-17
342,12,0,0,0,12,0
343,0,5,0,0,0,-5
344,14,0,0,2,12,0
345,0,16,0,0,0,-16
346,0,5,2,0,0,-3
347,3,0,0,0,3,0
348,2,0,0,0,2,0
349,7,0,0,0,7,0
350,18,0,0,4,14,0
351,0,9,0,0,0,-9
352,9,0,0,0,9,0
353,10,0,0,2,8,0
354,10,0,0,0,10,0
355,0,6,0,0,0,-6
356,1,0,0,0,1,0
357,15,0,0,2,13,0
358,0,10,0,0,0,-10
359,19,0,0,4,15,0
360,0,10,0,0,0,-10
361,10,0,0,0,10,0
362,19,0,0,4,15,0
363,58,0,0,28,30,0
364,16,0,0,8,8,0
365,0,8,0,0,0,-8
366,44,0,0,16,28,0
367,24,0,0,18,6,0
368,0,4,0,0,0,-4
369,0,12,6,0,0,-6
370,12,0,0,2,10,0
371,36,0,0,24,12,0
372,0,18,6,0,0,-12
373,0,7,2,0,0,-5
374,0,48,22,0,0,-26
375,0,37,12,0,0,-25
376,0,15,0,0,0,-15
377,23,0,0,0,23,0
378,16,0,0,6,10,0
379,19,0,0,6,13,0
380,21,0,0,8,13,0
381,8,0,0,4,4,0
382,0,7,0,0,0,-7
383,45,0,0,18,27,0
384,0,14,6,0,0,-8
385,9,0,0,2,7,0
386,138,0,0,102,36,0
387,0,15,8,0,0,-7
388,0,26,16,0,0,-10
389,0,8,6,0,0,-2
390,0,9,0,0,0,-9
391,21,0,0,8,13,0
392,0,15,6,0,0,-9
393,0,6,2,0,0,-4
394,0,24,12,0,0,-12
395,1,0,0,0,1,0
396,3,0,0,0,3,0
397,0,4,0,0,0,-4
398,6,0,0,0,6,0
399,32,0,0,16,16,0
400,10,0,0,4,6,0
401,0,30,12,0,0,-18
402,0,18,8,0,0,-10
403,3,0,0,0,3,0
404,11,0,0,6,5,0
405,0,5,2,0,0,-3
406,0,32,18,0,0,-14
407,21,0,0,6,15,0
408,0,4,0,0,0,-4
409,0,25,6,0,0,-19
410,2,0,0,0,2,0
411,0,11,8,0,0,-3
412,15,0,0,2,13,0
413,9,0,0,4,5,0
414,19,0,0,10,9,0
415,0,52,24,0,0,-28
416,0,6,0,0,0,-6
417,24,0,0,6,18,0
418,0,4,0,0,0,-4
419,50,0,0,24,26,0
420,0,16,6,0,0,-10
421,28,0,0,12,16,0
422,32,0,0,20,12,0
423,23,0,0,16,7,0
424,0,10,6,0,0,-4
425,42,0,0,13,29,0
426,15,0,0,7,8,0
427,0,10,6,0,0,-4
428,0,32,14,0,0,-18
429,14,0,0,6,8,0
430,28,0,0,14,14,0
431,0,64,36,0,0,-28
432,2,0,0,0,2,0
433,0,20,6,0,0,-14
434,8,0,0,2,6,0
435,0,16,8,0,0,-8
436,0,47,24,0,0,-23
437,0,9,0,0,0,-9
438,50,0,0,20,30,0
439,23,0,0,10,13,0
440,0,13,6,0,0,-7
441,2,0,0,0,2,0
442,0,19,6,0,0,-13
443,0,24,12,0,0,-12
444,18,0,0,6,12,0
445,0,7,2,0,0,-5
446,23,0,0,12,11,0
447,0,7,4,0,0,-3
448,0,9,2,0,0,-7
449,0,4,2,0,0,-2
450,0,33,14,0,0,-19
451,5,0,0,0,5,0
452,15,0,0,6,9,0
453,15,0,0,6,9,0
454,26,0,0,12,14,0
455,0,2,0,0,0,-2
456,0,1,0,0,0,-1
457,0,3,2,0,0,-1
458,2,0,0,0,2,0
459,16,0,0,8,8,0
460,0,13,6,0,0,-7
461,2,0,0,0,2,0
462,30,0,0,18,12,0
463,0,3,0,0,0,-3
464,0,39,20,0,0,-19
465,0,15,10,0,0,-5
466,0,7,0,0,0,-7
467,3,0,0,0,3,0
468,0,3,0,0,0,-3
469,0,28,12,0,0,-16
470,0,41,28,0,0,-13
471,0,68,30,0,0,-38
472,5,0,0,0,5,0
473,0,1,0,0,0,-1
474,0,39,24,0,0,-15
475,6,0,0,0,6,0
476,14,0,0,0,14,0
477,16,0,0,2,14,0
478,0,9,0,0,0,-9
479,0,27,2,0,0,-25
480,0,20,0,0,0,-20
481,0,32,24,0,0,-8
482,0,14,0,0,0,-14
483,4,0,0,0,4,0
484,0,2,0,0,0,-2
485,2,0,0,0,2,0
486,0,37,24,0,0,-13
487,12,0,0,0,12,0
488,0,94,47,0,0,-47
489,3,0,0,0,3,0
490,0,29,14,0,0,-15
491,6,0,0,0,6,0
492,14,0,0,6,8,0
493,15,0,0,2,13,0
494,25,0,0,8,17,0
495,0,24,2,0,0,-22
496,0,1,0,0,0,-1
497,0,14,4,0,0,-10
498,20,0,0,2,18,0
499,19,0,0,4,15,0
500,24,0,0,4,20,0
501,46,0,0,16,30,0
502,18,0,0,6,12,0
503,53,0,0,30,23,0
504,0,9,2,0,0,-7
505,0,17,4,0,0,-13
506,6,0,0,0,6,0
507,0,3,0,0,0,-3
508,0,11,0,0,0,-11
509,0,9,2,0,0,-7
510,5,0,0,0,5,0
511,12,0,0,0,12,0
512,0,38,4,0,0,-34
513,0,12,4,0,0,-8
514,5,0,0,0,5,0
515,0,1,0,0,0,-1
516,0,4,0,0,0,-4
517,16,0,0,0,16,0
518,0,1,0,0,0,-1
519,0,4,0,0,0,-4
520,10,0,0,0,10,0
521,0,10,0,0,0,-10
522,16,0,0,0,16,0
523,13,0,0,2,11,0
524,18,0,0,6,12,0
525,13,0,0,4,9,0
526,45,0,0,22,23,0
527,14,0,0,10,4,0
528,0,6,0,0,0,-6
529,0,9,2,0,0,-7
530,1,0,0,0,1,0
531,0,13,4,0,0,-9
532,0,27,10,0,0,-17
533,0,14,4,0,0,-10
534,0,46,10,0,0,-36
535,9,0,0,0,9,0
536,22,0,0,2,20,0
537,9,0,0,0,9,0
538,16,0,0,6,10,0
539,0,12,0,0,0,-12
540,20,0,0,4,16,0
541,5,0,0,0,5,0
542,20,0,0,8,12,0
543,0,22,6,0,0,-16
544,3,0,0,0,3,0
545,0,3,0,0,0,-3
546,5,0,0,0,5,0
547,0,13,0,0,0,-13
548,0,28,6,0,0,-22
549,5,0,0,0,5,0
550,5,0,0,0,5,0
551,10,0,0,0,10,0
552,29,0,0,8,21,0
553,0,30,6,0,0,-24
554,22,0,0,2,20,0
555,8,0,0,4,4,0
556,0,9,2,0,0,-7
557,0,7,0,0,0,-7
558,3,0,0,0,3,0
559,0,17,4,0,0,-13
560,0,19,2,0,0,-17
561,0,11,4,0,0,-7
562,0,12,4,0,0,-8
563,10,0,0,0,10,0
564,0,18,0,0,0,-18
565,0,25,12,0,0,-13
566,0,8,0,0,0,-8
567,0,36,14,0,0,-22
568,4,0,0,0,4,0
569,0,4,0,0,0,-4
570,3,0,0,0,3,0
571,0,30,16,0,0,-14
572,5,0,0,0,5,0
573,0,4,0,0,0,-4
574,0,35,18,0,0,-17
575,14,0,0,2,12,0
576,24,0,0,6,18,0
577,0,12,0,0,0,-12
578,30,0,0,4,26,0
579,11,0,0,4,7,0
580,0,5,0,0,0,-5
581,5,0,0,0,5,0
582,0,20,0,0,0,-20
583,0,4,0,0,0,-4
584,0,16,6,0,0,-10
585,0,20,6,0,0,-14
586,0,7,4,0,0,-3
587,0,37,17,0,0,-20
588,12,0,0,2,10,0
589,0,12,2,0,0,-10
590,0,15,7,0,0,-8
591,30,0,0,8,22,0
592,12,0,0,4,8,0
593,24,0,0,8,16,0
594,0,13,0,0,0,-13
595,25,0,0,4,21,0
596,43,0,0,12,31,0
597,11,0,0,6,5,0
598,9,0,0,0,9,0
599,15,0,0,6,9,0
600,43,0,0,24,19,0
601,27,0,0,18,9,0
602,0,6,0,0,0,-6
603,15,0,0,0,15,0
604,29,0,0,20,9,0
605,0,1,0,0,0,-1
606,0,2,0,0,0,-2
607,15,0,0,0,15,0
608,15,0,0,10,5,0
609,24,0,0,10,14,0
610,39,0,0,36,3,0
611,55,0,0,36,19,0
612,0,3,0,0,0,-3
613,65,0,0,54,11,0
614,34,0,0,28,6,0
615,0,21,12,0,0,-9
616,0,42,24,0,0,-18
617,21,0,0,8,13,0
618,75,0,0,56,19,0
619,0,14,8,0,0,-6
620,0,8,4,0,0,-4
621,22,0,0,12,10,0
622,0,10,6,0,0,-4
623,0,4,2,0,0,-2
624,0,28,12,0,0,-16
625,8,0,0,2,6,0
626,0,13,6,0,0,-7
627,4,0,0,2,2,0
628,2,0,0,0,2,0
629,0,4,0,0,0,-4
630,0,37,20,0,0,-17
631,42,0,0,20,22,0
632,0,14,6,0,0,-8
633,14,0,0,6,8,0
634,0,35,20,0,0,-15
635,0,15,6,0,0,-9
636,0,23,8,0,0,-15
637,0,24,16,0,0,-8
638,1,0,0,0,1,0
639,7,0,0,0,7,0
640,4,0,0,2,2,0
641,0,3,0,0,0,-3
642,16,0,0,6,10,0
643,0,1,0,0,0,-1
644,0,6,2,0,0,-4
645,0,18,6,0,0,-12
646,0,9,0,0,0,-9
647,3,0,0,0,3,0
648,32,0,0,12,20,0
649,26,0,0,12,14,0
650,0,21,8,0,0,-13
651,0,12,4,0,0,-8
652,0,23,8,0,0,-15
653,25,0,0,8,17,0
654,20,0,0,12,8,0
655,0,29,12,0,0,-17
656,0,48,30,0,0,-18
657,0,35,20,0,0,-15
658,0,29,20,0,0,-9
659,0,18,0,0,0,-18
660,0,16,12,0,0,-4
661,0,19,12,0,0,-7
662,0,20,0,0,0,-20
663,0,32,24,0,0,-8
664,9,0,0,0,9,0
665,6,0,0,0,6,0
666,0,5,0,0,0,-5
667,5,0,0,0,5,0
668,5,0,0,0,5,0
669,6,0,0,0,6,0
670,0,10,0,0,0,-10
671,0,30,0,0,0,-30
672,4,0,0,0,4,0
673,16,0,0,0,16,0
674,0,9,0,0,0,-9
675,0,11,0,0,0,-11
676,0,33,24,0,0,-9
677,12,0,0,0,12,0
678,0,2,0,0,0,-2
679,0,10,0,0,0,-10
680,0,15,12,0,0,-3
681,0,23,14,0,0,-9
682,9,0,0,0,9,0
683,0,9,0,0,0,-9
684,0,44,28,0,0,-16
685,26,0,0,6,20,0
686,12,0,0,2,10,0
687,11,0,0,4,7,0
688,0,9,0,0,0,-9
689,9,0,0,0,9,0
690,0,20,0,0,0,-20
691,9,0,0,0,9,0
692,0,14,2,0,0,-12
693,0,5,2,0,0,-3
694,0,9,2,0,0,-7
695,0,51,34,0,0,-17
696,20,0,0,6,14,0
697,0,10,2,0,0,-8
698,0,4,0,0,0,-4
699,0,64,39,0,0,-25
700,0,32,14,0,0,-18
701,0,41,16,0,0,-25
702,6,0,0,2,4,0
703,0,31,10,0,0,-21
704,0,14,8,0,0,-6
705,2,0,0,0,2,0
706,0,20,8,0,0,-12
707,0,36,16,0,0,-20
708,15,0,0,6,9,0
709,44,0,0,24,20,0
710,48,0,0,26,22,0
711,13,0,0,8,5,0
712,21,0,0,8,13,0
713,37,0,0,18,19,0
714,13,0,0,10,3,0
715,0,26,4,0,0,-22
716,9,0,0,0,9,0
717,0,21,4,0,0,-17
718,14,0,0,2,12,0
719,12,0,0,4,8,0
720,30,0,0,12,18,0
721,50,0,0,20,30,0
722,0,5,0,0,0,-5
723,0,11,0,0,0,-11
724,0,10,0,0,0,-10
725,0,7,2,0,0,-5
726,0,16,4,0,0,-12
727,0,11,2,0,0,-9
728,12,0,0,0,12,0
729,9,0,0,2,7,0
730,0,13,0,0,0,-13
731,0,13,6,0,0,-7
732,0,34,12,0,0,-22
733,25,0,0,6,19,0
734,10,0,0,2,8,0
735,0,7,0,0,0,-7
736,32,0,0,8,24,0
737,24,0,0,4,20,0
738,0,10,0,0,0,-10
739,10,0,0,0,10,0
740,0,6,0,0,0,-6
741,21,0,0,4,17,0
742,16,0,0,0,16,0
743,0,5,0,0,0,-5
744,0,16,0,0,0,-16
745,0,17,2,0,0,-15
746,20,0,0,0,20,0
747,0,9,0,0,0,-9
748,0,11,0,0,0,-11
749,20,0,0,0,20,0
750,0,5,0,0,0,-5
751,0,10,0,0,0,-10
752,15,0,0,0,15,0
753,0,15,0,0,0,-15
754,0,9,2,0,0,-7
755,24,0,0,0,24,0
756,0,9,0,0,0,-9
757,0,11,0,0,0,-11
758,13,0,0,0,13,0
759,7,0,0,0,7,0
760,0,9,0,0,0,-9
761,22,0,0,2,20,0
762,0,26,0,0,0,-26
763,26,0,0,0,26,0
764,34,0,0,26,8,0
765,0,9,0,0,0,-9
766,17,0,0,0,17,0
767,18,0,0,12,6,0
768,0,9,0,0,0,-9
769,0,36,4,0,0,-32
770,5,0,0,0,5,0
771,16,0,0,0,16,0
772,42,0,0,16,26,0
773,0,7,0,0,0,-7
774,0,24,4,0,0,-20
775,5,0,0,0,5,0
776,0,15,2,0,0,-13
777,0,9,0,0,0,-9
778,5,0,0,0,5,0
779,0,5,0,0,0,-5
780,5,0,0,0,5,0
781,0,28,6,0,0,-22
782,13,0,0,0,13,0
783,0,1,0,0,0,-1
784,8,0,0,0,8,0
785,0,1,0,0,0,-1
786,0,4,0,0,0,-4
787,0,4,0,0,0,-4
788,9,0,0,0,9,0
789,0,9,0,0,0,-9
790,0,18,4,0,0,-14
791,0,9,4,0,0,-5
792,5,0,0,0,5,0
793,4,0,0,0,4,0
794,11,0,0,0,11,0
795,30,0,0,6,24,0
796,0,10,0,0,0,-10
797,0,5,0,0,0,-5
798,0,6,0,0,0,-6
799,0,17,2,0,0,-15
800,0,20,4,0,0,-16
801,16,0,0,0,16,0
802,25,0,0,4,21,0
803,0,20,0,0,0,-20
804,15,0,0,0,15,0
805,21,0,0,2,19,0
806,0,10,0,0,0,-10
807,0,21,2,0,0,-19
808,0,7,0,0,0,-7
809,0,12,4,0,0,-8
810,2,0,0,0,2,0
811,7,0,0,0,7,0
812,4,0,0,0,4,0
813,16,0,0,2,14,0
814,0,5,0,0,0,-5
815,0,10,0,0,0,-10
816,15,0,0,0,15,0
817,0,1,0,0,0,-1
818,8,0,0,0,8,0
819,0,14,0,0,0,-14
820,14,0,0,0,14,0
821,14,0,0,4,10,0
822,29,0,0,10,19,0
823,0,14,0,0,0,-14
824,4,0,0,0,4,0
825,0,10,0,0,0,-10
826,5,0,0,0,5,0
827,3,0,0,0,3,0
828,0,15,2,0,0,-13
829,10,0,0,0,10,0
830,0,10,0,0,0,-10
831,10,0,0,0,10,0
832,0,19,0,0,0,-19
833,15,0,0,0,15,0
834,0,24,2,0,0,-22
835,5,0,0,0,5,0
836,11,0,0,0,11,0
837,24,0,0,2,22,0
838,0,6,0,0,0,-6
839,11,0,0,2,9,0
840,11,0,0,4,7,0
841,0,7,0,0,0,-7
842,0,10,2,0,0,-8
843,1,0,0,0,1,0
844,0,25,4,0,0,-21
845,0,9,0,0,0,-9
846,0,13,6,0,0,-7
847,0,10,0,0,0,-10
848,8,0,0,0,8,0
849,0,5,0,0,0,-5
850,10,0,0,0,10,0
851,0,4,0,0,0,-4
852,4,0,0,0,4,0
853,7,0,0,0,7,0
854,7,0,0,0,7,0
855,0,6,0,0,0,-6
856,12,0,0,2,10,0
857,5,0,0,0,5,0
858,0,15,0,0,0,-15
859,0,6,0,0,0,-6
860,0,10,2,0,0,-8
861,0,31,8,0,0,-23
862,33,0,0,2,31,0
863,24,0,0,4,20,0
864,0,1,0,0,0,-1
865,9,0,0,2,7,0
866,0,20,0,0,0,-20
867,6,0,0,0,6,0
868,0,36,6,0,0,-30
869,0,8,0,0,0,-8
870,0,30,12,0,0,-18
871,0,23,12,0,0,-11
872,14,0,0,2,12,0
873,0,32,16,0,0,-16
874,10,0,0,2,8,0
875,25,0,0,6,19,0
876,0,7,0,0,0,-7
877,20,0,0,4,16,0
878,0,8,0,0,0,-8
879,0,37,12,0,0,-25
880,0,13,0,0,0,-13
881,9,0,0,2,7,0
882,0,39,18,0,0,-21
883,23,0,0,6,17,0
884,11,0,0,6,5,0
885,0,14,2,0,0,-12
886,9,0,0,0,9,0
887,0,1,0,0,0,-1
888,12,0,0,2,10,0
889,7,0,0,4,3,0
890,0,4,0,0,0,-4
891,1,0,0,0,1,0
892,14,0,0,4,10,0
893,17,0,0,4,13,0
894,0,16,0,0,0,-16
895,7,0,0,0,7,0
896,0,7,0,0,0,-7
897,30,0,0,6,24,0
898,0,13,0,0,0,-13
899,4,0,0,0,4,0
900,21,0,0,0,21,0
901,14,0,0,6,8,0
902,0,2,0,0,0,-2
903,19,0,0,6,13,0
904,11,0,0,0,11,0
905,9,0,0,6,3,0
906,15,0,0,8,7,0
907,0,4,0,0,0,-4
908,38,0,0,16,22,0
909,45,0,0,24,21,0
910,0,16,2,0,0,-14
911,11,0,0,0,11,0
912,0,25,4,0,0,-21
913,11,0,0,0,11,0
914,6,0,0,2,4,0
915,59,0,0,30,29,0
916,42,0,0,28,14,0
917,0,18,4,0,0,-14
918,8,0,0,0,8,0
919,0,22,4,0,0,-18
920,0,29,12,0,0,-17
921,0,26,4,0,0,-22
922,10,0,0,0,10,0
923,10,0,0,0,10,0
924,0,9,0,0,0,-9
925,20,0,0,4,16,0
926,0,1,0,0,0,-1
927,9,0,0,2,7,0
928,27,0,0,10,17,0
929,0,8,0,0,0,-8
930,8,0,0,0,8,0
931,0,3,0,0,0,-3
932,24,0,0,8,16,0
933,30,0,0,28,2,0
934,38,0,0,28,10,0
935,142,0,0,122,20,0
936,0,15,8,0,0,-7
937,0,34,22,0,0,-12
938,0,56,26,0,0,-30
939,35,0,0,12,23,0
940,21,0,0,8,13,0
941,44,0,0,28,16,0
942,0,15,8,0,0,-7
943,0,22,12,0,0,-10
944,5,0,0,2,3,0
945,82,0,0,58,24,0
946,0,20,12,0,0,-8
947,4,0,0,2,2,0
948,0,26,10,0,0,-16
949,35,0,0,20,15,0
950,0,35,20,0,0,-15
951,0,40,22,0,0,-18
952,0,21,14,0,0,-7
953,0,10,0,0,0,-10
954,9,0,0,2,7,0
955,9,0,0,4,5,0
956,20,0,0,10,10,0
957,0,33,12,0,0,-21
958,0,29,20,0,0,-9
959,0,9,0,0,0,-9
960,0,41,28,0,0,-13
961,0,21,10,0,0,-11
962,0,13,10,0,0,-3
963,4,0,0,0,4,0
964,0,20,10,0,0,-10
965,9,0,0,0,9,0
966,13,0,0,2,11,0
967,0,1,0,0,0,-1
968,0,39,2,0,0,-37
969,0,35,24,0,0,-11
970,1,0,0,0,1,0
971,27,0,0,0,27,0
972,0,1,0,0,0,-1
973,0,13,0,0,0,-13
974,0,6,0,0,0,-6
975,0,8,0,0,0,-8
976,6,0,0,0,6,0
977,14,0,0,0,14,0
978,29,0,0,6,23,0
979,0,11,0,0,0,-11
980,3,0,0,0,3,0
981,4,0,0,0,4,0
982,0,13,2,0,0,-11
983,12,0,0,0,12,0
984,0,34,4,0,0,-30
985,10,0,0,0,10,0
986,13,0,0,0,13,0
987,16,0,0,6,10,0
988,0,3,0,0,0,-3
989,0,19,2,0,0,-17
990,9,0,0,0,9,0
991,5,0,0,0,5,0
992,18,0,0,8,10,0
993,5,0,0,0,5,0
994,0,5,0,0,0,-5
995,5,0,0,0,5,0
996,0,5,0,0,0,-5
997,0,21,6,0,0,-15
998,9,0,0,0,9,0
999,0,26,2,0,0,-24
1000,0,10,4,0,0,-6
1001,20,0,0,0,20,0
1002,22,0,0,6,16,0
1003,30,0,0,14,16,0
1004,42,0,0,22,20,0
1005,0,4,0,0,0,-4
1006,0,17,6,0,0,-11
1007,0,31,14,0,0,-17
1008,7,0,0,0,7,0
1009,0,4,0,0,0,-4
1010,0,3,0,0,0,-3
1011,1,0,0,0,1,0
1012,0,30,10,0,0,-20
1013,0,17,6,0,0,-11
1014,20,0,0,0,20,0
1015,0,5,0,0,0,-5
1016,18,0,0,6,12,0
1017,22,0,0,6,16,0
1018,20,0,0,8,12,0
1019,36,0,0,22,14,0
1020,43,0,0,24,19,0
1021,46,0,0,38,8,0
1022,0,12,6,0,0,-6
1023,60,0,0,38,22,0
1024,0,2,0,0,0,-2
1025,0,20,12,0,0,-8
1026,3,0,0,0,3,0
1027,0,21,8,0,0,-13
1028,0,17,10,0,0,-7
1029,0,36,18,0,0,-18
1030,0,16,8,0,0,-8
1031,0,34,16,0,0,-18
1032,0,10,8,0,0,-2
1033,0,54,30,0,0,-24
1034,17,0,0,2,15,0
1035,13,0,0,4,9,0
1036,15,0,0,6,9,0
1037,0,6,0,0,0,-6
1038,0,39,12,0,0,-27
1039,12,0,0,0,12,0
1040,0,7,0,0,0,-7
1041,0,21,10,0,0,-11
1042,0,18,10,0,0,-8
1043,8,0,0,0,8,0
1044,0,24,0,0,0,-24
1045,5,0,0,0,5,0
1046,15,0,0,0,15,0
1047,0,20,0,0,0,-20
1048,2,0,0,0,2,0
1049,0,20,12,0,0,-8
1050,1,0,0,0,1,0
1051,0,21,0,0,0,-21
1052,10,0,0,0,10,0
1053,6,0,0,0,6,0
1054,0,5,0,0,0,-5
1055,5,0,0,0,5,0
1056,0,48,24,0,0,-24
1057,9,0,0,0,9,0
1058,0,1,0,0,0,-1
1059,1,0,0,0,1,0
1060,17,0,0,0,17,0
1061,0,26,0,0,0,-26
1062,9,0,0,0,9,0
1063,0,9,0,0,0,-9
1064,0,14,0,0,0,-14
1065,0,33,24,0,0,-9
1066,0,38,26,0,0,-12
1067,0,44,28,0,0,-16
1068,14,0,0,2,12,0
1069,12,0,0,4,8,0
1070,0,7,0,0,0,-7
1071,0,1,0,0,0,-1
1072,0,8,2,0,0,-6
1073,0,51,32,0,0,-19
1074,0,41,28,0,0,-13
1075,0,38,28,0,0,-10
1076,16,0,0,6,10,0
1077,0,12,4,0,0,-8
1078,0,4,2,0,0,-2
1079,0,77,62,0,0,-15
1080,8,0,0,4,4,0
1081,3,0,0,2,1,0
1082,19,0,0,6,13,0
1083,0,16,6,0,0,-10
1084,0,14,6,0,0,-8
1085,26,0,0,12,14,0
1086,0,19,6,0,0,-13
1087,0,75,70,0,0,-5
1088,0,37,16,0,0,-21
1089,0,25,16,0,0,-9
1090,11,0,0,8,3,0
1091,0,10,6,0,0,-4
1092,19,0,0,10,9,0
1093,18,0,0,8,10,0
1094,25,0,0,16,9,0
1095,0,34,20,0,0,-14
1096,0,26,10,0,0,-16
1097,22,0,0,12,10,0
1098,0,1,0,0,0,-1
1099,0,1,0,0,0,-1
1100,0,20,12,0,0,-8
1101,49,0,0,30,19,0
1102,0,37,20,0,0,-17
1103,48,0,0,20,28,0
1104,42,0,0,20,22,0
1105,0,1,0,0,0,-1
1106,13,0,0,8,5,0
1107,58,0,0,36,22,0
1108,18,0,0,10,8,0
1109,31,0,0,20,11,0
1110,0,21,2,0,0,-19
1111,9,0,0,0,9,0
1112,0,4,0,0,0,-4
1113,0,31,10,0,0,-21
1114,2,0,0,0,2,0
1115,0,1,0,0,0,-1
1116,0,28,12,0,0,-16
1117,21,0,0,6,15,0
1118,8,0,0,2,6,0
1119,11,0,0,4,7,0
1120,13,0,0,8,5,0
1121,0,9,0,0,0,-9
1122,9,0,0,0,9,0
1123,0,5,0,0,0,-5
1124,16,0,0,0,16,0
1125,0,5,0,0,0,-5
1126,0,15,2,0,0,-13
1127,0,12,4,0,0,-8
1128,0,9,6,0,0,-3
1129,0,39,20,0,0,-19
1130,28,0,0,12,16,0
1131,0,6,0,0,0,-6
1132,0,22,12,0,0,-10
1133,43,0,0,20,23,0
1134,0,6,0,0,0,-6
1135,0,13,6,0,0,-7
1136,12,0,0,2,10,0
1137,0,1,0,0,0,-1
1138,0,4,0,0,0,-4
1139,20,0,0,4,16,0
1140,0,4,0,0,0,-4
1141,0,21,6,0,0,-15
1142,4,0,0,0,4,0
1143,15,0,0,6,9,0
1144,0,19,6,0,0,-13
1145,0,26,14,0,0,-12
1146,18,0,0,6,12,0
1147,10,0,0,6,4,0
1148,0,45,18,0,0,-27
1149,14,0,0,6,8,0
1150,0,27,12,0,0,-15
1151,0,90,62,0,0,-28
1152,0,29,20,0,0,-9
1153,0,15,8,0,0,-7
1154,0,18,8,0,0,-10
1155,8,0,0,6,2,0
1156,0,5,4,0,0,-1
1157,11,0,0,6,5,0
1158,0,14,8,0,0,-6
1159,67,0,0,42,25,0
1160,9,0,0,6,3,0
1161,22,0,0,8,14,0
1162,27,0,0,16,11,0
1163,0,16,6,0,0,-10
1164,16,0,0,6,10,0
1165,0,13,6,0,0,-7
1166,0,46,24,0,0,-22
1167,0,26,12,0,0,-14
1168,36,0,0,20,16,0
1169,0,2,0,0,0,-2
1170,0,20,12,0,0,-8
1171,15,0,0,6,9,0
1172,0,15,6,0,0,-9
1173,15,0,0,6,9,0
1174,25,0,0,16,9,0
1175,0,13,6,0,0,-7
1176,0,28,14,0,0,-14
1177,0,13,10,0,0,-3
1178,0,40,30,0,0,-10
1179,8,0,0,6,2,0
1180,20,0,0,14,6,0
1181,9,0,0,4,5,0
1182,0,10,6,0,0,-4
1183,0,22,14,0,0,-8
1184,32,0,0,20,12,0
1185,15,0,0,6,9,0
1186,0,15,6,0,0,-9
1187,4,0,0,2,2,0
1188,0,53,34,0,0,-19
1189,0,50,24,0,0,-26
1190,0,21,8,0,0,-13
1191,30,0,0,20,10,0
1192,0,30,20,0,0,-10
1193,45,0,0,30,15,0
1194,34,0,0,26,8,0
1195,0,7,4,0,0,-3
1196,0,89,60,0,0,-29
1197,1,0,0,0,1,0
1198,36,0,0,30,6,0
1199,32,0,0,26,6,0
1200,36,0,0,16,20,0
1201,96,0,0,58,38,0
1202,27,0,0,24,3,0
1203,0,2,0,0,0,-2
1204,0,23,8,0,0,-15
1205,0,61,34,0,0,-27
1206,41,0,0,20,21,0
1207,18,0,0,10,8,0
1208,0,19,6,0,0,-13
1209,0,18,14,0,0,-4
1210,0,22,10,0,0,-12
1211,41,0,0,20,21,0
1212,45,0,0,22,23,0
1213,44,0,0,24,20,0
1214,38,0,0,24,14,0
1215,41,0,0,26,15,0
1216,0,2,0,0,0,-2
1217,37,0,0,28,9,0
1218,20,0,0,0,20,0
1219,0,5,0,0,0,-5
1220,5,0,0,0,5,0
1221,36,0,0,28,8,0
1222,0,5,0,0,0,-5
1223,5,0,0,0,5,0
1224,17,0,0,0,17,0
1225,0,5,0,0,0,-5
1226,45,0,0,28,17,0
1227,0,3,0,0,0,-3
1228,0,3,0,0,0,-3
1229,47,0,0,28,19,0
1230,45,0,0,30,15,0
1231,49,0,0,32,17,0
1232,46,0,0,32,14,0
1233,0,7,0,0,0,-7
1234,0,16,6,0,0,-10
1235,19,0,0,4,15,0
1236,0,28,6,0,0,-22
1237,27,0,0,6,21,0
1238,0,6,0,0,0,-6
1239,0,9,2,0,0,-7
1240,0,12,4,0,0,-8
1241,0,12,4,0,0,-8
1242,0,43,12,0,0,-31
1243,20,0,0,0,20,0
1244,0,20,0,0,0,-20
1245,5,0,0,0,5,0
1246,8,0,0,0,8,0
1247,0,1,0,0,0,-1
1248,11,0,0,0,11,0
1249,4,0,0,2,2,0
1250,0,1,0,0,0,-1
1251,32,0,0,10,22,0
1252,21,0,0,8,13,0
1253,0,19,4,0,0,-15
1254,0,8,2,0,0,-6
1255,27,0,0,6,21,0
1256,83,0,0,68,15,0
1257,0,30,12,0,0,-18
1258,0,25,8,0,0,-17
1259,24,0,0,6,18,0
1260,11,0,0,6,5,0
1261,0,17,6,0,0,-11
1262,0,29,10,0,0,-19
1263,0,34,18,0,0,-16
1264,0,17,0,0,0,-17
1265,8,0,0,0,8,0
1266,9,0,0,0,9,0
1267,3,0,0,0,3,0
1268,0,14,0,0,0,-14
1269,9,0,0,0,9,0
1270,2,0,0,0,2,0
1271,0,17,0,0,0,-17
1272,5,0,0,0,5,0
1273,0,20,6,0,0,-14
1274,0,13,8,0,0,-5
1275,15,0,0,0,15,0
1276,13,0,0,0,13,0
1277,13,0,0,6,7,0
1278,8,0,0,0,8,0
1279,0,5,0,0,0,-5
1280,0,25,4,0,0,-21
1281,5,0,0,0,5,0
1282,0,24,2,0,0,-22
1283,0,16,0,0,0,-16
1284,0,11,8,0,0,-3
1285,9,0,0,0,9,0
1286,0,9,0,0,0,-9
1287,0,15,8,0,0,-7
1288,0,14,0,0,0,-14
1289,0,55,38,0,0,-17
1290,0,10,0,0,0,-10
1291,0,38,20,0,0,-18
1292,0,37,24,0,0,-13
1293,0,37,24,0,0,-13
1294,12,0,0,4,8,0
1295,0,5,0,0,0,-5
1296,0,24,16,0,0,-8
1297,2,0,0,0,2,0
1298,0,20,12,0,0,-8
1299,0,51,40,0,0,-11
1300,19,0,0,6,13,0
1301,0,2,0,0,0,-2
1302,0,2,0,0,0,-2
1303,0,3,2,0,0,-1
1304,0,36,18,0,0,-18
1305,16,0,0,6,10,0
1306,56,0,0,24,32,0
1307,0,9,0,0,0,-9
1308,5,0,0,0,5,0
1309,14,0,0,6,8,0
1310,0,10,2,0,0,-8
1311,0,23,10,0,0,-13
1312,0,21,8,0,0,-13
1313,0,19,10,0,0,-9
1314,0,9,6,0,0,-3
1315,0,97,84,0,0,-13
1316,0,37,30,0,0,-7
1317,56,0,0,36,20,0
1318,0,33,20,0,0,-13
1319,0,4,0,0,0,-4
1320,24,0,0,12,12,0
1321,0,30,16,0,0,-14
1322,14,0,0,8,6,0
1323,0,7,4,0,0,-3
1324,3,0,0,2,1,0
1325,0,156,146,0,0,-10
1326,37,0,0,30,7,0
1327,50,0,0,34,16,0
1328,0,32,20,0,0,-12
1329,32,0,0,20,12,0
1330,0,20,12,0,0,-8
1331,20,0,0,12,8,0
1332,78,0,0,46,32,0
1333,36,0,0,20,16,0
1334,27,0,0,24,3,0
1335,0,2,0,0,0,-2
1336,0,16,6,0,0,-10
1337,0,7,2,0,0,-5
1338,25,0,0,8,17,0
1339,0,25,8,0,0,-17
1340,19,0,0,6,13,0
1341,17,0,0,2,15,0
1342,0,5,0,0,0,-5
1343,53,0,0,36,17,0
1344,64,0,0,38,26,0
1345,0,2,0,0,0,-2
1346,37,0,0,28,9,0
1347,20,0,0,0,20,0
1348,0,9,0,0,0,-9
1349,0,6,0,0,0,-6
1350,32,0,0,14,18,0
1351,19,0,0,14,5,0
1352,0,10,0,0,0,-10
1353,6,0,0,0,6,0
1354,21,0,0,0,21,0
1355,0,15,0,0,0,-15
1356,10,0,0,0,10,0
1357,45,0,0,28,17,0
1358,41,0,0,28,13,0
1359,0,7,0,0,0,-7
1360,5,0,0,0,5,0
1361,0,22,2,0,0,-20
1362,8,0,0,0,8,0
1363,12,0,0,0,12,0
1364,49,0,0,32,17,0
1365,49,0,0,32,17,0
1366,121,0,0,96,25,0
1367,73,0,0,64,9,0
1368,0,19,8,0,0,-11
1369,0,49,22,0,0,-27
1370,17,0,0,6,11,0
1371,8,0,0,2,6,0
1372,20,0,0,12,8,0
1373,11,0,0,0,11,0
1374,6,0,0,4,2,0
1375,0,29,12,0,0,-17
1376,15,0,0,6,9,0
1377,0,11,4,0,0,-7
1378,2,0,0,0,2,0
1379,0,6,2,0,0,-4
1380,7,0,0,2,5,0
1381,8,0,0,4,4,0
1382,14,0,0,6,8,0
1383,40,0,0,38,2,0
1384,38,0,0,32,6,0
1385,46,0,0,32,14,0
1386,34,0,0,16,18,0
1387,15,0,0,8,7,0
1388,23,0,0,8,15,0
1389,0,19,12,0,0,-7
1390,38,0,0,27,11,0
1391,0,47,30,0,0,-17
1392,0,35,26,0,0,-9
1393,25,0,0,12,13,0
1394,17,0,0,8,9,0
1395,0,42,20,0,0,-22
1396,0,8,0,0,0,-8
1397,0,23,16,0,0,-7
1398,2,0,0,0,2,0
1399,55,0,0,30,25,0
1400,0,17,8,0,0,-9
1401,57,0,0,34,23,0
1402,0,17,12,0,0,-5
1403,17,0,0,12,5,0
1404,31,0,0,16,15,0
1405,54,0,0,28,26,0
1406,11,0,0,0,11,0
1407,0,13,12,0,0,-1
1408,13,0,0,8,5,0
1409,0,47,26,0,0,-21
1410,0,17,12,0,0,-5
1411,0,17,14,0,0,-3
1412,18,0,0,12,6,0
1413,0,18,12,0,0,-6
1414,0,55,34,0,0,-21
1415,25,0,0,12,13,0
1416,33,0,0,18,15,0
1417,71,0,0,60,11,0
1418,39,0,0,14,25,0
1419,34,0,0,14,20,0
1420,0,101,72,0,0,-29
1421,0,36,28,0,0,-8
1422,11,0,0,6,5,0
1423,0,2,0,0,0,-2
1424,5,0,0,2,3,0
1425,0,10,6,0,0,-4
1426,0,49,32,0,0,-17
1427,0,65,48,0,0,-17
1428,0,30,24,0,0,-6
1429,8,0,0,2,6,0
1430,0,24,2,0,0,-22
1431,4,0,0,0,4,0
1432,19,0,0,8,11,0
1433,0,7,2,0,0,-5
1434,0,16,6,0,0,-10
1435,0,44,26,0,0,-18
1436,0,33,28,0,0,-5
1437,0,42,28,0,0,-14
1438,0,50,28,0,0,-22
1439,0,37,28,0,0,-9
1440,1,0,0,0,1,0
1441,5,0,0,0,5,0
1442,0,28,0,0,0,-28
1443,0,34,30,0,0,-4
1444,0,16,0,0,0,-16
1445,8,0,0,0,8,0
1446,0,43,32,0,0,-11
1447,16,0,0,0,16,0
1448,0,5,0,0,0,-5
1449,22,0,0,2,20,0
1450,24,0,0,4,20,0
1451,0,5,0,0,0,-5
1452,13,0,0,2,11,0
1453,21,0,0,8,13,0
1454,0,20,0,0,0,-20
1455,5,0,0,0,5,0
1456,9,0,0,0,9,0
1457,0,14,0,0,0,-14
1458,0,16,2,0,0,-14
1459,0,9,2,0,0,-7
1460,0,21,4,0,0,-17
1461,0,13,4,0,0,-9
1462,9,0,0,0,9,0
1463,4,0,0,0,4,0
1464,0,5,0,0,0,-5
1465,2,0,0,0,2,0
1466,0,5,0,0,0,-5
1467,8,0,0,0,8,0
1468,0,13,0,0,0,-13
1469,0,7,4,0,0,-3
1470,12,0,0,0,12,0
1471,0,4,0,0,0,-4
1472,0,48,32,0,0,-16
1473,16,0,0,2,14,0
1474,5,0,0,0,5,0
1475,0,5,0,0,0,-5
1476,5,0,0,0,5,0
1477,0,4,0,0,0,-4
1478,18,0,0,4,14,0
1479,10,0,0,0,10,0
1480,10,0,0,2,8,0
1481,19,0,0,4,15,0
1482,8,0,0,4,4,0
1483,38,0,0,14,24,0
1484,31,0,0,12,19,0
1485,0,6,0,0,0,-6
1486,0,17,4,0,0,-13
1487,12,0,0,0,12,0
1488,41,0,0,18,23,0
1489,30,0,0,16,14,0
1490,10,0,0,8,2,0
1491,0,12,2,0,0,-10
1492,0,16,4,0,0,-12
1493,0,22,10,0,0,-12
1494,0,17,4,0,0,-13
1495,0,15,4,0,0,-11
1496,14,0,0,0,14,0
1497,0,9,0,0,0,-9
1498,4,0,0,0,4,0
1499,21,0,0,4,17,0
1500,9,0,0,2,7,0
1501,0,9,2,0,0,-7
1502,0,7,0,0,0,-7
1503,11,0,0,0,11,0
1504,0,1,0,0,0,-1
1505,27,0,0,12,15,0
1506,0,5,0,0,0,-5
1507,0,25,8,0,0,-17
1508,0,17,4,0,0,-13
1509,4,0,0,0,4,0
1510,0,30,10,0,0,-20
1511,0,12,0,0,0,-12
1512,10,0,0,0,10,0
1513,18,0,0,0,18,0
1514,21,0,0,6,15,0
1515,15,0,0,6,9,0
1516,43,0,0,18,25,0
1517,0,12,2,0,0,-10
1518,1,0,0,0,1,0
1519,0,12,4,0,0,-8
1520,0,18,6,0,0,-12
1521,5,0,0,0,5,0
1522,2,0,0,0,2,0
1523,23,0,0,8,15,0
1524,0,2,0,0,0,-2
1525,1,0,0,0,1,0
1526,26,0,0,14,12,0
1527,31,0,0,20,11,0
1528,60,0,0,44,16,0
1529,59,0,0,48,11,0
1530,42,0,0,26,16,0
1531,0,3,2,0,0,-1
1532,35,0,0,30,5,0
1533,0,35,20,0,0,-15
1534,71,0,0,48,23,0
1535,183,0,0,164,19,0
1536,0,76,56,0,0,-20
1537,0,71,54,0,0,-17
1538,0,32,20,0,0,-12
1539,3,0,0,2,1,0
1540,0,34,26,0,0,-8
1541,0,66,48,0,0,-18
1542,0,47,26,0,0,-21
1543,0,44,28,0,0,-16
1544,0,34,28,0,0,-6
1545,0,19,14,0,0,-5
1546,9,0,0,2,7,0
1547,0,3,0,0,0,-3
1548,0,29,16,0,0,-13
1549,0,50,28,0,0,-22
1550,0,17,14,0,0,-3
1551,5,0,0,0,5,0
1552,5,0,0,0,5,0
1553,0,1,0,0,0,-1
1554,11,0,0,0,11,0
1555,0,4,0,0,0,-4
1556,4,0,0,0,4,0
1557,0,14,0,0,0,-14
1558,5,0,0,0,5,0
1559,12,0,0,0,12,0
1560,16,0,0,6,10,0
1561,0,11,0,0,0,-11
1562,11,0,0,0,11,0
1563,19,0,0,6,13,0
1564,0,5,0,0,0,-5
1565,18,0,0,8,10,0
1566,42,0,0,22,20,0
1567,0,37,12,0,0,-25
1568,0,12,8,0,0,-4
1569,3,0,0,0,3,0
1570,3,0,0,0,3,0
1571,6,0,0,2,4,0
1572,15,0,0,4,11,0
1573,34,0,0,14,20,0
1574,0,18,6,0,0,-12
1575,60,0,0,36,24,0
1576,0,11,6,0,0,-5
1577,0,27,10,0,0,-17
1578,0,18,4,0,0,-14
1579,0,20,10,0,0,-10
1580,14,0,0,2,12,0
1581,14,0,0,4,10,0
1582,26,0,0,14,12,0
1583,22,0,0,10,12,0
1584,29,0,0,18,11,0
1585,61,0,0,40,21,0
1586,155,0,0,126,29,0
1587,60,0,0,56,4,0
1588,0,25,20,0,0,-5
1589,8,0,0,6,2,0
1590,86,0,0,70,16,0
1591,0,71,56,0,0,-15
1592,0,27,16,0,0,-11
1593,30,0,0,20,10,0
1594,0,17,12,0,0,-5
1595,0,63,46,0,0,-17
1596,0,24,20,0,0,-4
1597,0,18,12,0,0,-6
1598,0,16,12,0,0,-4
1599,35,0,0,20,15,0
1600,0,66,44,0,0,-22
1601,8,0,0,2,6,0
1602,0,75,52,0,0,-23
1603,0,48,28,0,0,-20
1604,38,0,0,16,22,0
1605,10,0,0,4,6,0
1606,0,3,0,0,0,-3
1607,0,27,12,0,0,-15
1608,0,13,8,0,0,-5
1609,14,0,0,6,8,0
1610,0,11,4,0,0,-7
1611,0,52,30,0,0,-22
1612,3,0,0,0,3,0
1613,21,0,0,8,13,0
1614,0,21,6,0,0,-15
1615,8,0,0,0,8,0
1616,4,0,0,2,2,0
1617,9,0,0,4,5,0
1618,0,14,6,0,0,-8
1619,6,0,0,0,6,0
1620,34,0,0,18,16,0
1621,11,0,0,4,7,0
1622,12,0,0,6,6,0
1623,19,0,0,12,7,0
1624,93,0,0,58,35,0
1625,0,13,8,0,0,-5
1626,0,27,12,0,0,-15
1627,40,0,0,20,20,0
1628,0,40,20,0,0,-20
1629,4,0,0,2,2,0
1630,0,43,24,0,0,-19
1631,0,22,14,0,0,-8
1632,0,20,16,0,0,-4
1633,0,16,0,0,0,-16
1634,0,38,18,0,0,-20
1635,17,0,0,6,11,0
1636,0,103,72,0,0,-31
1637,5,0,0,0,5,0
1638,25,0,0,8,17,0
1639,0,5,0,0,0,-5
1640,0,15,6,0,0,-9
1641,0,60,32,0,0,-28
1642,0,60,32,0,0,-28
1643,10,0,0,0,10,0
1644,6,0,0,0,6,0
1645,11,0,0,0,11,0
1646,0,13,0,0,0,-13
1647,10,0,0,0,10,0
1648,0,24,0,0,0,-24
1649,5,0,0,0,5,0
1650,5,0,0,0,5,0
1651,6,0,0,0,6,0
1652,11,0,0,0,11,0
1653,0,1,0,0,0,-1
1654,0,3,0,0,0,-3
1655,0,16,0,0,0,-16
1656,0,41,32,0,0,-9
1657,9,0,0,0,9,0
1658,6,0,0,0,6,0
1659,5,0,0,0,5,0
1660,37,0,0,6,31,0
1661,0,5,0,0,0,-5
1662,3,0,0,0,3,0
1663,0,12,0,0,0,-12
1664,0,6,0,0,0,-6
1665,0,7,2,0,0,-5
1666,5,0,0,0,5,0
1667,8,0,0,0,8,0
1668,7,0,0,0,7,0
1669,3,0,0,0,3,0
1670,0,3,0,0,0,-3
1671,38,0,0,16,22,0
1672,12,0,0,4,8,0
1673,0,1,0,0,0,-1
1674,16,0,0,6,10,0
1675,10,0,0,6,4,0
1676,0,27,6,0,0,-21
1677,0,18,6,0,0,-12
1678,4,0,0,0,4,0
1679,5,0,0,0,5,0
1680,11,0,0,2,9,0
1681,25,0,0,10,15,0
1682,0,8,0,0,0,-8
1683,4,0,0,0,4,0
1684,0,15,4,0,0,-11
1685,0,11,4,0,0,-7
1686,0,15,4,0,0,-11
1687,4,0,0,0,4,0
1688,0,27,8,0,0,-19
1689,5,0,0,0,5,0
1690,9,0,0,0,9,0
1691,0,1,0,0,0,-1
1692,7,0,0,0,7,0
1693,10,0,0,4,6,0
1694,0,17,2,0,0,-15
1695,4,0,0,0,4,0
1696,0,17,2,0,0,-15
1697,0,11,0,0,0,-11
1698,5,0,0,0,5,0
1699,5,0,0,0,5,0
1700,0,5,0,0,0,-5
1701,15,0,0,0,15,0