1,4649,2,0,0,0,sell
2,4666,-12,-0.001,2,17,buy
3,4652,-7,0.003,-10,3,buy
4,4639,11,0.005,-17,-10,sell
5,4652,16,0.001,-6,3,sell
6,4684,-10,-0.002,10,35,buy
7,4674,-1,0.001,0,25,buy
8,4668,-7,0.002,-1,19,buy
9,4658,9,0.004,-8,9,sell
10,4667,-8,0.001,1,18,buy
11,4658,10,0.004,-7,9,sell
12,4673,-11,0,3,24,buy
13,4658,1,0.004,-8,9,sell
14,4660,11,0.003,-7,11,sell
15,4673,-2,0,4,24,buy
16,4668,3,0.002,2,19,sell
17,4673,-1,0,5,24,buy
18,4672,19,0.001,4,23,sell
19,4702,9,-0.003,23,53,sell
20,4716,17,-0.004,32,67,sell
21,4741,-18,-0.006,49,92,buy
22,4718,-13,0,31,69,buy
23,4703,6,0.002,18,54,sell
24,4713,5,-0.001,24,64,sell
25,4719,17,-0.002,29,70,sell
26,4737,7,-0.005,46,88,sell
27,4760,-5,-0.007,53,111,buy
28,4755,2,-0.004,48,106,sell
29,4758,-3,-0.006,50,109,buy
30,4755,5,-0.004,47,106,sell
31,4760,-9,-0.007,52,111,buy
32,4751,10,-0.003,43,102,sell
33,4768,-8,-0.008,53,119,buy
34,4759,8,-0.003,45,110,sell
35,4768,19,-0.007,53,119,sell
36,4790,-5,-0.01,72,141,buy
37,4785,-11,-0.005,67,136,buy
38,4770,-11,-0.002,56,121,buy
39,4757,-9,0,45,108,buy
40,4747,3,0.001,36,98,sell
41,4753,8,-0.001,39,104,sell
42,4762,-1,-0.003,47,113,buy
43,4761,16,-0.002,46,112,sell
44,4777,-10,-0.006,62,128,buy
45,4766,15,-0.002,52,117,sell
46,4781,7,-0.007,67,132,sell
47,4790,16,-0.01,74,141,sell
48,4824,1,-0.012,90,175,sell
49,4834,3,-0.013,91,185,sell
50,4850,12,-0.014,94,201,sell
51,4869,7,-0.015,106,220,sell
52,4880,-4,-0.016,113,231,buy
53,4876,-12,-0.011,109,227,buy
54,4863,12,-0.005,97,214,sell
55,4875,-8,-0.015,109,226,buy
56,4867,10,-0.009,101,218,sell
57,4880,5,-0.016,111,231,sell
58,4896,3,-0.017,116,247,sell
59,4909,-3,-0.018,119,260,buy
60,4905,5,-0.013,116,256,sell
61,4921,-9,-0.019,121,272,buy
62,4911,-3,-0.011,112,262,buy
63,4904,6,-0.009,109,255,sell
64,4912,-14,-0.015,115,263,buy
65,4895,3,-0.006,101,246,sell
66,4898,8,-0.01,104,249,sell
67,4906,-14,-0.015,112,257,buy
68,4892,5,-0.005,98,243,sell
69,4897,5,-0.01,103,248,sell
70,4902,-6,-0.013,108,253,buy
71,4895,-17,-0.006,102,246,buy
72,4874,2,-0.002,85,225,sell
73,4878,-4,-0.004,87,229,buy
74,4874,1,-0.002,83,225,sell
75,4875,-12,-0.003,84,226,buy
76,4863,14,-0.001,72,214,sell
77,4877,7,-0.005,86,228,sell
78,4885,16,-0.009,93,236,sell
79,4906,-14,-0.015,109,257,buy
80,4887,-12,-0.004,95,238,buy
81,4863,-10,-0.001,83,214,buy
82,4844,9,0.001,73,195,sell
83,4854,3,-0.002,82,205,sell
84,4859,11,-0.003,85,210,sell
85,4872,3,-0.005,96,223,sell
86,4878,4,-0.007,99,229,sell
87,4887,-6,-0.01,103,238,buy
88,4876,20,-0.004,97,227,sell
89,4896,-5,-0.013,117,247,buy
90,4891,-8,-0.008,112,242,buy
91,4881,13,-0.004,104,232,sell
92,4895,13,-0.012,117,246,sell
93,4911,-11,-0.017,130,262,buy
94,4898,3,-0.009,119,249,sell
95,4901,3,-0.013,122,252,sell
96,4906,-2,-0.015,125,257,buy
97,4904,7,-0.011,123,255,sell
98,4911,-5,-0.017,130,262,buy
99,4905,11,-0.012,125,256,sell
100,4921,3,-0.019,136,272,sell
101,4926,-12,-0.02,139,277,buy
102,4908,-20,-0.009,127,259,buy
103,4886,-11,-0.003,107,237,buy
104,4872,-23,-0.001,96,223,buy
105,4843,21,0.002,73,194,sell
106,4864,23,-0.003,94,215,sell
107,4887,18,-0.009,117,238,sell
108,4913,3,-0.015,135,264,sell
109,4918,-21,-0.017,138,269,buy
110,4897,-10,-0.006,117,248,buy
111,4885,12,-0.003,107,236,sell
112,4897,-5,-0.009,119,248,buy
113,4890,-23,-0.004,114,241,buy
114,4859,-7,0,91,210,buy
115,4851,15,0.001,84,202,sell
116,4866,-1,-0.003,99,217,buy
117,4865,-7,-0.002,98,216,buy
118,4856,-11,0,91,207,buy
119,4843,-4,0.002,80,194,buy
120,4834,6,0.003,76,185,sell
121,4843,1,0,82,194,sell
122,4848,-18,-0.001,83,199,buy
123,4827,-4,0.004,65,178,buy
124,4821,-2,0.005,61,172,buy
125,4813,-22,0.006,59,164,buy
126,4785,-1,0.009,37,136,buy
127,4778,-5,0.01,36,129,buy
128,4773,1,0.011,31,124,sell
129,4774,16,0.008,32,125,sell
130,4792,4,0.003,48,143,sell
131,4802,6,0.001,52,153,sell
132,4812,-1,0,58,163,buy
133,4811,3,0.001,57,162,sell
134,4820,7,-0.001,60,171,sell
135,4835,-9,-0.003,67,186,buy
136,4825,-4,0,58,176,buy
137,4820,7,0.001,54,171,sell
138,4830,20,-0.002,61,181,sell
139,4850,-5,-0.006,81,201,buy
140,4844,-1,-0.003,76,195,buy
141,4839,7,-0.002,75,190,sell
142,4848,-7,-0.005,82,199,buy
143,4839,23,-0.002,75,190,sell
144,4863,8,-0.009,98,214,sell
145,4882,-7,-0.012,106,233,buy
146,4875,-22,-0.005,99,226,buy
147,4849,-10,-0.001,77,200,buy
148,4835,-7,0.001,67,186,buy
149,4823,21,0.002,60,174,sell
150,4844,-13,-0.003,81,195,buy
151,4829,-6,0.001,68,180,buy
152,4823,-9,0.002,62,174,buy
153,4814,7,0.004,53,165,sell
154,4823,16,0.001,60,174,sell
155,4840,-12,-0.002,76,191,buy
156,4824,-8,0.002,64,175,buy
157,4814,-3,0.004,56,165,buy
158,4803,-14,0.005,53,154,buy
159,4788,15,0.008,39,139,sell
160,4804,4,0.002,54,155,sell
161,4810,5,0.001,58,161,sell
162,4819,-1,0,63,170,buy
163,4818,-7,0.001,62,169,buy
164,4810,-8,0.003,55,161,buy
165,4799,34,0.005,47,150,sell
166,4839,-2,-0.003,81,190,buy
167,4834,6,-0.001,79,185,sell
168,4845,17,-0.004,85,196,sell
169,4865,-8,-0.009,102,216,buy
170,4853,13,-0.003,94,204,sell
171,4869,27,-0.01,107,220,sell
172,4898,-3,-0.015,134,249,buy
173,4895,9,-0.01,131,246,sell
174,4904,-11,-0.017,140,255,buy
175,4891,-4,-0.009,129,242,buy
176,4883,3,-0.006,125,234,sell
177,4886,11,-0.01,128,237,sell
178,4897,5,-0.016,139,248,sell
179,4904,-5,-0.017,144,255,buy
180,4898,3,-0.012,139,249,sell
181,4901,20,-0.016,142,252,sell
182,4928,-14,-0.022,162,279,buy
183,4913,-4,-0.011,148,264,buy
184,4908,-4,-0.009,144,259,buy
185,4903,-2,-0.008,140,254,buy
186,4899,10,-0.006,138,250,sell
187,4909,-2,-0.014,148,260,buy
188,4907,1,-0.01,146,258,sell
189,4908,19,-0.013,147,259,sell
190,4928,7,-0.022,166,279,sell
191,4939,13,-0.023,173,290,sell
192,4957,20,-0.025,186,308,sell
193,4984,12,-0.028,206,335,sell
194,5005,8,-0.03,218,356,sell
195,5016,5,-0.032,226,367,sell
196,5028,9,-0.033,231,379,sell
197,5041,-1,-0.035,240,392,buy
198,5040,-7,-0.029,239,391,buy
199,5032,-17,-0.022,232,383,buy
200,5012,1,-0.015,215,363,sell
201,5013,-11,-0.017,216,364,buy
202,4999,2,-0.012,205,350,sell
203,5002,23,-0.016,207,353,sell
204,5027,-6,-0.029,230,378,buy
205,5019,4,-0.018,224,370,sell
206,5024,8,-0.028,228,375,sell
207,5033,-22,-0.032,236,384,buy
208,5011,-4,-0.015,214,362,buy
209,5006,-4,-0.014,210,357,buy
210,4999,-5,-0.012,206,350,buy
211,4989,-15,-0.011,201,340,buy
212,4970,-19,-0.006,186,321,buy
213,4944,17,-0.001,167,295,sell
214,4961,1,-0.006,184,312,sell
215,4964,16,-0.007,185,315,sell
216,4980,-4,-0.014,201,331,buy
217,4975,-3,-0.009,197,326,buy
218,4972,-8,-0.008,194,323,buy
219,4964,-2,-0.004,186,315,buy
220,4956,2,-0.003,184,307,sell
221,4960,3,-0.005,186,311,sell
222,4965,10,-0.007,189,316,sell
223,4975,-13,-0.012,199,326,buy
224,4961,7,-0.004,186,312,sell
225,4968,-5,-0.009,193,319,buy
226,4961,14,-0.004,188,312,sell
227,4975,1,-0.012,202,326,sell
228,4976,19,-0.013,203,327,sell
229,4999,-13,-0.018,222,350,buy
230,4985,-13,-0.009,209,336,buy
231,4967,8,-0.004,196,318,sell
232,4978,3,-0.01,204,329,sell
233,4981,-1,-0.012,207,332,buy
234,4980,3,-0.009,206,331,sell
235,4983,-3,-0.014,209,334,buy
236,4978,12,-0.009,206,329,sell
237,4992,-3,-0.017,218,343,buy
238,4989,-7,-0.013,215,340,buy
239,4979,-3,-0.009,208,330,buy
240,4971,-5,-0.006,205,322,buy
241,4963,12,-0.003,200,314,sell
242,4975,-7,-0.009,212,326,buy
243,4968,-4,-0.004,205,319,buy
244,4963,15,-0.003,201,314,sell
245,4978,-3,-0.01,216,329,buy
246,4975,9,-0.006,213,326,sell
247,4987,1,-0.014,222,338,sell
248,4988,-17,-0.015,223,339,buy
249,4969,-4,-0.004,206,320,buy
250,4963,-7,-0.003,202,314,buy
251,4944,4,-0.001,195,295,sell
252,4949,10,-0.003,199,300,sell
253,4961,-4,-0.006,209,312,buy
254,4955,-1,-0.003,205,306,buy
255,4950,-4,-0.002,204,301,buy
256,4944,-9,-0.001,200,295,buy
257,4928,-11,0,191,279,buy
258,4913,-6,0.002,180,264,buy
259,4900,-5,0.003,174,251,buy
260,4893,-5,0.004,169,244,buy
261,4883,7,0.006,164,234,sell
262,4892,-1,0.002,171,243,buy
263,4891,-9,0.003,170,242,buy
264,4882,8,0.008,161,233,sell
265,4894,5,0.003,169,245,sell
266,4904,-9,0.001,174,255,buy
267,4895,12,0.004,165,246,sell
268,4913,-15,0,177,264,buy
269,4898,-11,0.004,162,249,buy
270,4886,19,0.007,151,237,sell
271,4906,12,0.001,170,257,sell
272,4919,-3,-0.001,182,270,buy
273,4913,-4,0.001,179,264,buy
274,4909,14,0.002,175,260,sell
275,4925,5,-0.002,189,276,sell
276,4933,17,-0.003,194,284,sell
277,4952,-16,-0.007,211,303,buy
278,4932,-1,-0.001,195,283,buy
279,4927,2,0,194,278,sell
280,4929,13,-0.001,196,280,sell
281,4947,-1,-0.005,209,298,buy
282,4946,-4,-0.004,208,297,buy
283,4938,-13,-0.002,204,289,buy
284,4918,-9,0.001,191,269,buy
285,4908,8,0.003,182,259,sell
286,4917,3,0,190,268,sell
287,4922,13,-0.001,193,273,sell
288,4937,22,-0.004,206,288,sell
289,4959,6,-0.009,228,310,sell
290,4976,-20,-0.012,234,327,buy
291,4952,-13,-0.002,214,303,buy
292,4935,-1,0,201,286,buy
293,4929,12,0.001,200,280,sell
294,4944,27,-0.003,212,295,sell
295,4972,7,-0.01,239,323,sell
296,4991,-12,-0.015,246,342,buy
297,4979,-13,-0.005,234,330,buy
298,4966,-7,-0.003,221,317,buy
299,4948,-6,-0.001,214,299,buy
300,4941,-14,0,208,292,buy
301,4921,5,0.002,194,272,sell
302,4926,-11,0,199,277,buy
303,4911,2,0.004,188,262,sell
304,4913,-15,0.003,190,264,buy
305,4897,8,0.006,175,248,sell
306,4906,-1,0.002,183,257,buy
307,4905,14,0.003,182,256,sell
308,4921,-11,0,196,272,buy
309,4906,8,0.004,185,257,sell
310,4915,-18,0.001,193,266,buy
311,4897,2,0.006,175,248,sell
312,4902,-4,0.003,177,253,buy
313,4898,-4,0.005,173,249,buy
314,4893,-18,0.007,169,244,buy
315,4868,11,0.009,151,219,sell
316,4881,-4,0.003,162,232,buy
317,4877,-4,0.005,158,228,buy
318,4872,-8,0.007,154,223,buy
319,4857,20,0.012,146,208,sell
320,4878,7,0.003,166,229,sell
321,4890,-3,0.001,173,241,buy
322,4886,2,0.003,170,237,sell
323,4890,-19,0.001,172,241,buy
324,4870,3,0.007,153,221,sell
325,4875,13,0.004,156,226,sell
326,4890,-9,0.001,169,241,buy
327,4881,21,0.004,160,232,sell
328,4904,-3,-0.001,181,255,buy
329,4898,13,0.001,178,249,sell
330,4917,-12,-0.002,191,268,buy
331,4901,-11,0.002,179,252,buy
332,4886,-2,0.005,168,237,buy
333,4882,2,0.006,166,233,sell
334,4887,9,0.003,168,238,sell
335,4897,13,0.001,177,248,sell
336,4911,-5,-0.001,190,262,buy
337,4905,-1,0.001,185,256,buy
338,4901,-4,0.002,184,252,buy
339,4897,-10,0.003,180,248,buy
340,4884,-2,0.005,170,235,buy
341,4882,-14,0.006,168,233,buy
342,4865,9,0.01,154,216,sell
343,4877,-3,0.004,163,228,buy
344,4872,9,0.007,160,223,sell
345,4884,-14,0.002,169,235,buy
346,4868,-2,0.008,155,219,buy
347,4865,3,0.01,153,216,sell
348,4868,2,0.006,156,219,sell
349,4870,4,0.005,158,221,sell
350,4877,12,0.004,162,228,sell
351,4891,-6,0.001,174,242,buy
352,4882,9,0.004,168,233,sell
353,4891,3,0.001,177,242,sell
354,4899,6,0,180,250,sell
355,4909,-6,-0.001,186,260,buy
356,4903,1,0.001,180,254,sell
357,4904,11,0,181,255,sell
358,4917,-7,-0.002,192,268,buy
359,4907,15,0.001,185,258,sell
360,4922,-9,-0.003,200,273,buy
361,4912,10,0,191,263,sell
362,4922,10,-0.003,201,273,sell
363,4937,29,-0.005,211,288,sell
364,4967,6,-0.012,240,318,sell
365,4975,-8,-0.014,246,326,buy
366,4967,22,-0.008,238,318,sell
367,4995,3,-0.017,260,346,sell
368,5001,-2,-0.02,263,352,buy
369,4997,-6,-0.014,261,348,buy
370,4991,10,-0.01,255,342,sell
371,5001,8,-0.018,265,352,sell
372,5013,-10,-0.023,273,364,buy
373,5001,-2,-0.012,263,352,buy
374,4996,-23,-0.011,261,347,buy
375,4970,-17,-0.004,238,321,buy
376,4945,-8,-0.001,221,296,buy
377,4930,21,0,213,281,sell
378,4953,7,-0.006,234,304,sell
379,4963,10,-0.01,241,314,sell
380,4976,6,-0.014,251,327,sell
381,4989,3,-0.017,257,340,sell
382,4993,-6,-0.018,260,344,buy
383,4986,19,-0.012,254,337,sell
384,5013,-8,-0.023,273,364,buy
385,5005,7,-0.013,265,356,sell
386,5012,32,-0.021,272,363,sell
387,5048,-5,-0.036,304,399,buy
388,5041,-10,-0.024,299,392,buy
389,5031,-2,-0.018,289,382,buy
390,5029,-1,-0.017,287,380,buy
391,5020,12,-0.016,286,371,sell
392,5033,-7,-0.028,298,384,buy
393,5024,-4,-0.017,291,375,buy
394,5020,-8,-0.016,287,371,buy
395,5008,1,-0.013,279,359,sell
396,5009,3,-0.016,280,360,sell
397,5012,-4,-0.018,283,363,buy
398,5008,6,-0.013,279,359,sell
399,5014,12,-0.019,285,365,sell
400,5030,4,-0.028,297,381,sell
401,5036,-15,-0.03,301,387,buy
402,5018,-7,-0.016,286,369,buy
403,5008,2,-0.013,279,359,sell
404,5011,5,-0.017,281,362,sell
405,5016,-3,-0.023,286,367,buy
406,5013,-7,-0.016,283,364,buy
407,4999,13,-0.011,276,350,sell
408,5014,-4,-0.022,289,365,buy
409,5010,-17,-0.016,285,361,buy
410,4991,2,-0.01,268,342,sell
411,4993,-3,-0.014,270,344,buy
412,4990,12,-0.009,267,341,sell
413,5003,5,-0.017,279,354,sell
414,5008,9,-0.02,284,359,sell
415,5017,-28,-0.024,293,368,buy
416,4989,-1,-0.008,265,340,buy
417,4983,14,-0.007,264,334,sell
418,5001,-3,-0.018,278,352,buy
419,4997,23,-0.013,275,348,sell
420,5023,-7,-0.027,298,374,buy
421,5013,16,-0.016,291,364,sell
422,5029,7,-0.028,307,380,sell
423,5041,6,-0.033,314,392,sell
424,5048,-3,-0.036,320,399,buy
425,5044,10,-0.026,317,395,sell
426,5073,2,-0.038,327,424,sell
427,5081,-4,-0.039,329,432,buy
428,5077,-13,-0.028,325,428,buy
429,5059,8,-0.022,312,410,sell
430,5067,12,-0.033,320,418,sell
431,5081,-26,-0.039,332,432,buy
432,5053,2,-0.018,306,404,sell
433,5055,-5,-0.024,308,406,buy
434,5041,6,-0.016,303,392,sell
435,5047,-8,-0.024,309,398,buy
436,5039,-16,-0.015,301,390,buy
437,5016,-5,-0.011,285,367,buy
438,5007,25,-0.01,280,358,sell
439,5037,13,-0.027,305,388,sell
440,5050,-7,-0.03,318,401,buy
441,5043,2,-0.02,311,394,sell
442,5045,-12,-0.025,313,396,buy
443,5032,-12,-0.016,301,383,buy
444,5020,10,-0.012,289,371,sell
445,5032,-4,-0.023,299,383,buy
446,5027,10,-0.015,295,378,sell
447,5038,-2,-0.027,305,389,buy
448,5035,-6,-0.018,303,386,buy
449,5028,-2,-0.016,297,379,buy
450,5026,-17,-0.015,295,377,buy
451,5007,5,-0.01,278,358,sell
452,5012,8,-0.016,283,363,sell
453,5021,6,-0.021,291,372,sell
454,5030,9,-0.024,297,381,sell
455,5044,-2,-0.028,306,395,buy
456,5042,-1,-0.023,304,393,buy
457,5041,-1,-0.022,303,392,buy
458,5040,2,-0.02,302,391,sell
459,5042,4,-0.025,304,393,sell
460,5050,-7,-0.03,308,401,buy
461,5043,2,-0.02,301,394,sell
462,5045,8,-0.025,303,396,sell
463,5057,-2,-0.033,311,408,buy
464,5054,-13,-0.027,309,405,buy
465,5035,-4,-0.016,296,386,buy
466,5030,-1,-0.014,292,381,buy
467,5023,3,-0.013,291,374,sell
468,5026,-3,-0.017,294,377,buy
469,5023,-16,-0.013,291,374,buy
470,5007,-10,-0.01,275,358,buy
471,4994,-21,-0.006,265,345,buy
472,4956,2,-0.001,244,307,sell
473,4961,-1,-0.003,246,312,buy
474,4960,-15,-0.002,245,311,buy
475,4945,4,0.001,230,296,sell
476,4951,10,-0.001,234,302,sell
477,4965,12,-0.004,244,316,sell
478,4979,-9,-0.007,256,330,buy
479,4970,-23,-0.003,247,321,buy
480,4945,-6,0.001,224,296,buy
481,4925,-8,0.002,218,276,buy
482,4917,-7,0.004,210,268,buy
483,4903,4,0.005,203,254,sell
484,4907,-1,0.003,207,258,buy
485,4905,1,0.004,206,256,sell
486,4907,-5,0.003,207,258,buy
487,4894,12,0.008,202,245,sell
488,4906,-35,0.003,214,257,buy
489,4859,3,0.014,179,210,sell
490,4862,-9,0.01,182,213,buy
491,4847,5,0.016,173,198,sell
492,4853,6,0.01,178,204,sell
493,4861,13,0.006,184,212,sell
494,4874,14,0.004,197,225,sell
495,4891,-21,0.001,211,242,buy
496,4869,-1,0.008,190,220,buy
497,4868,-8,0.009,189,219,buy
498,4858,11,0.012,181,209,sell
499,4876,13,0.004,192,227,sell
500,4891,14,0.001,205,242,sell
501,4911,29,-0.001,219,262,sell
502,4941,9,-0.005,248,292,sell
503,4953,19,-0.007,257,304,sell
504,4976,-6,-0.013,276,327,buy
505,4969,-9,-0.006,270,320,buy
506,4956,6,-0.003,261,307,sell
507,4962,-2,-0.006,267,313,buy
508,4959,-9,-0.004,265,310,buy
509,4948,-4,-0.002,256,299,buy
510,4941,5,-0.001,252,292,sell
511,4946,11,-0.003,257,297,sell
512,4958,-26,-0.006,268,309,buy
513,4924,-7,0.001,242,275,buy
514,4916,4,0.002,235,267,sell
515,4921,-1,0,239,272,buy
516,4920,-1,0.001,238,271,buy
517,4916,11,0.002,237,267,sell
518,4932,-1,-0.002,248,283,buy
519,4931,-1,-0.001,247,282,buy
520,4927,6,0,246,278,sell
521,4937,-7,-0.003,252,288,buy
522,4927,13,0,245,278,sell
523,4943,11,-0.004,258,294,sell
524,4954,7,-0.006,269,305,sell
525,4966,2,-0.01,276,317,sell
526,4975,15,-0.012,278,326,sell
527,4998,1,-0.016,293,349,sell
528,5002,-6,-0.017,294,353,buy
529,4996,-5,-0.012,288,347,buy
530,4989,1,-0.009,283,340,sell
531,4990,-4,-0.012,284,341,buy
532,4981,-13,-0.006,280,332,buy
533,4964,-2,-0.002,267,315,buy
534,4954,-30,-0.001,265,305,buy
535,4918,6,0.003,235,269,sell
536,4927,19,0,241,278,sell
537,4947,2,-0.004,260,298,sell
538,4956,8,-0.005,262,307,sell
539,4966,-8,-0.009,270,317,buy
540,4954,13,-0.003,262,305,sell
541,4970,2,-0.01,275,321,sell
542,4975,8,-0.011,277,326,sell
543,4987,-16,-0.014,285,338,buy
544,4971,3,-0.004,269,322,sell
545,4974,-3,-0.006,272,325,buy
546,4971,5,-0.004,269,322,sell
547,4976,-6,-0.007,274,327,buy
548,4963,-13,-0.003,268,314,buy
549,4941,4,0,255,292,sell
550,4946,1,-0.002,259,297,sell
551,4951,6,-0.003,260,302,sell
552,4961,18,-0.005,266,312,sell
553,4982,-22,-0.012,284,333,buy
554,4958,16,-0.002,262,309,sell
555,4978,4,-0.01,278,329,sell
556,4982,-7,-0.012,282,333,buy
557,4975,-2,-0.005,275,326,buy
558,4968,3,-0.004,273,319,sell
559,4971,-12,-0.006,276,322,buy
560,4958,-16,-0.002,264,309,buy
561,4941,-3,0,248,292,buy
562,4934,-3,0.001,245,285,buy
563,4926,6,0.002,242,277,sell
564,4936,-13,-0.001,248,287,buy
565,4918,-10,0.003,235,269,buy
566,4905,-3,0.005,225,256,buy
567,4897,-13,0.006,222,248,buy
568,4875,4,0.009,209,226,sell
569,4879,-4,0.005,213,230,buy
570,4875,3,0.009,209,226,sell
571,4878,-8,0.006,212,229,buy
572,4864,5,0.012,204,215,sell
573,4869,-3,0.007,209,220,buy
574,4865,-9,0.011,206,216,buy
575,4848,10,0.015,197,199,sell
576,4860,18,0.007,207,211,sell
577,4878,-12,0.003,225,229,buy
578,4866,26,0.008,213,217,sell
579,4892,2,0.001,239,243,sell
580,4899,-2,0,241,250,buy
581,4894,5,0.002,239,245,sell
582,4899,-20,0,244,250,buy
583,4879,-4,0.005,224,230,buy
584,4875,-10,0.006,220,226,buy
585,4865,-9,0.01,210,216,buy
586,4851,-3,0.014,201,202,buy
587,4848,-19,0.015,198,199,buy
588,4828,8,0.018,179,179,sell
589,4838,-9,0.01,187,189,buy
590,4828,-4,0.018,178,179,buy
591,4820,21,0.019,174,171,sell
592,4842,3,0.007,195,193,sell
593,4850,11,0.005,198,201,sell
594,4866,-12,0.002,209,217,buy
595,4853,16,0.007,197,204,sell
596,4874,26,0.001,213,225,sell
597,4905,2,-0.002,239,256,sell
598,4910,6,-0.003,241,261,sell
599,4919,5,-0.004,247,270,sell
600,4928,12,-0.005,252,279,sell
601,4947,6,-0.01,264,298,sell
602,4956,-6,-0.012,270,307,buy
603,4950,9,-0.006,264,301,sell
604,4965,5,-0.013,273,316,sell
605,4974,-1,-0.015,278,325,buy
606,4973,-2,-0.012,277,324,buy
607,4971,12,-0.01,275,322,sell
608,4986,5,-0.016,287,337,sell
609,4991,4,-0.017,292,342,sell
610,5005,3,-0.019,296,356,sell
611,5008,8,-0.023,299,359,sell
612,5027,-3,-0.028,307,378,buy
613,5024,8,-0.022,304,375,sell
614,5035,4,-0.034,312,386,sell
615,5041,-9,-0.037,316,392,buy
616,5032,-16,-0.023,307,383,buy
617,5014,11,-0.016,291,365,sell
618,5027,19,-0.028,302,378,sell
619,5046,-6,-0.039,321,397,buy
620,5040,-4,-0.027,315,391,buy
621,5036,9,-0.025,311,387,sell
622,5046,-4,-0.039,320,397,buy
623,5042,-1,-0.028,316,393,buy
624,5040,-7,-0.027,315,391,buy
625,5024,5,-0.022,308,375,sell
626,5030,-7,-0.03,313,381,buy
627,5023,1,-0.021,306,374,sell
628,5025,2,-0.028,307,376,sell
629,5027,-4,-0.029,309,378,buy
630,5023,-13,-0.023,305,374,buy
631,5006,19,-0.016,292,357,sell
632,5028,-6,-0.033,311,379,buy
633,5020,8,-0.022,305,371,sell
634,5028,-14,-0.033,313,379,buy
635,5013,-8,-0.017,299,364,buy
636,5004,-10,-0.015,291,355,buy
637,4989,-1,-0.013,281,340,buy
638,4981,1,-0.011,280,332,sell
639,4982,7,-0.013,281,333,sell
640,4989,1,-0.017,288,340,sell
641,4991,-2,-0.019,289,342,buy
642,4988,10,-0.014,287,339,sell
643,4998,-1,-0.023,297,349,buy
644,4997,-4,-0.017,296,348,buy
645,4993,-12,-0.015,292,344,buy
646,4981,-5,-0.011,280,332,buy
647,4972,3,-0.01,275,323,sell
648,4975,17,-0.015,278,326,sell
649,4995,8,-0.024,295,346,sell
650,5009,-10,-0.028,303,360,buy
651,4996,-5,-0.016,293,347,buy
652,4988,-14,-0.014,288,339,buy
653,4973,17,-0.011,274,324,sell
654,4990,7,-0.023,291,341,sell
655,4998,-16,-0.027,298,349,buy
656,4981,-16,-0.013,282,332,buy
657,4963,-6,-0.007,266,314,buy
658,4948,-6,-0.004,260,299,buy
659,4939,-8,-0.002,254,290,buy
660,4921,-4,-0.001,246,272,buy
661,4917,-6,0,242,268,buy
662,4910,-4,0.001,236,261,buy
663,4890,-6,0.002,232,241,buy
664,4882,7,0.004,226,233,sell
665,4891,5,0.001,233,242,sell
666,4897,-4,0,238,248,buy
667,4892,2,0.002,234,243,sell
668,4897,3,0,236,248,sell
669,4902,1,-0.001,239,253,sell
670,4908,-10,-0.002,240,259,buy
671,4898,-22,0.001,230,249,buy
672,4868,3,0.005,208,219,sell
673,4872,13,0.003,211,223,sell
674,4888,-9,0,224,239,buy
675,4879,-8,0.003,215,230,buy
676,4868,-6,0.005,207,219,buy
677,4859,12,0.008,201,210,sell
678,4871,-2,0.003,213,222,buy
679,4869,-10,0.004,211,220,buy
680,4859,-3,0.008,201,210,buy
681,4856,-3,0.009,198,207,buy
682,4847,8,0.011,195,198,sell
683,4856,-8,0.005,203,207,buy
684,4847,-15,0.011,195,198,buy
685,4831,20,0.014,180,182,sell
686,4851,8,0.004,200,202,sell
687,4861,1,0.002,208,212,sell
688,4868,-6,0.001,209,219,buy
689,4859,9,0.004,203,210,sell
690,4868,-19,0.001,212,219,buy
691,4848,7,0.007,193,199,sell
692,4857,-12,0.003,200,208,buy
693,4845,-1,0.009,188,196,buy
694,4842,-6,0.01,187,193,buy
695,4835,-13,0.012,181,186,buy
696,4818,13,0.017,168,169,sell
697,4832,-7,0.007,181,183,buy
698,4824,-3,0.014,174,175,buy
699,4820,-23,0.015,171,171,buy
700,4795,-15,0.021,148,146,buy
701,4777,-17,0.024,133,128,buy
702,4752,4,0.027,116,103,sell
703,4756,-21,0.019,120,107,buy
704,4735,-3,0.029,99,86,buy
705,4729,2,0.03,96,80,sell
706,4731,-5,0.024,98,82,buy
707,4719,-13,0.032,93,70,buy
708,4699,8,0.035,80,50,sell
709,4708,18,0.024,88,59,sell
710,4728,20,0.015,106,79,sell
711,4750,2,0.009,126,101,sell
712,4755,5,0.008,128,106,sell
713,4768,15,0.006,133,119,sell
714,4787,3,0.003,148,138,sell
715,4790,-21,0.002,151,141,buy
716,4768,7,0.011,130,119,sell
717,4777,-13,0.005,137,128,buy
718,4760,12,0.014,124,111,sell
719,4772,7,0.006,136,123,sell
720,4780,13,0.004,143,131,sell
721,4798,26,0.001,156,149,sell
722,4828,-2,-0.002,182,179,buy
723,4823,-10,0,180,174,buy
724,4812,-5,0.002,170,163,buy
725,4802,-4,0.004,165,153,buy
726,4797,-9,0.005,161,148,buy
727,4785,-7,0.008,152,136,buy
728,4776,11,0.01,145,127,sell
729,4788,5,0.004,156,139,sell
730,4795,-10,0.002,161,146,buy
731,4782,-7,0.007,151,133,buy
732,4775,-22,0.011,144,126,buy
733,4753,15,0.016,122,104,sell
734,4772,3,0.005,137,123,sell
735,4780,-7,0.004,140,131,buy
736,4773,18,0.008,133,124,sell
737,4797,13,0.001,151,148,sell
738,4817,-8,-0.001,164,168,buy
739,4807,7,0.002,156,158,sell
740,4817,-3,-0.001,163,168,buy
741,4811,7,0.001,160,162,sell
742,4828,3,-0.002,167,179,sell
743,4844,-5,-0.003,170,195,buy
744,4839,-15,-0.001,165,190,buy
745,4823,-14,0.002,150,174,buy
746,4808,19,0.005,136,159,sell
747,4828,-6,0,155,179,buy
748,4819,-10,0.003,149,170,buy
749,4808,16,0.005,139,159,sell
750,4828,-3,0,155,179,buy
751,4823,-8,0.002,152,174,buy
752,4813,13,0.004,144,164,sell
753,4828,-13,0,157,179,buy
754,4813,-6,0.004,144,164,buy
755,4806,21,0.006,138,157,sell
756,4830,-9,0,159,181,buy
757,4821,-10,0.003,150,172,buy
758,4810,12,0.005,140,161,sell
759,4823,7,0.001,152,174,sell
760,4830,-7,0,159,181,buy
761,4821,19,0.003,152,172,sell
762,4841,-23,-0.002,171,192,buy
763,4815,22,0.004,148,166,sell
764,4841,6,-0.002,170,192,sell
765,4849,-8,-0.005,176,200,buy
766,4840,11,-0.002,168,191,sell
767,4857,1,-0.006,179,208,sell
768,4863,-8,-0.007,180,214,buy
769,4854,-26,-0.003,172,205,buy
770,4822,5,0.002,146,173,sell
771,4827,13,0,151,178,sell
772,4843,26,-0.003,164,194,sell
773,4869,-7,-0.009,190,220,buy
774,4862,-18,-0.004,183,213,buy
775,4842,5,0,165,193,sell
776,4847,-8,-0.002,170,198,buy
777,4834,-6,0.001,162,185,buy
778,4825,3,0.002,156,176,sell
779,4830,-3,0,159,181,buy
780,4825,3,0.002,156,176,sell
781,4830,-17,0,159,181,buy
782,4808,11,0.005,142,159,sell
783,4821,-1,0.001,153,172,buy
784,4820,4,0.002,152,171,sell
785,4828,-1,0,156,179,buy
786,4827,-4,0.001,155,178,buy
787,4823,-1,0.002,151,174,buy
788,4819,6,0.003,150,170,sell
789,4828,-7,0,156,179,buy
790,4819,-13,0.003,149,170,buy
791,4805,-2,0.006,136,156,buy
792,4800,4,0.007,134,151,sell
793,4805,2,0.004,138,156,sell
794,4809,11,0.003,140,160,sell
795,4820,23,0.001,151,171,sell
796,4844,-7,-0.003,174,195,buy
797,4834,-3,0,167,185,buy
798,4829,-2,0.001,164,180,buy
799,4823,-11,0.002,162,174,buy
800,4808,-9,0.005,151,159,buy
801,4792,13,0.008,142,143,sell
802,4808,20,0.002,155,159,sell
803,4829,-20,-0.001,175,180,buy
804,4809,13,0.004,155,160,sell
805,4824,13,0,168,175,sell
806,4843,-8,-0.003,181,194,buy
807,4833,-16,0,173,184,buy
808,4814,-4,0.004,157,165,buy
809,4807,-6,0.005,153,158,buy
810,4799,2,0.007,147,150,sell
811,4801,7,0.005,149,152,sell
812,4808,2,0.003,156,159,sell
813,4812,9,0.002,158,163,sell
814,4826,-5,0,167,177,buy
815,4821,-6,0.002,162,172,buy
816,4811,11,0.004,156,162,sell
817,4826,-1,0,167,177,buy
818,4825,8,0.001,166,176,sell
819,4833,-11,-0.001,174,184,buy
820,4819,14,0.003,163,170,sell
821,4833,8,-0.001,177,184,sell
822,4843,18,-0.003,185,194,sell
823,4862,-14,-0.007,203,213,buy
824,4848,4,-0.002,189,199,sell
825,4852,-10,-0.004,193,203,buy
826,4842,5,-0.001,183,193,sell
827,4847,2,-0.003,188,198,sell
828,4850,-11,-0.004,190,201,buy
829,4837,8,0,179,188,sell
830,4847,-9,-0.003,187,198,buy
831,4837,6,0,178,188,sell
832,4847,-16,-0.003,184,198,buy
833,4828,13,0.001,168,179,sell
834,4843,-17,-0.003,181,194,buy
835,4821,5,0.002,164,172,sell
836,4826,9,0,169,177,sell
837,4837,21,-0.002,178,188,sell
838,4859,-4,-0.006,199,210,buy
839,4853,7,-0.003,195,204,sell
840,4862,3,-0.007,202,213,sell
841,4869,-6,-0.009,205,220,buy
842,4862,-6,-0.004,199,213,buy
843,4854,1,-0.002,193,205,sell
844,4855,-19,-0.003,194,206,buy
845,4834,-2,0.001,175,185,buy
846,4825,-6,0.002,173,176,buy
847,4818,-5,0.004,167,169,buy
848,4808,8,0.005,162,159,sell
849,4816,-3,0.002,170,167,buy
850,4811,6,0.004,167,162,sell
851,4821,-3,0.001,173,172,buy
852,4817,4,0.003,170,168,sell
853,4821,1,0.001,174,172,sell
854,4828,2,0,175,179,sell
855,4835,-3,-0.001,177,186,buy
856,4829,8,0.001,174,180,sell
857,4839,1,-0.002,182,190,sell
858,4844,-15,-0.003,183,195,buy
859,4829,-2,0.001,168,180,buy
860,4823,-7,0.002,166,174,buy
861,4815,-16,0.004,159,166,buy
862,4792,26,0.008,143,143,sell
863,4823,16,0,169,174,sell
864,4843,-1,-0.003,185,194,buy
865,4842,2,-0.002,184,193,sell
866,4849,-14,-0.004,186,200,buy
867,4829,3,0.001,172,180,sell
868,4835,-29,-0.001,175,186,buy
869,4805,-3,0.006,146,156,buy
870,4797,-16,0.007,143,148,buy
871,4779,-6,0.011,127,130,buy
872,4768,12,0.014,121,119,sell
873,4780,-16,0.006,133,131,buy
874,4764,8,0.016,117,115,sell
875,4772,15,0.009,125,123,sell
876,4791,-6,0.004,140,142,buy
877,4784,12,0.008,134,135,sell
878,4800,-6,0.002,146,151,buy
879,4792,-24,0.005,140,143,buy
880,4767,-5,0.015,116,118,buy
881,4754,6,0.017,111,105,sell
882,4761,-12,0.01,117,112,buy
883,4740,12,0.02,105,91,sell
884,4757,3,0.009,117,108,sell
885,4762,-11,0.007,120,113,buy
886,4750,7,0.015,109,101,sell
887,4759,-1,0.009,116,110,buy
888,4758,6,0.012,115,109,sell
889,4768,3,0.006,121,119,sell
890,4771,-4,0.005,124,122,buy
891,4767,1,0.009,120,118,sell
892,4768,8,0.007,121,119,sell
893,4778,9,0.004,129,129,sell
894,4791,-14,0.002,138,142,buy
895,4775,6,0.008,124,126,sell
896,4782,-7,0.004,130,133,buy
897,4775,17,0.008,123,126,sell
898,4799,-12,0.001,140,150,buy
899,4786,1,0.005,128,137,sell
900,4790,14,0.003,129,141,sell
901,4811,5,0,143,162,sell
902,4819,-1,-0.001,148,170,buy
903,4817,5,0,147,168,sell
904,4830,9,-0.002,152,181,sell
905,4841,2,-0.003,161,192,sell
906,4844,1,-0.004,163,195,sell
907,4851,-4,-0.005,164,202,buy
908,4847,17,-0.003,160,198,sell
909,4869,17,-0.009,177,220,sell
910,4890,-11,-0.012,194,241,buy
911,4876,10,-0.004,183,227,sell
912,4887,-18,-0.01,193,238,buy
913,4866,10,-0.002,175,217,sell
914,4877,4,-0.006,185,228,sell
915,4881,14,-0.009,189,232,sell
916,4910,5,-0.015,203,261,sell
917,4924,-13,-0.018,208,275,buy
918,4910,6,-0.009,195,261,sell
919,4918,-18,-0.015,201,269,buy
920,4900,-16,-0.006,183,251,buy
921,4883,-16,-0.002,167,234,buy
922,4861,6,0,151,212,sell
923,4871,9,-0.003,157,222,sell
924,4881,-8,-0.005,166,232,buy
925,4872,15,-0.002,158,223,sell
926,4888,-1,-0.009,173,239,buy
927,4887,6,-0.006,172,238,sell
928,4894,17,-0.01,178,245,sell
929,4911,-6,-0.015,195,262,buy
930,4903,7,-0.009,189,254,sell
931,4911,-3,-0.015,196,262,buy
932,4908,14,-0.01,193,259,sell
933,4924,2,-0.018,207,275,sell
934,4926,3,-0.021,209,277,sell
935,4936,16,-0.024,212,287,sell
936,4956,-6,-0.036,228,307,buy
937,4949,-12,-0.024,222,300,buy
938,4937,-24,-0.017,210,288,buy
939,4907,23,-0.011,186,258,sell
940,4930,6,-0.025,209,281,sell
941,4943,15,-0.028,215,294,sell
942,4959,-7,-0.035,230,310,buy
943,4952,-8,-0.023,223,303,buy
944,4942,3,-0.018,215,293,sell
945,4945,15,-0.025,218,296,sell
946,4969,-7,-0.039,233,320,buy
947,4961,2,-0.026,226,312,sell
948,4963,-15,-0.034,228,314,buy
949,4947,15,-0.022,213,298,sell
950,4962,-12,-0.038,228,313,buy
951,4947,-11,-0.022,216,298,buy
952,4929,-6,-0.016,205,280,buy
953,4922,-6,-0.014,199,273,buy
954,4912,7,-0.013,193,263,sell
955,4919,5,-0.021,200,270,sell
956,4924,6,-0.024,205,275,sell
957,4934,-15,-0.028,211,285,buy
958,4913,-6,-0.014,196,264,buy
959,4904,-9,-0.011,190,255,buy
960,4895,-13,-0.01,181,246,buy
961,4882,-2,-0.006,168,233,buy
962,4871,-1,-0.004,166,222,buy
963,4868,3,-0.003,165,219,sell
964,4872,-5,-0.005,168,223,buy
965,4862,9,-0.002,163,213,sell
966,4871,7,-0.005,172,222,sell
967,4882,-1,-0.01,179,233,buy
968,4881,-20,-0.008,178,232,buy
969,4844,-6,-0.001,158,195,buy
970,4833,1,0.001,152,184,sell
971,4834,24,0,153,185,sell
972,4861,-1,-0.005,177,212,buy
973,4860,-11,-0.004,176,211,buy
974,4847,-3,-0.001,165,198,buy
975,4841,-5,0,162,192,buy
976,4833,2,0.001,157,184,sell
977,4839,11,-0.001,159,190,sell
978,4853,20,-0.004,170,204,sell
979,4876,-7,-0.01,190,227,buy
980,4865,2,-0.004,183,216,sell
981,4868,4,-0.006,185,219,sell
982,4872,-9,-0.009,189,223,buy
983,4861,10,-0.003,180,212,sell
984,4873,-24,-0.009,190,224,buy
985,4843,9,0,166,194,sell
986,4853,12,-0.003,175,204,sell
987,4866,9,-0.006,187,217,sell
988,4876,-2,-0.01,196,227,buy
989,4873,-15,-0.006,194,224,buy
990,4856,8,-0.002,179,207,sell
991,4865,5,-0.005,187,216,sell
992,4870,8,-0.007,192,221,sell
993,4880,3,-0.012,200,231,sell
994,4885,-5,-0.013,203,236,buy
995,4880,5,-0.008,198,231,sell
996,4885,-5,-0.013,203,236,buy
997,4880,-13,-0.008,198,231,buy
998,4865,9,-0.003,185,216,sell
999,4874,-21,-0.007,194,225,buy
1000,4850,-6,-0.001,173,201,buy
1001,4844,16,0,167,195,sell
1002,4864,15,-0.005,183,215,sell
1003,4880,13,-0.011,198,231,sell
1004,4896,16,-0.016,211,247,sell
1005,4916,-3,-0.022,227,267,buy
1006,4912,-7,-0.016,224,263,buy
1007,4901,-17,-0.011,217,252,buy
1008,4884,7,-0.005,200,235,sell
1009,4891,-3,-0.011,207,242,buy
1010,4887,-2,-0.006,204,238,buy
1011,4884,1,-0.005,202,235,sell
1012,4885,-18,-0.007,203,236,buy
1013,4865,-9,-0.002,185,216,buy
1014,4854,18,-0.001,176,205,sell
1015,4874,-2,-0.007,194,225,buy
1016,4869,12,-0.004,192,220,sell
1017,4881,11,-0.011,204,232,sell
1018,4897,7,-0.015,215,248,sell
1019,4909,12,-0.018,222,260,sell
1020,4923,15,-0.023,234,274,sell
1021,4942,6,-0.028,249,293,sell
1022,4950,-6,-0.034,255,301,buy
1023,4944,20,-0.023,249,295,sell
1024,4966,-1,-0.038,269,317,buy
1025,4964,-8,-0.032,268,315,buy
1026,4956,3,-0.024,260,307,sell
1027,4959,-9,-0.03,263,310,buy
1028,4946,-4,-0.021,254,297,buy
1029,4939,-13,-0.018,250,290,buy
1030,4921,-3,-0.014,237,272,buy
1031,4913,-12,-0.012,234,264,buy
1032,4895,-2,-0.009,222,246,buy
1033,4893,-13,-0.008,220,244,buy
1034,4869,14,-0.003,207,220,sell
1035,4884,9,-0.01,221,235,sell
1036,4893,3,-0.014,230,244,sell
1037,4902,-6,-0.017,233,253,buy
1038,4896,-22,-0.012,227,247,buy
1039,4869,10,-0.003,205,220,sell
1040,4881,-4,-0.009,215,232,buy
1041,4874,-9,-0.004,211,225,buy
1042,4863,-7,-0.002,202,214,buy
1043,4855,6,-0.001,195,206,sell
1044,4863,-14,-0.004,201,214,buy
1045,4839,3,0,187,190,sell
1046,4844,9,-0.002,190,195,sell
1047,4859,-16,-0.005,199,210,buy
1048,4839,2,0,183,190,sell
1049,4841,-6,-0.001,185,192,buy
1050,4833,1,0.001,179,184,sell
1051,4834,-10,0,180,185,buy
1052,4813,9,0.002,170,164,sell
1053,4823,6,-0.001,179,174,sell
1054,4829,-2,-0.002,185,180,buy
1055,4824,4,0,183,175,sell
1056,4829,-18,-0.002,187,180,buy
1057,4805,8,0.004,169,156,sell
1058,4814,-1,0.001,177,165,buy
1059,4813,1,0.002,176,164,sell
1060,4814,15,0.001,177,165,sell
1061,4831,-21,-0.002,192,182,buy
1062,4805,8,0.004,171,156,sell
1063,4814,-8,0.001,179,165,buy
1064,4805,-8,0.004,171,156,buy
1065,4791,-7,0.005,163,142,buy
1066,4782,-8,0.008,156,133,buy
1067,4770,-4,0.011,148,121,buy
1068,4754,12,0.014,144,105,sell
1069,4766,7,0.006,156,117,sell
1070,4774,-7,0.004,163,125,buy
1071,4767,-1,0.008,156,118,buy
1072,4766,-6,0.009,155,117,buy
1073,4760,-8,0.011,149,111,buy
1074,4741,-6,0.017,141,92,buy
1075,4728,-4,0.02,135,79,buy
1076,4718,10,0.023,131,69,sell
1077,4728,-8,0.012,141,79,buy
1078,4720,-2,0.021,133,71,buy
1079,4718,-11,0.023,131,69,buy
1080,4703,4,0.029,120,54,sell
1081,4707,1,0.02,124,58,sell
1082,4708,11,0.019,125,59,sell
1083,4721,-8,0.015,136,72,buy
1084,4711,-7,0.026,128,62,buy
1085,4703,14,0.029,121,54,sell
1086,4717,-10,0.016,135,68,buy
1087,4704,-2,0.027,125,55,buy
1088,4699,-16,0.035,123,50,buy
1089,4678,-7,0.038,107,29,buy
1090,4669,2,0.04,100,20,sell
1091,4672,-4,0.028,102,23,buy
1092,4668,9,0.039,98,19,sell
1093,4677,8,0.026,107,28,sell
1094,4687,6,0.023,115,38,sell
1095,4696,-12,0.019,121,47,buy
1096,4682,-12,0.035,109,33,buy
1097,4666,9,0.039,97,17,sell
1098,4676,-1,0.025,106,27,buy
1099,4675,-1,0.029,105,26,buy
1100,4674,-7,0.031,104,25,buy
1101,4666,19,0.039,97,17,sell
1102,4685,-15,0.02,116,36,buy
1103,4668,24,0.037,101,19,sell
1104,4696,18,0.019,125,47,sell
1105,4718,-1,0.014,143,69,buy
1106,4717,5,0.017,142,68,sell
1107,4722,21,0.013,147,73,sell
1108,4744,4,0.007,168,95,sell
1109,4752,7,0.005,172,103,sell
1110,4763,-16,0.003,179,114,buy
1111,4744,9,0.011,163,95,sell
1112,4753,-4,0.005,172,104,buy
1113,4749,-17,0.009,168,100,buy
1114,4728,2,0.017,151,79,sell
1115,4730,-1,0.013,153,81,buy
1116,4729,-14,0.015,152,80,buy
1117,4713,11,0.021,138,64,sell
1118,4728,2,0.01,149,79,sell
1119,4734,2,0.009,151,85,sell
1120,4741,5,0.007,153,92,sell
1121,4746,-9,0.005,158,97,buy
1122,4737,8,0.011,149,88,sell
1123,4746,-5,0.005,157,97,buy
1124,4741,9,0.01,152,92,sell
1125,4757,-5,0.004,161,108,buy
1126,4752,-12,0.007,156,103,buy
1127,4739,-8,0.012,144,90,buy
1128,4731,-2,0.015,136,82,buy
1129,4728,-19,0.017,134,79,buy
1130,4709,15,0.024,115,60,sell
1131,4725,-6,0.01,130,76,buy
1132,4719,-10,0.016,124,70,buy
1133,4709,21,0.024,114,60,sell
1134,4732,-4,0.008,135,83,buy
1135,4726,-7,0.014,131,77,buy
1136,4719,7,0.018,124,70,sell
1137,4729,-1,0.01,131,80,buy
1138,4728,-4,0.012,130,79,buy
1139,4724,10,0.015,126,75,sell
1140,4740,-4,0.007,136,91,buy
1141,4736,-11,0.011,132,87,buy
1142,4721,4,0.018,121,72,sell
1143,4725,9,0.013,125,76,sell
1144,4734,-11,0.008,134,85,buy
1145,4721,-12,0.018,123,72,buy
1146,4709,11,0.024,111,60,sell
1147,4721,4,0.013,122,72,sell
1148,4725,-25,0.01,126,76,buy
1149,4698,6,0.026,101,49,sell
1150,4706,-9,0.016,107,57,buy
1151,4691,-18,0.027,98,42,buy
1152,4663,-9,0.038,80,14,buy
1153,4654,-2,0.041,71,5,buy
1154,4647,-5,0.042,69,-2,buy
1155,4637,1,0.044,64,-12,sell
1156,4639,-1,0.034,65,-10,buy
1157,4638,5,0.043,64,-11,sell
1158,4643,-6,0.032,69,-6,buy
1159,4637,24,0.044,63,-12,sell
1160,4662,2,0.021,87,13,sell
1161,4665,14,0.02,89,16,sell
1162,4679,11,0.018,103,30,sell
1163,4690,-9,0.015,114,41,buy
1164,4680,10,0.026,105,31,sell
1165,4690,-7,0.015,115,41,buy
1166,4683,-15,0.025,108,34,buy
1167,4661,-9,0.035,93,12,buy
1168,4647,15,0.038,84,-2,sell
1169,4663,-2,0.021,99,14,buy
1170,4661,-6,0.027,97,12,buy
1171,4653,9,0.035,91,4,sell
1172,4662,-6,0.024,100,13,buy
1173,4653,6,0.035,94,4,sell
1174,4662,6,0.024,100,13,sell
1175,4671,-7,0.019,106,22,buy
1176,4664,-13,0.03,99,15,buy
1177,4650,-3,0.036,86,1,buy
1178,4647,-7,0.038,83,-2,buy
1179,4637,2,0.044,76,-12,sell
1180,4639,5,0.034,78,-10,sell
1181,4645,2,0.027,83,-4,sell
1182,4650,-4,0.026,85,1,buy
1183,4646,-5,0.036,81,-3,buy
1184,4638,6,0.043,76,-11,sell
1185,4650,1,0.026,82,1,sell
1186,4659,-7,0.024,83,10,buy
1187,4650,2,0.035,76,1,sell
1188,4652,-17,0.027,78,3,buy
1189,4633,-18,0.045,61,-16,buy
1190,4607,-4,0.05,43,-42,buy
1191,4594,8,0.051,39,-55,sell
1192,4604,-8,0.034,47,-45,buy
1193,4594,13,0.051,39,-55,sell
1194,4609,8,0.031,52,-40,sell
1195,4617,-2,0.026,60,-32,buy
1196,4614,-25,0.035,58,-35,buy
1197,4585,1,0.053,33,-64,sell
1198,4586,5,0.047,34,-63,sell
1199,4592,5,0.034,39,-57,sell
1200,4598,13,0.028,44,-51,sell
1201,4618,28,0.024,57,-31,sell
1202,4656,2,0.015,85,7,sell
1203,4659,-2,0.013,87,10,buy
1204,4657,-12,0.017,85,8,buy
1205,4642,-20,0.025,73,-7,buy
1206,4615,18,0.036,53,-34,sell
1207,4636,4,0.019,71,-13,sell
1208,4644,-11,0.016,75,-5,buy
1209,4631,-4,0.027,64,-18,buy
1210,4627,-10,0.033,60,-22,buy
1211,4615,21,0.036,50,-34,sell
1212,4636,16,0.019,71,-13,sell
1213,4659,18,0.013,87,10,sell
1214,4679,7,0.009,105,30,sell
1215,4693,4,0.006,112,44,sell
1216,4708,-1,0.003,116,59,buy
1217,4706,4,0.004,115,57,sell
1218,4715,5,0.001,119,66,sell
1219,4735,-2,0,124,86,buy
1220,4730,3,0.002,122,81,sell
1221,4735,8,0,125,86,sell
1222,4743,-2,-0.002,133,94,buy
1223,4738,5,0,131,89,sell
1224,4743,9,-0.002,136,94,sell
1225,4760,-3,-0.003,145,111,buy
1226,4755,12,-0.001,142,106,sell
1227,4772,-1,-0.006,154,123,buy
1228,4769,-2,-0.004,153,120,buy
1229,4766,19,-0.003,151,117,sell
1230,4785,4,-0.009,170,136,sell
1231,4800,6,-0.012,174,151,sell
1232,4817,2,-0.015,180,168,sell
1233,4831,-6,-0.018,182,182,buy
1234,4824,-8,-0.012,176,175,buy
1235,4814,13,-0.008,168,165,sell
1236,4829,-17,-0.017,181,180,buy
1237,4807,16,-0.006,164,158,sell
1238,4828,-6,-0.017,180,179,buy
1239,4822,-4,-0.012,174,173,buy
1240,4815,-4,-0.009,170,166,buy
1241,4807,-2,-0.006,166,158,buy
1242,4799,-24,-0.004,164,150,buy
1243,4768,14,0,140,119,sell
1244,4788,-16,-0.005,154,139,buy
1245,4768,4,0,138,119,sell
1246,4773,6,-0.002,142,124,sell
1247,4781,-1,-0.004,148,132,buy
1248,4780,9,-0.003,147,131,sell
1249,4791,1,-0.006,156,142,sell
1250,4793,-1,-0.007,157,144,buy
1251,4792,19,-0.005,156,143,sell
1252,4814,6,-0.014,175,165,sell
1253,4827,-15,-0.017,181,178,buy
1254,4812,-2,-0.008,166,163,buy
1255,4806,19,-0.006,164,157,sell
1256,4827,11,-0.017,183,178,sell
1257,4842,-18,-0.024,194,193,buy
1258,4824,-15,-0.011,176,175,buy
1259,4807,14,-0.007,161,158,sell
1260,4825,5,-0.018,175,176,sell
1261,4830,-9,-0.021,180,181,buy
1262,4819,-13,-0.011,171,170,buy
1263,4800,-14,-0.006,158,151,buy
1264,4784,-10,-0.002,144,135,buy
1265,4767,8,-0.001,134,118,sell
1266,4775,7,-0.004,142,126,sell
1267,4784,3,-0.006,149,135,sell
1268,4787,-10,-0.007,152,138,buy
1269,4773,5,-0.002,142,124,sell
1270,4782,1,-0.005,147,133,sell
1271,4784,-17,-0.006,148,135,buy
1272,4767,2,-0.001,131,118,sell
1273,4772,-9,-0.003,133,123,buy
1274,4758,-3,0,124,109,buy
1275,4753,11,0.001,121,104,sell
1276,4768,7,-0.003,132,119,sell
1277,4781,7,-0.005,139,132,sell
1278,4788,1,-0.009,146,139,sell
1279,4796,-5,-0.01,147,147,buy
1280,4791,-19,-0.005,142,142,buy
1281,4770,5,-0.001,123,121,sell
1282,4775,-17,-0.003,128,126,buy
1283,4753,-11,0.001,111,104,buy
1284,4737,-2,0.002,100,88,buy
1285,4734,6,0.003,98,85,sell
1286,4743,-7,0,104,94,buy
1287,4734,-2,0.003,97,85,buy
1288,4727,-2,0.004,95,78,buy
1289,4713,-17,0.005,93,64,buy
1290,4696,-3,0.01,76,47,buy
1291,4686,-6,0.011,73,37,buy
1292,4668,-6,0.014,67,19,buy
1293,4655,-8,0.017,61,6,buy
1294,4642,7,0.02,53,-7,sell
1295,4650,-3,0.011,60,1,buy
1296,4645,-4,0.017,57,-4,buy
1297,4637,2,0.021,53,-12,sell
1298,4639,-7,0.016,55,-10,buy
1299,4631,-10,0.023,48,-18,buy
1300,4620,9,0.027,38,-29,sell
1301,4633,-2,0.016,47,-16,buy
1302,4631,-2,0.021,45,-18,buy
1303,4629,-1,0.022,43,-20,buy
1304,4628,-10,0.024,42,-21,buy
1305,4610,10,0.029,32,-39,sell
1306,4620,31,0.018,42,-29,sell
1307,4652,-6,0.009,73,3,buy
1308,4643,4,0.015,67,-6,sell
1309,4648,7,0.01,71,-1,sell
1310,4656,-7,0.008,78,7,buy
1311,4648,-13,0.015,71,-1,buy
1312,4635,-5,0.021,58,-14,buy
1313,4622,-8,0.025,53,-27,buy
1314,4613,-2,0.028,45,-36,buy
1315,4610,-7,0.029,43,-39,buy
1316,4597,-5,0.038,36,-52,buy
1317,4590,20,0.041,31,-59,sell
1318,4610,-12,0.02,51,-39,buy
1319,4597,-1,0.036,39,-52,buy
1320,4593,10,0.037,38,-56,sell
1321,4605,-14,0.023,48,-44,buy
1322,4591,5,0.038,34,-58,sell
1323,4597,-3,0.026,39,-52,buy
1324,4594,1,0.035,36,-55,sell
1325,4595,-10,0.028,37,-54,buy
1326,4585,7,0.053,27,-64,sell
1327,4592,15,0.034,34,-57,sell
1328,4608,-11,0.026,49,-41,buy
1329,4596,7,0.043,38,-53,sell
1330,4608,-7,0.026,45,-41,buy
1331,4600,8,0.04,38,-49,sell
1332,4608,26,0.026,46,-41,sell
1333,4640,12,0.018,72,-9,sell
1334,4656,3,0.015,84,7,sell
1335,4659,-2,0.013,87,10,buy
1336,4657,-10,0.017,85,8,buy
1337,4647,-2,0.024,75,-2,buy
1338,4642,15,0.025,73,-7,sell
1339,4659,-13,0.013,88,10,buy
1340,4642,12,0.025,75,-7,sell
1341,4655,9,0.014,87,6,sell
1342,4670,-4,0.012,96,21,buy
1343,4665,15,0.018,92,16,sell
1344,4682,17,0.008,107,33,sell
1345,4708,-1,0.003,124,59,buy
1346,4706,3,0.004,123,57,sell
1347,4715,1,0.001,126,66,sell
1348,4735,-8,0,127,86,buy
1349,4726,-5,0.003,119,77,buy
1350,4720,17,0.004,114,71,sell
1351,4738,5,-0.001,131,89,sell
1352,4743,-6,-0.002,136,94,buy
1353,4733,2,0.001,130,84,sell
1354,4739,10,-0.001,132,90,sell
1355,4760,-11,-0.003,142,111,buy
1356,4745,10,0.001,131,96,sell
1357,4755,11,-0.002,141,106,sell
1358,4772,10,-0.006,152,123,sell
1359,4785,-6,-0.009,162,136,buy
1360,4778,4,-0.004,156,129,sell
1361,4783,-15,-0.007,160,134,buy
1362,4763,6,-0.001,145,114,sell
1363,4771,11,-0.004,151,122,sell
1364,4783,13,-0.007,162,134,sell
1365,4800,5,-0.012,175,151,sell
1366,4817,22,-0.015,180,168,sell
1367,4842,1,-0.024,202,193,sell
1368,4851,-9,-0.03,203,202,buy
1369,4840,-23,-0.018,194,191,buy
1370,4813,11,-0.011,171,164,sell
1371,4824,5,-0.021,182,175,sell
1372,4830,7,-0.023,187,181,sell
1373,4838,3,-0.027,194,189,sell
1374,4849,2,-0.028,197,200,sell
1375,4851,-15,-0.029,199,202,buy
1376,4834,8,-0.015,184,185,sell
1377,4843,-7,-0.025,192,194,buy
1378,4836,1,-0.016,185,187,sell
1379,4838,-4,-0.021,186,189,buy
1380,4834,4,-0.015,182,185,sell
1381,4839,4,-0.023,186,190,sell
1382,4843,8,-0.025,190,194,sell
1383,4851,2,-0.029,198,202,sell
1384,4853,5,-0.033,200,204,sell
1385,4859,9,-0.036,205,210,sell
1386,4873,9,-0.039,214,224,sell
1387,4891,2,-0.042,223,242,sell
1388,4898,8,-0.043,225,249,sell
1389,4913,-7,-0.045,233,264,buy
1390,4906,9,-0.031,226,257,sell
1391,4917,-9,-0.047,235,268,buy
1392,4900,-8,-0.027,226,251,buy
1393,4891,13,-0.022,218,242,sell
1394,4904,4,-0.036,231,255,sell
1395,4913,-22,-0.039,235,264,buy
1396,4891,-8,-0.022,213,242,buy
1397,4883,-3,-0.021,205,234,buy
1398,4876,1,-0.018,202,227,sell
1399,4878,22,-0.024,203,229,sell
1400,4903,-6,-0.038,225,254,buy
1401,4894,21,-0.026,219,245,sell
1402,4917,-4,-0.044,240,268,buy
1403,4912,4,-0.03,236,263,sell
1404,4917,3,-0.044,240,268,sell
1405,4932,18,-0.048,243,283,sell
1406,4958,11,-0.053,261,309,sell
1407,4969,-1,-0.054,272,320,buy
1408,4968,4,-0.041,271,319,sell
1409,4973,-17,-0.053,275,324,buy
1410,4952,-3,-0.034,258,303,buy
1411,4947,-2,-0.031,255,298,buy
1412,4944,6,-0.028,253,295,sell
1413,4950,-5,-0.042,259,301,buy
1414,4944,-15,-0.028,254,295,buy
1415,4923,12,-0.022,239,274,sell
1416,4936,11,-0.036,251,287,sell
1417,4951,11,-0.042,262,302,sell
1418,4962,22,-0.053,273,313,sell
1419,4987,17,-0.057,295,338,sell
1420,5007,-26,-0.06,312,358,buy
1421,4978,-7,-0.031,286,329,buy
1422,4970,5,-0.027,279,321,sell
1423,4975,-2,-0.038,284,326,buy
1424,4973,3,-0.032,282,324,sell
1425,4976,-3,-0.039,285,327,buy
1426,4972,-16,-0.028,282,323,buy
1427,4955,-4,-0.022,266,306,buy
1428,4938,-5,-0.016,262,289,buy
1429,4932,5,-0.014,257,283,sell
1430,4938,-19,-0.022,262,289,buy
1431,4916,4,-0.013,243,267,sell
1432,4920,10,-0.018,247,271,sell
1433,4931,-4,-0.025,257,282,buy
1434,4926,-10,-0.017,253,277,buy
1435,4916,-11,-0.013,243,267,buy
1436,4898,-4,-0.01,232,249,buy
1437,4893,-12,-0.007,228,244,buy
1438,4879,-4,-0.004,216,230,buy
1439,4857,-6,-0.001,212,208,buy
1440,4848,1,0.001,206,199,sell
1441,4849,4,0,207,200,sell
1442,4854,-13,-0.001,211,205,buy
1443,4826,-4,0.002,198,177,buy
1444,4822,-2,0.004,194,173,buy
1445,4806,8,0.005,192,157,sell
1446,4814,-9,0.002,200,165,buy
1447,4803,14,0.008,191,154,sell
1448,4819,-3,0.002,205,170,buy
1449,4814,16,0.004,202,165,sell
1450,4834,13,0,218,185,sell
1451,4854,-5,-0.003,231,205,buy
1452,4849,8,-0.001,226,200,sell
1453,4860,11,-0.004,234,211,sell
1454,4873,-18,-0.007,245,224,buy
1455,4853,3,-0.001,227,204,sell
1456,4858,5,-0.003,230,209,sell
1457,4867,-11,-0.005,235,218,buy
1458,4853,-14,-0.001,224,204,buy
1459,4839,-4,0.001,210,190,buy
1460,4832,-13,0.002,206,183,buy
1461,4815,-4,0.005,193,166,buy
1462,4806,6,0.007,189,157,sell
1463,4815,4,0.003,195,166,sell
1464,4819,-2,0.002,199,170,buy
1465,4814,1,0.004,197,165,sell
1466,4816,-3,0.003,198,167,buy
1467,4811,5,0.005,195,162,sell
1468,4819,-12,0.002,200,170,buy
1469,4806,-1,0.007,188,157,buy
1470,4803,10,0.008,187,154,sell
1471,4815,-4,0.003,197,166,buy
1472,4811,-11,0.005,193,162,buy
1473,4795,14,0.011,182,146,sell
1474,4809,5,0.004,196,160,sell
1475,4814,-5,0.003,201,165,buy
1476,4809,3,0.006,196,160,sell
1477,4814,-4,0.003,199,165,buy
1478,4810,10,0.005,195,161,sell
1479,4824,2,0.001,205,175,sell
1480,4834,5,0,207,185,sell
1481,4842,7,-0.001,212,193,sell
1482,4857,4,-0.003,219,208,sell
1483,4861,22,-0.004,223,212,sell
1484,4885,14,-0.009,245,236,sell
1485,4904,-3,-0.012,259,255,buy
1486,4898,-10,-0.006,256,249,buy
1487,4885,10,-0.003,246,236,sell
1488,4897,12,-0.009,256,248,sell
1489,4920,8,-0.015,268,271,sell
1490,4934,2,-0.018,276,285,sell
1491,4936,-9,-0.019,278,287,buy
1492,4926,-9,-0.011,269,277,buy
1493,4914,-12,-0.008,260,265,buy
1494,4902,-8,-0.004,248,253,buy
1495,4889,-10,-0.002,240,240,buy
1496,4878,11,-0.001,230,229,sell
1497,4892,-7,-0.005,241,243,buy
1498,4883,4,-0.002,234,234,sell
1499,4887,14,-0.004,238,238,sell
1500,4904,5,-0.01,252,255,sell
1501,4911,-7,-0.012,257,262,buy
1502,4904,-5,-0.005,250,255,buy
1503,4897,8,-0.004,245,248,sell
1504,4908,-1,-0.01,253,259,buy
1505,4907,15,-0.008,252,258,sell
1506,4922,-5,-0.016,267,273,buy
1507,4917,-14,-0.01,262,268,buy
1508,4900,-7,-0.004,248,251,buy
1509,4887,4,-0.002,241,238,sell
1510,4891,-15,-0.004,245,242,buy
1511,4871,-7,0,230,222,buy
1512,4859,10,0.001,223,210,sell
1513,4869,11,-0.002,233,220,sell
1514,4887,10,-0.005,244,238,sell
1515,4902,6,-0.01,254,253,sell
1516,4911,22,-0.013,260,262,sell
1517,4936,-8,-0.019,282,287,buy
1518,4926,1,-0.011,274,277,sell
1519,4927,-6,-0.013,275,278,buy
1520,4919,-10,-0.009,269,270,buy
1521,4907,3,-0.005,259,258,sell
1522,4912,1,-0.01,262,263,sell
1523,4914,11,-0.011,263,265,sell
1524,4929,-2,-0.017,274,280,buy
1525,4927,1,-0.014,272,278,sell
1526,4928,12,-0.016,273,279,sell
1527,4940,10,-0.021,285,291,sell
1528,4951,13,-0.024,295,302,sell
1529,4967,6,-0.03,308,318,sell
1530,4978,3,-0.036,314,329,sell
1531,4994,-1,-0.039,317,345,buy
1532,4993,2,-0.031,316,344,sell
1533,4998,-14,-0.042,318,349,buy
1534,4983,18,-0.025,304,334,sell
1535,5006,11,-0.045,322,357,sell
1536,5025,-20,-0.063,333,376,buy
1537,5005,-17,-0.037,313,356,buy
1538,4988,-12,-0.028,296,339,buy
1539,4976,1,-0.025,284,327,sell
1540,4977,-5,-0.033,285,328,buy
1541,4969,-17,-0.022,280,320,buy
1542,4951,-7,-0.016,263,302,buy
1543,4930,-14,-0.013,256,281,buy
1544,4914,-3,-0.01,242,265,buy
1545,4908,-3,-0.007,239,259,buy
1546,4903,7,-0.006,236,254,sell
1547,4910,-3,-0.013,243,261,buy
1548,4907,-10,-0.009,240,258,buy
1549,4894,-6,-0.004,230,245,buy
1550,4872,-3,-0.001,224,223,buy
1551,4869,4,6.94E-18,221,220,sell
1552,4874,2,-0.002,225,225,sell
1553,4879,-1,-0.003,227,230,buy
1554,4878,5,-0.002,226,229,sell
1555,4889,-4,-0.005,231,240,buy
1556,4885,2,-0.003,227,236,sell
1557,4889,-10,-0.005,229,240,buy
1558,4875,4,-0.001,219,226,sell
1559,4880,12,-0.003,223,231,sell
1560,4892,8,-0.006,235,243,sell
1561,4902,-7,-0.01,243,253,buy
1562,4891,8,-0.004,236,242,sell
1563,4902,9,-0.01,244,253,sell
1564,4915,-3,-0.014,253,266,buy
1565,4910,10,-0.009,250,261,sell
1566,4920,20,-0.016,260,271,sell
1567,4940,-24,-0.022,280,291,buy
1568,4915,-2,-0.008,256,266,buy
1569,4911,3,-0.006,254,262,sell
1570,4914,3,-0.01,257,265,sell
1571,4917,2,-0.012,260,268,sell
1572,4921,5,-0.014,262,272,sell
1573,4932,11,-0.017,267,283,sell
1574,4952,-11,-0.023,278,303,buy
1575,4940,17,-0.012,267,291,sell
1576,4964,-5,-0.028,284,315,buy
1577,4959,-17,-0.018,279,310,buy
1578,4942,-8,-0.013,262,293,buy
1579,4928,-10,-0.011,254,279,buy
1580,4918,11,-0.008,244,269,sell
1581,4930,7,-0.016,255,281,sell
1582,4940,8,-0.019,262,291,sell
1583,4952,4,-0.025,270,303,sell
1584,4964,8,-0.028,274,315,sell
1585,4975,15,-0.032,282,326,sell
1586,4996,23,-0.038,297,347,sell
1587,5025,2,-0.053,320,376,sell
1588,5029,-3,-0.059,322,380,buy
1589,5024,2,-0.042,319,375,sell
1590,5026,9,-0.053,321,377,sell
1591,5042,-10,-0.066,330,393,buy
1592,5027,-3,-0.04,320,378,buy
1593,5016,6,-0.037,317,367,sell
1594,5026,-5,-0.054,323,377,buy
1595,5021,-17,-0.04,318,372,buy
1596,5004,-4,-0.031,301,355,buy
1597,5000,-2,-0.028,297,351,buy
1598,4994,-4,-0.027,295,345,buy
1599,4990,12,-0.025,291,341,sell
1600,5005,-16,-0.042,303,356,buy
1601,4983,5,-0.022,287,334,sell
1602,4989,-15,-0.03,292,340,buy
1603,4966,-14,-0.016,277,317,buy
1604,4946,19,-0.013,263,297,sell
1605,4968,3,-0.028,282,319,sell
1606,4974,-3,-0.03,285,325,buy
1607,4971,-15,-0.024,282,322,buy
1608,4956,-5,-0.016,267,307,buy
1609,4951,7,-0.014,262,302,sell
1610,4959,-7,-0.024,269,310,buy
1611,4952,-17,-0.015,262,303,buy
1612,4930,3,-0.01,245,281,sell
1613,4933,12,-0.015,248,284,sell
1614,4946,-12,-0.022,260,297,buy
1615,4931,7,-0.011,248,282,sell
1616,4939,1,-0.017,255,290,sell
1617,4941,4,-0.019,256,292,sell
1618,4946,-8,-0.022,260,297,buy
1619,4938,6,-0.012,252,289,sell
1620,4944,12,-0.017,258,295,sell
1621,4960,4,-0.027,270,311,sell
1622,4967,5,-0.028,274,318,sell
1623,4973,7,-0.03,279,324,sell
1624,4980,34,-0.033,286,331,sell
1625,5015,-4,-0.043,320,366,buy
1626,5010,-9,-0.031,316,361,buy
1627,4995,15,-0.026,307,346,sell
1628,5015,-13,-0.043,322,366,buy
1629,4995,2,-0.026,309,346,sell
1630,4997,-17,-0.034,311,348,buy
1631,4978,-4,-0.02,294,329,buy
1632,4970,-4,-0.017,290,321,buy
1633,4966,-8,-0.015,286,317,buy
1634,4950,-4,-0.014,278,301,buy
1635,4930,11,-0.011,274,281,sell
1636,4941,-25,-0.021,285,292,buy
1637,4910,5,-0.004,260,261,sell
1638,4915,15,-0.007,265,266,sell
1639,4932,-5,-0.016,280,283,buy
1640,4927,-9,-0.01,275,278,buy
1641,4918,-10,-0.006,266,269,buy
1642,4890,-17,-0.001,256,241,buy
1643,4862,8,0.002,239,213,sell
1644,4872,1,-0.001,247,223,sell
1645,4878,7,-0.002,248,229,sell
1646,4889,-12,-0.004,255,240,buy
1647,4876,6,6.94E-18,243,227,sell
1648,4886,-18,-0.003,249,237,buy
1649,4862,4,0.002,231,213,sell
1650,4867,5,6.94E-18,235,218,sell
1651,4872,5,-0.001,240,223,sell
1652,4878,6,-0.002,245,229,sell
1653,4889,-1,-0.004,251,240,buy
1654,4888,-1,-0.003,250,239,buy
1655,4885,-10,-0.002,249,236,buy
1656,4869,-8,0.001,239,220,buy
1657,4860,7,0.004,231,211,sell
1658,4869,3,0.001,238,220,sell
1659,4875,5,6.94E-18,241,226,sell
1660,4880,25,-0.001,246,231,sell
1661,4911,-4,-0.007,271,262,buy
1662,4906,3,-0.004,267,257,sell
1663,4909,-11,-0.006,270,260,buy
1664,4897,-3,-0.002,259,248,buy
1665,4891,-5,-0.001,256,242,buy
1666,4886,4,6.94E-18,251,237,sell
1667,4891,6,-0.002,255,242,sell
1668,4899,2,-0.004,261,250,sell
1669,4906,2,-0.005,263,257,sell
1670,4909,-3,-0.006,265,260,buy
1671,4906,17,-0.004,262,257,sell
1672,4928,7,-0.012,279,279,sell
1673,4936,-1,-0.014,286,287,buy
1674,4935,10,-0.011,285,286,sell
1675,4945,4,-0.016,295,296,sell
1676,4949,-17,-0.017,299,300,buy
1677,4928,-5,-0.006,282,279,buy
1678,4916,4,-0.003,277,267,sell
1679,4920,4,-0.005,281,271,sell
1680,4925,9,-0.007,285,276,sell
1681,4934,12,-0.011,294,285,sell
1682,4949,-8,-0.017,306,300,buy
1683,4941,3,-0.011,298,292,sell
1684,4945,-10,-0.016,301,296,buy
1685,4934,-7,-0.008,291,285,buy
1686,4927,-4,-0.005,284,278,buy
1687,4916,4,-0.003,280,267,sell
1688,4920,-12,-0.005,284,271,buy
1689,4901,2,-0.001,272,252,sell
1690,4906,8,-0.003,274,257,sell
1691,4915,-1,-0.005,282,266,buy
1692,4914,6,-0.004,281,265,sell
1693,4921,3,-0.007,287,272,sell
1694,4927,-13,-0.01,290,278,buy
1695,4912,2,-0.003,277,263,sell
1696,4916,-12,-0.005,279,267,buy
1697,4901,-1,-0.001,267,252,buy
1698,4890,4,6.94E-18,266,241,sell
1699,4895,1,-0.002,270,246,sell
1700,4900,-3,-0.003,271,251,buy
1701,4895,15,-0.001,268,246,sell
1702,4910,2,-0.005,283,261,sell